latitude,longitude,Salinity,Time,UUID
70.227183,57.70101,28.03,2015-08-28 11:18:03,5ccfb86e-557d-4550-8eeb-3bd95b2f1d48
70.228783,57.710153,28.02,2015-08-28 11:20:33,70f16dab-dff7-4c35-9779-93127156704c
70.230383,57.719198,27.99,2015-08-28 11:23:04,2f907343-5163-419d-a5ec-3839bcea8239
70.231917,57.728003,27.96,2015-08-28 11:25:35,dd0dae05-4b7b-4d0c-a5c3-fdf301c59e46
70.233483,57.736713,27.91,2015-08-28 11:28:06,1ee0d8cc-317a-4a48-aa43-cd9922ce7ce9
70.235017,57.74549,27.92,2015-08-28 11:30:37,4cde6a6d-0a84-41be-8108-84e7f4ae21a5
70.23665,57.75459,27.89,2015-08-28 11:33:08,8821644e-c2f6-41e9-8442-c284066f9bac
70.238533,57.76407,27.86,2015-08-28 11:35:39,c611f19c-9cd2-4965-bf45-781fa94888a5
70.2402,57.773508,27.85,2015-08-28 11:38:10,4c4592f7-1674-45b3-829a-7b969568911c
70.241883,57.782727,27.83,2015-08-28 11:40:41,3b09d611-8f23-422a-9632-3fccb590a1d7
70.243467,57.792017,27.85,2015-08-28 11:43:13,d1cb88fd-c066-461c-8bb4-ef8fa27fa667
70.245133,57.801177,27.85,2015-08-28 11:45:44,394521b8-f78d-4ba2-b47a-f78764e7ffa0
70.246983,57.810345,27.84,2015-08-28 11:48:15,f942052e-8b86-4545-a790-c5e27897f687
70.248717,57.819667,27.82,2015-08-28 11:50:46,ae9f4b31-b5f3-42d6-ab52-15cdb8f6ce44
70.250583,57.829308,27.83,2015-08-28 11:53:18,148238a9-ccb0-449e-a301-fc9358099408
70.25245,57.838935,27.84,2015-08-28 11:55:49,9f2806aa-fc6c-4353-9b47-1a68ad978857
70.254133,57.848568,27.89,2015-08-28 11:58:20,66be46e2-4e7d-4b14-b199-3acbc7c5c08f
70.255833,57.858133,27.91,2015-08-28 12:00:52,fa0e4a1e-1a14-4a82-9a81-8e6347dad091
70.257417,57.867872,27.93,2015-08-28 12:03:23,6bf21647-6da4-4a4e-8d94-6eec107a1aa8
70.25895,57.877598,27.96,2015-08-28 12:05:55,4657dc7a-cb51-4b7b-87ff-e21266e31a67
70.271833,57.958615,28.24,2015-08-28 12:27:58,0d35c385-022b-4b0a-88f0-85ae8a80ea50
70.273567,57.967085,28.24,2015-08-28 12:30:29,be5dd0e8-ba97-497b-8b84-f1efa2774d11
70.275483,57.975847,28.25,2015-08-28 12:33:00,b13aaede-4007-4e20-b6a6-d49b77043361
70.277367,57.984793,28.24,2015-08-28 12:35:31,15f93c31-c9ac-4ab4-9755-03905f20152f
70.2792,57.993852,28.27,2015-08-28 12:38:02,75cbe840-6e55-4fce-bf38-59dbb43e85b7
70.2811,58.003085,28.26,2015-08-28 12:40:33,d521138b-c26e-4c1c-a7cd-abe6029309cd
70.282933,58.012453,28.3,2015-08-28 12:43:04,3167f03b-f128-4ab0-82ec-41900badb258
70.284733,58.021805,28.34,2015-08-28 12:45:34,c7329fce-03f2-4947-bd5c-79a05d8330a0
70.286483,58.0311,28.44,2015-08-28 12:48:05,49fd92d1-d015-4019-83d6-371a3cd95544
70.288217,58.040147,28.52,2015-08-28 12:50:36,94781b70-674d-4c48-9e2e-73755bb586f6
70.2899,58.049152,28.48,2015-08-28 12:53:07,3e5fdbdb-399d-4768-aa7c-74563b909c4d
70.2916,58.058665,28.51,2015-08-28 12:55:37,61382973-422a-4987-bae2-06eef57daf54
70.293333,58.067887,28.83,2015-08-28 12:58:08,2aa78613-d3fd-4a8c-bd2c-8fd727b3f0dd
70.295,58.076707,29.02,2015-08-28 13:00:39,451b3875-3d9f-4d12-ba8a-aee0765d6bea
70.2966,58.085572,29.16,2015-08-28 13:03:10,ed088630-f06a-4e47-85f0-3c2b8be84d4e
70.298283,58.094467,29.14,2015-08-28 13:05:41,9e57afa2-1d6b-4e18-b0b3-35af04a64dba
70.299967,58.103177,29.13,2015-08-28 13:08:12,8b1eac5e-b5f5-4f14-b0f4-e8b334eaa013
70.3017,58.111712,29.12,2015-08-28 13:10:43,e2b6c866-a002-4fb6-b2ad-d7eb863363b0
70.3034,58.1203,29.2,2015-08-28 13:13:14,6538a321-98b8-4001-a7cc-7c6d59eec688
70.305117,58.129065,29.41,2015-08-28 13:15:45,9457c216-c6ac-4136-8909-ba59b4405e83
70.306867,58.13772,29.73,2015-08-28 13:18:15,fa04f006-d10b-456a-aae0-368a4f7c8a2c
70.308517,58.146638,29.69,2015-08-28 13:20:46,6266a9f2-9c79-468a-a10c-2211ddaba6e8
70.31015,58.155437,29.72,2015-08-28 13:23:17,536d06f9-54b8-4ef8-a3e9-c633d47dd31b
70.311933,58.164622,29.95,2015-08-28 13:25:48,8ef9ba44-dcc6-439d-a0a3-21868fdb9cb5
70.313583,58.173945,29.97,2015-08-28 13:28:19,cdf3ca6d-9a20-4aef-b0e6-8afb151fc0ec
70.315083,58.183158,29.95,2015-08-28 13:30:49,8c1a8958-b040-4b12-915b-0a3274c5a6f9
70.316633,58.192212,29.98,2015-08-28 13:33:20,a86d12b9-b3d1-4564-9622-21bd970e273f
70.318183,58.201548,29.98,2015-08-28 13:35:51,7ed278f4-5582-47b6-9446-177c0852c712
70.319683,58.210623,30.02,2015-08-28 13:38:22,9b6f13a7-5c97-403b-a8e0-0e3ec6ea8c24
70.3212,58.219617,30.06,2015-08-28 13:40:53,506ed83a-d261-4e8d-899e-cf1dc1a394b5
70.32295,58.22848,30.13,2015-08-28 13:43:24,c1fae1c5-eae2-434e-a5aa-cff83b28185c
70.324583,58.237218,30.13,2015-08-28 13:45:55,29c136af-128b-41ec-868c-96f8023b0264
70.326183,58.2459,30.08,2015-08-28 13:48:26,ad526b00-a252-42d0-95b0-670fc1b03c8f
70.32785,58.254643,30.08,2015-08-28 13:50:56,853f3851-6e3a-4fd8-bbfc-fe8a384f1a2c
70.329617,58.263447,30.06,2015-08-28 13:53:28,1a0f8291-2811-4564-869a-d636e527a79e
70.3313,58.272333,30.07,2015-08-28 13:55:58,238310e0-a7be-4ae6-b5c8-89c57d048a0a
70.332917,58.281175,30.06,2015-08-28 13:58:29,a851f0a0-65f7-405b-baba-3cca4bdeccd3
70.334517,58.290028,30.05,2015-08-28 14:00:59,1787d026-86cb-4b56-99b6-a3ef6c6001ef
70.33615,58.299108,30.05,2015-08-28 14:03:30,1031f291-c190-47e1-b91c-de3bad8e7560
70.337633,58.308202,30.06,2015-08-28 14:06:01,1d71b430-cc1d-440f-87bb-ed43b4b869d1
70.339133,58.31747,30.23,2015-08-28 14:08:33,9ab7b79d-9b0a-4fbc-969a-563ea5f5f971
70.340733,58.32638,30.19,2015-08-28 14:11:04,7e09f15b-45ad-4a41-bea3-976d8511bee4
70.342317,58.335282,30.18,2015-08-28 14:13:34,76525b3e-eec3-4280-8939-d9a4d6fdeb0d
70.343967,58.344217,30.26,2015-08-28 14:16:06,6702c720-0d99-4ddf-960f-90b6af6f94d6
70.345517,58.352282,30.23,2015-08-28 14:18:36,6a42ab37-d714-42db-a0d5-fdd368cd1509
70.346467,58.35822,30.21,2015-08-28 14:21:07,e84bfa1f-ee4a-4d3c-81e1-f56a34556553
70.347367,58.364238,30.21,2015-08-28 14:23:39,9cedd056-a10d-45ed-bb5c-5e2ad7c1bc2d
70.34835,58.370193,30.21,2015-08-28 14:26:10,d0e1b025-4f0d-4c2d-8a60-6026bf1f302e
70.349217,58.376178,30.18,2015-08-28 14:28:41,64684894-919d-4ad7-86f2-04233bd3f261
70.3502,58.37768,30.17,2015-08-28 15:43:53,f2af116d-f530-4d21-af80-af1e6d0461c5
70.35215,58.375317,30.15,2015-08-28 15:48:09,69265ebc-bbf7-4f52-b6db-fd4a0587d2df
70.352533,58.366918,30.18,2015-08-28 15:50:39,369d0d0d-2559-4f2c-8e01-af9bac660cdb
70.352383,58.356663,30.17,2015-08-28 15:53:10,00ecf176-66a7-4ef5-a892-a47dbf9570e5
70.352467,58.346762,30.15,2015-08-28 15:55:40,e6de7400-e682-44ae-b820-f2450dc2b6e3
70.352617,58.336833,30.17,2015-08-28 15:58:11,724adbd8-563e-4a57-8d4d-bbf42a4c7ecc
70.35295,58.32709,30.21,2015-08-28 16:00:42,b1e0a1f6-2807-4f44-adba-d47d1ee75cd3
70.353483,58.31738,30.23,2015-08-28 16:03:13,2a8d0ed3-db27-4d27-882d-efc2afd540cf
70.353783,58.307867,30.19,2015-08-28 16:05:43,32e1aaca-9c71-4b96-b2a0-b9f00d23ef15
70.35435,58.29856,30.12,2015-08-28 16:08:14,7cab9553-1569-4342-bc10-147b0df1c123
70.354917,58.288988,30.07,2015-08-28 16:10:44,aed37db6-90d9-4ae9-8740-89e4571d1903
70.3556,58.278832,30.07,2015-08-28 16:13:15,bbb2892b-0ac3-4e9c-b5bf-978906adf8a0
70.356333,58.268643,30.05,2015-08-28 16:15:45,06c07b04-2547-4c63-bf17-9b9c22af89e8
70.357017,58.258408,29.97,2015-08-28 16:18:16,cf99d71f-7b2f-4db0-bada-ebbe498b35a9
70.3577,58.2483,29.76,2015-08-28 16:20:46,f1622252-5358-4045-a72e-6b9a94c98683
70.358533,58.238465,29.71,2015-08-28 16:23:17,8b9fee33-17be-477d-b95f-f290955637f9
70.361033,58.210088,29.58,2015-08-28 16:30:23,7b478b11-8c71-4d37-9f99-933a589d87e0
70.361883,58.200388,29.56,2015-08-28 16:32:53,508ce958-64c8-4316-a8e2-fc26b6f75680
70.362567,58.190472,29.46,2015-08-28 16:35:24,3cf210a7-a468-47ce-a6a0-ef80dab712d9
70.363183,58.180727,29.23,2015-08-28 16:37:55,0d6ed733-82ea-4928-a630-1815f9b813d7
70.364067,58.171193,29.15,2015-08-28 16:40:25,7db49363-731b-4d43-b7ad-b4107e697fd4
70.364733,58.161218,29.11,2015-08-28 16:42:55,2d401a34-4c52-439f-bed6-0b18e69ebf3b
70.365583,58.151667,29.13,2015-08-28 16:45:26,fab594dd-1789-472e-b259-949ae9d499b8
70.366467,58.14219,29.1,2015-08-28 16:47:57,6f1793da-c48b-4000-b92f-9c42f3c1d5ab
70.298767,57.622988,28.13,2015-08-28 19:59:16,ca49782f-c563-48b6-9e08-412a526b7776
70.295317,57.620712,28.05,2015-08-28 20:01:46,4b819d0a-6264-47cf-8381-fa68b3e3f146
70.287217,57.615648,27.94,2015-08-28 20:07:40,dc648e69-b904-4a79-bb59-e4e95087c7e6
70.269317,57.605027,27.9,2015-08-28 20:20:29,7aa3c014-353d-4f7d-bc31-d6d5fd2193b6
70.256883,57.597912,27.89,2015-08-28 20:29:27,5190f287-3afa-4fbc-ab8e-73af9535581d
70.248533,57.592968,27.98,2015-08-28 20:35:17,7f4163d2-6f39-4c98-ad4f-c899951e9d62
70.245183,57.591065,28.08,2015-08-28 20:37:48,8cdc2f5f-2f0e-44be-93da-553ee9582dbc
70.241833,57.589118,28.09,2015-08-28 20:40:18,226a51b2-6636-4291-83b3-11436c538185
70.238417,57.587223,28.06,2015-08-28 20:42:49,f1790a46-e0e7-4172-9ccd-84d48eed54dc
70.234867,57.58537,27.98,2015-08-28 20:45:24,e682154b-344a-4e23-b453-839bc85bf302
70.224233,57.578743,27.9,2015-08-28 20:53:11,34f27d9c-c725-440f-8e0f-37437d165504
70.220867,57.576792,27.93,2015-08-28 20:55:42,52ba8a69-e5e4-4485-926d-90bda031f3b5
70.217433,57.575078,28.07,2015-08-28 20:58:13,7f8457bc-9576-4951-8b75-ad5b94556d81
70.213967,57.573337,28.04,2015-08-28 21:00:44,e98658ab-2496-4d40-a378-038d8780c181
70.203667,57.568008,28.02,2015-08-28 21:08:19,2aedbd3b-cd5c-4358-9177-e23f15be7f12
70.200917,57.562887,28.04,2015-08-28 21:10:50,ac95b3b9-c700-486d-88bf-e80cfa658a6c
70.207817,57.582845,28.03,2015-08-28 21:22:31,147da177-6a5b-4ee1-a64a-70e3ddfed0a2
70.210117,57.591758,28.04,2015-08-28 21:25:02,c7bacbce-7f3d-4de6-bf56-b97abc52d79d
70.2125,57.60074,28.05,2015-08-28 21:27:33,97ad324a-2a3d-4a80-b9bf-7401269c84a9
70.214883,57.609485,28.08,2015-08-28 21:30:05,463af3f8-349e-4506-a849-cc8fcdc8949d
70.217017,57.617517,28.09,2015-08-28 21:32:36,f192c599-7762-44ca-836a-78565a099685
70.219217,57.625633,28.09,2015-08-28 21:35:07,d424cfd8-d284-4803-9fa4-a21a235b6423
70.2215,57.633902,28.09,2015-08-28 21:37:38,2877470b-be62-4b73-9e0c-af1243af4bca
70.223733,57.64207,28.06,2015-08-28 21:40:09,4308179a-ab1c-4321-89e1-d12609e3fcb6
70.225933,57.650258,28.06,2015-08-28 21:42:40,76a80106-0562-4e53-8e5f-83b045d27b18
70.2281,57.658105,27.97,2015-08-28 21:45:11,1191f77b-c6e4-4206-b9af-ba61e233c585
70.230283,57.665965,27.91,2015-08-28 21:47:41,ed4907dd-54ca-418b-a004-bdd8943202e7
70.2325,57.6742,27.89,2015-08-28 21:50:12,da7a30a0-6db4-46c6-8d09-0505d52edcd2
70.2347,57.682547,27.89,2015-08-28 21:52:44,cb60f7bf-dce8-4dbd-be15-f692eb7c4f67
70.23685,57.690963,27.92,2015-08-28 21:55:14,30ceaeaf-3228-44ac-b2c6-940dc0e4522a
70.239083,57.699398,27.95,2015-08-28 21:57:45,109274e9-1990-4149-9252-c7891bcae510
70.24135,57.707737,28.01,2015-08-28 22:00:16,e1864cfd-fdc9-40c3-86e9-b16e065f7f77
70.243567,57.715833,28.14,2015-08-28 22:02:47,ae45fce6-de73-4270-8ec3-8cccda66d1c4
70.2457,57.72392,28.11,2015-08-28 22:05:18,c769fba2-c886-43ed-b27b-86fb0a8ba846
70.248033,57.732327,28.06,2015-08-28 22:07:49,f8c5d8d5-dd7e-421d-8b75-b67d40d69986
70.250217,57.740685,28.04,2015-08-28 22:10:19,d3105726-10e8-4e9c-ac45-45dc3f167ad2
70.252433,57.749083,28.02,2015-08-28 22:12:50,e333d165-b800-4b0a-8474-9d2f8d69576c
70.254683,57.757313,28.0,2015-08-28 22:15:21,dc20c8d7-eacf-4a69-95e7-2ede4c4091b5
70.256933,57.765647,27.97,2015-08-28 22:17:52,3446824f-d4da-44a1-9b0f-c772d6622345
70.259167,57.773952,27.91,2015-08-28 22:20:23,91a0f4d0-3539-48b6-b645-5976809cecae
70.2615,57.782008,27.86,2015-08-28 22:22:54,91accd2c-c34c-426a-9ce3-2712a0c2c32c
70.263883,57.790018,27.83,2015-08-28 22:25:25,dd9d8a85-96a2-4aab-9a63-7f1143a17eea
70.266283,57.798215,27.8,2015-08-28 22:27:56,00ed032a-a676-4c79-bbe6-254b1b890932
70.2686,57.806355,27.8,2015-08-28 22:30:27,2689cd0b-944d-418d-bf8a-b9dbc990fba9
70.270833,57.814637,27.86,2015-08-28 22:32:58,fbc249fa-7f78-4b82-9432-18ae34d2715d
70.273067,57.822788,27.96,2015-08-28 22:35:29,2bdb7a7e-4f41-499f-bb7b-0bdd2927aae5
70.275317,57.830932,28.05,2015-08-28 22:38:00,c73667ab-0391-4646-92fd-c795e0c4df01
70.277467,57.838928,27.87,2015-08-28 22:40:31,5cfea620-afd9-462d-a62e-94ca9e4899c1
70.27975,57.847035,27.86,2015-08-28 22:43:03,a2bb34e1-2c08-4852-99b6-d28ead4ebb1c
70.282,57.85525,27.86,2015-08-28 22:45:34,3c2f7d72-aace-4c6a-807f-414a3edd26ed
70.284233,57.86355,28.01,2015-08-28 22:48:05,2a86eeb5-3697-4118-a794-25996465ce72
70.286367,57.872057,28.17,2015-08-28 22:50:36,3b4b8630-1239-4430-91a7-07ae87d77fb3
70.28845,57.880663,28.14,2015-08-28 22:53:07,b37b5cf5-250c-4c31-9353-d52bb9c7decf
70.290517,57.88939,28.14,2015-08-28 22:55:39,e681e318-95f5-4c96-89d3-e6379429df34
70.2927,57.897645,28.13,2015-08-28 22:58:10,1aac6e12-9e10-4397-af1e-2a29df63855d
70.295033,57.905635,28.12,2015-08-28 23:00:41,1af5e8e6-bd74-4775-88f3-d5fd1a70a67b
70.29735,57.913768,28.08,2015-08-28 23:03:12,71b08b27-53d8-4ac4-815b-29feef799faf
70.299567,57.922023,28.18,2015-08-28 23:05:43,7cf7b364-4668-418f-96e6-13fcdfd0b0a0
70.30195,57.930183,28.16,2015-08-28 23:08:14,fb4fb999-6897-4838-a1e0-73a3c0171831
70.304233,57.938508,28.19,2015-08-28 23:10:45,f26a901d-fbf0-4be8-b61e-d807ebb3b3ee
70.306567,57.9467,28.23,2015-08-28 23:13:16,2846016d-127c-452c-8a61-a40a8ea339a1
70.3088,57.954878,28.25,2015-08-28 23:15:47,615daf4e-4ac9-4731-85dc-e81b5cb535a5
70.310983,57.963057,28.3,2015-08-28 23:18:18,78cf2cdf-8101-4198-b4ee-dc91202eae53
70.313317,57.971237,28.35,2015-08-28 23:20:49,fe7ee0a3-e88b-4212-b387-049ceea65da7
70.315667,57.97955,28.38,2015-08-28 23:23:20,4adb9530-2473-46f7-8088-36dc3682eb77
70.318333,57.986293,28.42,2015-08-28 23:25:51,faca1107-3123-4b75-b590-c1a9d6b3779d
70.321683,57.989888,28.43,2015-08-28 23:28:22,be14e65c-8c47-408a-bd65-3d1d26bc365f
70.3251,57.993837,28.44,2015-08-28 23:30:52,27a73b65-cba5-4ced-aa76-99291847b3ec
70.328433,57.99761,28.42,2015-08-28 23:33:23,1681b3ad-1445-4231-a872-7005fa31c7e8
70.331667,58.001045,28.43,2015-08-28 23:35:54,43fce7a9-747f-4ec4-8a0f-506a257894b5
70.334933,58.004523,28.41,2015-08-28 23:38:24,e5569bda-12ea-4dd0-9bf1-0bad7b201808
70.3383,58.008007,28.4,2015-08-28 23:40:55,2a907ef2-03aa-4f0b-8319-333c09800661
70.341617,58.01155,28.42,2015-08-28 23:43:26,f8e313ba-9049-4368-b0ba-54196ebb0179
70.34495,58.015055,28.49,2015-08-28 23:45:56,96916b82-787f-467d-a101-fd193447b4e7
70.34835,58.018712,28.56,2015-08-28 23:48:27,4b532128-aa9c-4fd0-abfa-fa4b7656a318
70.351717,58.022385,28.56,2015-08-28 23:50:58,fab78c83-b9e9-434f-a41c-314c0cc2c78d
70.355033,58.025995,28.52,2015-08-28 23:53:28,5c8a8571-0d74-4d7d-bfee-f5ec0fc5542d
70.358417,58.029535,28.51,2015-08-28 23:55:59,e9ad7c58-3d9e-4a24-ab04-529d9d30dd78
70.3619,58.033055,28.6,2015-08-28 23:58:29,6aec59da-0c8b-4257-9e92-f4c256215ea0
70.365283,58.036568,28.65,2015-08-29 00:01:01,589513a5-a79e-49c9-8558-9073b23a06f6
70.368517,58.039867,28.55,2015-08-29 00:03:32,8f643de1-3e7d-4a94-869c-7e4c4fd23b86
70.371717,58.04317,28.46,2015-08-29 00:06:03,4ba127e4-e0a7-4e7c-a311-dccc216eab27
70.3749,58.046545,28.47,2015-08-29 00:08:34,fc2e2ec9-0704-47d1-b1bb-cc84c2fe3803
70.378083,58.050005,28.57,2015-08-29 00:11:04,407b1c29-3b5d-42a4-a97d-8e21198c8f43
70.38135,58.05344,28.63,2015-08-29 00:13:35,535bd2e7-f454-43c0-92d5-10a4e236cdf6
70.384633,58.056897,28.67,2015-08-29 00:16:06,1c4679d3-4c12-47f7-91ba-d5be62510808
70.387933,58.060305,28.72,2015-08-29 00:18:37,0e911075-7d70-496f-bb28-a10283d28978
70.391233,58.063837,28.71,2015-08-29 00:21:07,aed42fb5-a939-49c3-9efc-eca0bd8e6c02
70.3945,58.067303,28.69,2015-08-29 00:23:38,cf524b2d-8004-4de5-90d9-57ea144d5db5
70.397783,58.070585,28.67,2015-08-29 00:26:09,ba91f77e-c382-4201-8b3a-8235de716e66
70.401083,58.073768,28.6,2015-08-29 00:28:40,d5bfaedf-601f-4bda-8721-ecd466f22e97
70.4044,58.076823,28.59,2015-08-29 00:31:11,80d4b8b7-5b40-4135-bd08-e6ab1b214a3d
70.4078,58.080168,28.62,2015-08-29 00:33:41,f49db24e-59b4-4765-a412-d3d51f4fae5b
70.4112,58.083685,28.64,2015-08-29 00:36:12,6b15d791-4ebf-4ce7-8e96-828c205550ed
70.414533,58.08732,28.58,2015-08-29 00:38:43,67e06135-f03b-45c0-9380-1651ebc15d6b
70.4178,58.090862,28.51,2015-08-29 00:41:13,778a4507-d33a-49b9-a921-5b2c5a85769c
70.421083,58.094308,28.5,2015-08-29 00:43:44,98324b8e-3fc7-4474-a336-332f88b7e883
70.424417,58.097963,28.5,2015-08-29 00:46:15,80849d66-f48a-4276-83ee-63b44eea1b67
70.4277,58.101617,28.49,2015-08-29 00:48:47,2b97adc8-fca7-4266-9778-23b1d66ceff8
70.43095,58.105398,28.5,2015-08-29 00:51:18,ebde8e4b-74b9-4367-a697-a57844074489
70.434167,58.109135,28.49,2015-08-29 00:53:49,7bd583e4-b21d-4d5f-abae-b482456b1040
70.437383,58.112973,28.51,2015-08-29 00:56:20,851d2070-efa5-4ba1-976f-6924bf824e05
70.440567,58.116683,28.49,2015-08-29 00:58:51,458d40ac-c158-41e6-a386-b89162900255
70.44365,58.120155,28.46,2015-08-29 01:01:21,636bc4b7-29e7-41e2-9a0c-fee6900059a2
70.446567,58.124123,28.45,2015-08-29 01:03:52,189be333-9cc0-4b33-8a32-cd2b558cb4f7
70.449383,58.129168,28.44,2015-08-29 01:06:23,03252180-01ac-4c09-b5d3-2968d483bc5c
70.452317,58.13415,28.45,2015-08-29 01:08:53,2e7ca001-8534-4c5c-9925-035b2fa0e0eb
70.455517,58.13897,28.54,2015-08-29 01:11:24,bef7f55e-640d-42a8-8cb9-2c241b9ab678
70.458617,58.143823,28.6,2015-08-29 01:13:55,06a16d25-a99d-4499-8b6a-8ea8c456f5fc
70.461617,58.148493,28.67,2015-08-29 01:16:25,1adf49c4-a2e3-4cdf-a7f7-9fe6fb85bea9
70.464633,58.153232,28.64,2015-08-29 01:18:56,819128df-f5fa-4c3f-81d1-2ae3138a991d
70.467683,58.158113,28.67,2015-08-29 01:21:26,fb0ea09f-bd53-4c8a-a8a9-4d66c7ab0b5e
70.47065,58.163183,28.75,2015-08-29 01:23:57,f8d5e681-a76d-4450-9d07-dc06a2671806
70.473683,58.168312,28.78,2015-08-29 01:26:28,4c2a2e1e-5c03-4d25-9875-2b8ba1f62b74
70.4767,58.173535,28.82,2015-08-29 01:28:58,bc734f9d-64f0-467f-a79d-d5372bbce4a6
70.479683,58.178472,28.88,2015-08-29 01:31:29,a5bd5cd7-6423-4878-91a4-2aaedb3c8f76
70.483,58.18384,28.88,2015-08-29 01:34:15,4f0efd99-9e30-4175-a8c6-47873f5a4ca0
70.486,58.18845,28.87,2015-08-29 01:36:45,236ce8e9-9071-4aac-952e-9c8772a9eeb6
70.489067,58.193255,28.92,2015-08-29 01:39:16,5530bfe6-1a7d-4f4c-979c-d6cb0e8cb5ee
70.492167,58.198042,28.88,2015-08-29 01:41:46,bc01d863-c60f-4468-98c3-f44998fcf789
70.495283,58.20262,28.85,2015-08-29 01:44:17,27443ee6-0873-4b0f-9c04-3925ebe0b4ad
70.498333,58.20749,29.08,2015-08-29 01:46:48,21df06de-8b22-4ad4-83cb-470bf9dfe4a9
70.501317,58.212093,29.38,2015-08-29 01:49:18,4000fcac-13e7-4b62-9ece-fef5a737de82
70.504417,58.216612,29.51,2015-08-29 01:51:49,ae7824f3-4608-4b68-9b5f-16738fc42a81
70.507533,58.221322,29.5,2015-08-29 01:54:19,4159b177-9f2f-46e4-a923-c4a63e64cb42
70.510567,58.22626,29.47,2015-08-29 01:56:50,fb2752bd-7911-4711-b2ae-a02d0b3945f1
70.513517,58.231293,29.28,2015-08-29 01:59:21,ff94b306-9e7c-4a70-84eb-7cfed34595f0
70.516417,58.236398,29.2,2015-08-29 02:01:51,9582ca71-cfdf-41d2-9989-32d56b78716f
70.51935,58.241728,29.22,2015-08-29 02:04:22,c0e948ee-9371-4751-96cd-85b897ca6e76
70.522333,58.247262,29.26,2015-08-29 02:06:52,7fc83710-39da-47ba-b946-17652dff5cb7
70.525333,58.252667,29.21,2015-08-29 02:09:23,6b18e4ac-ba27-4dac-9f9a-9ce2b0b6289e
70.528317,58.258178,29.21,2015-08-29 02:11:53,ec02a7fe-ec93-4bef-b252-46e5529c1321
70.53125,58.26377,29.2,2015-08-29 02:14:24,410c5aab-4ab0-4d41-a888-e50552386911
70.534233,58.269453,29.21,2015-08-29 02:16:55,90860669-4311-49e1-8775-2a8f467eac81
70.537217,58.27511,29.22,2015-08-29 02:19:26,631d2f8d-e65e-4ca8-8d47-11c3cfcf5dc2
70.5403,58.280553,29.24,2015-08-29 02:21:56,40ac125e-2d6d-4544-82a4-aba8d2e4aab6
70.543467,58.285927,29.29,2015-08-29 02:24:27,abf7aee6-1fbc-4e80-912f-877d36e9ca30
70.54655,58.29123,29.27,2015-08-29 02:26:58,c60bdefb-c5e6-4b0b-84ff-4cea1720532d
70.549667,58.296447,29.26,2015-08-29 02:29:29,bc7d891c-91d9-4170-aec3-d3bea6ca0f06
70.55275,58.301665,29.26,2015-08-29 02:31:59,b5381ae7-0286-4907-b7a2-5919f5399f67
70.555733,58.306697,29.38,2015-08-29 02:34:30,ea325c43-9e7f-4e04-9092-a71bdbc0c40c
70.558767,58.311603,29.4,2015-08-29 02:37:00,7a7f2299-229f-4d48-8490-72b19f425223
70.561767,58.316732,29.4,2015-08-29 02:39:31,64a9ceb7-0f24-4586-b8c2-c1b6a826b0bc
70.564767,58.321767,29.38,2015-08-29 02:42:01,d8d1d3bc-91f8-4355-b9da-11a1891c5cc4
70.567783,58.326728,29.36,2015-08-29 02:44:32,ffe0e809-c053-45e4-aeb6-b4ef7aa80e56
70.570867,58.331727,29.37,2015-08-29 02:47:02,e60d4c03-304d-45c2-9be1-e48bcc271cd6
70.57395,58.33684,29.38,2015-08-29 02:49:33,00e825f8-0a1e-4076-8541-dbf11d07b1d4
70.576983,58.34172,29.36,2015-08-29 02:52:03,00cd7c25-9324-4380-bf07-e2d98d46898e
70.580067,58.346488,29.36,2015-08-29 02:54:34,e1711527-7a23-4b4e-84f2-fa0b3d3c3845
70.58315,58.351327,29.34,2015-08-29 02:57:05,bd703458-3217-432b-8658-d8325ae93ef6
70.5862,58.356222,29.34,2015-08-29 02:59:36,f688127c-7c4d-4c05-a650-706cfbb44de3
70.58925,58.361137,29.3,2015-08-29 03:02:07,78a0885c-462d-49c1-ab93-a767cd8dca19
70.5924,58.36596,29.3,2015-08-29 03:04:37,36627489-31a8-4f8c-b40f-ceca73cd6a15
70.595483,58.370318,29.09,2015-08-29 03:07:08,6ca9ffad-21fc-40dc-bff9-65372ce0a259
70.598567,58.374888,28.89,2015-08-29 03:09:39,015612b0-4e12-46db-b951-d2ac5a1a2b03
70.6016,58.379648,28.87,2015-08-29 03:12:10,36ddad37-cea6-4bec-9f48-6d1224cbdcb9
70.60465,58.384738,28.93,2015-08-29 03:14:40,4eceb904-9637-4531-b6ce-23acd82c6e6b
70.60765,58.389847,28.97,2015-08-29 03:17:11,506b0ee9-2ec9-47ad-b66c-1d04f1db92ce
70.610683,58.395112,28.95,2015-08-29 03:19:41,c199d95e-8e97-4743-9ded-cf86a6e9928a
70.613717,58.40042,28.94,2015-08-29 03:22:12,d9f2e1d3-9f83-4b42-9735-cf0c3727d6e1
70.616717,58.405992,28.95,2015-08-29 03:24:43,39aaa6b0-e1f7-4192-a942-eaf72b98ee67
70.619683,58.411735,28.89,2015-08-29 03:27:14,193e82d1-1415-4c49-be80-7387e7fbba35
70.622717,58.417618,28.86,2015-08-29 03:29:45,392f4508-ed02-4619-b517-719ca39a5fe5
70.625717,58.423487,28.84,2015-08-29 03:32:16,68239ca0-f6e7-4b7a-ac3c-f6e329381dc8
70.628717,58.42957,28.8,2015-08-29 03:34:47,def1a7fe-3ad8-441c-82dc-ad4c703e21fb
70.631633,58.435502,28.76,2015-08-29 03:37:17,104636f3-536c-4335-a64f-c6a6962a1552
70.634517,58.441395,28.79,2015-08-29 03:39:48,f7694794-9997-463c-84ed-a8a0e0c39b28
70.6374,58.44716,28.69,2015-08-29 03:42:19,4aee182a-7b43-4b29-a5d6-a40e2ce86511
70.6403,58.453062,28.65,2015-08-29 03:44:50,41e15114-e857-4213-b235-bd6bb5e5e84d
70.643167,58.459015,28.63,2015-08-29 03:47:20,1fee384e-6eae-4702-bab0-4861d5cc5b0a
70.6461,58.465092,28.63,2015-08-29 03:49:51,2878fe18-ec84-4708-8f3d-bdd8e9350752
70.648983,58.471032,28.62,2015-08-29 03:52:21,f4e51cfd-ce54-4235-92d2-8916e88ce19e
70.6519,58.476592,28.57,2015-08-29 03:54:52,9ab61601-8791-4bb2-afd1-9dd0093b90a7
70.6548,58.482265,28.56,2015-08-29 03:57:23,bfe7b658-aa5a-4968-8a7e-e81a61016d46
70.657733,58.487898,28.58,2015-08-29 03:59:53,6745fac2-d3cb-4791-914f-ad53927b8065
70.660633,58.493517,28.57,2015-08-29 04:02:24,030ba431-ffe0-417a-953e-1666142b2110
70.6636,58.498955,28.61,2015-08-29 04:04:55,7815aec1-bd85-4441-96d3-5b8af80850c5
70.6665,58.504347,28.62,2015-08-29 04:07:25,e0a8dd9f-41a7-4a63-b263-abfb285eb226
70.6694,58.509692,28.62,2015-08-29 04:09:56,ef73115d-e07f-44d5-be03-bd51bfbd7230
70.6724,58.514842,28.63,2015-08-29 04:12:27,b639a49c-3c23-4370-9caf-64aeeeb372e8
70.675383,58.51991,28.64,2015-08-29 04:14:57,7d9a7fb6-da10-4164-9f6f-283fcc866a0f
70.678367,58.524918,28.59,2015-08-29 04:17:28,b3ca50cd-09b7-48ad-9040-66ba77bb8a5e
70.681383,58.529948,28.54,2015-08-29 04:19:58,fd984600-68a9-432a-b390-0a31094b51a7
70.6844,58.53499,28.49,2015-08-29 04:22:30,6d2f1200-fe1f-4155-8320-86a4675bbc9a
70.6875,58.539983,28.49,2015-08-29 04:25:00,7571c690-6d6e-401a-aba8-4734ed67cfe8
70.69055,58.544815,28.49,2015-08-29 04:27:31,efe8106d-35a4-43b1-bd2e-7f1e4f31491d
70.693717,58.54937,28.53,2015-08-29 04:30:02,f524f574-08d0-4e78-b5dd-2253bdb6cd28
70.696883,58.553607,28.63,2015-08-29 04:32:33,341a1cc7-51a5-479b-9b29-dc0d8dc0a2a9
70.700083,58.557788,29.14,2015-08-29 04:35:03,1cbb567b-215d-42cf-9842-7e894f42aa90
70.703233,58.561785,29.31,2015-08-29 04:37:34,0b11810d-7596-4c7a-bbe4-cdd14751110a
70.706283,58.565842,29.23,2015-08-29 04:40:05,20766af1-dbff-4804-ab13-92777b815ee7
70.709367,58.570055,29.28,2015-08-29 04:42:35,5aebc8ec-185c-402a-b5e3-65823ecc8d3c
70.712467,58.574387,29.35,2015-08-29 04:45:06,3474c267-9b7e-4fff-821c-ba0cbb0489cf
70.71565,58.578802,29.45,2015-08-29 04:47:36,930e120d-0da1-4e47-9ada-53c67c9a0187
70.7188,58.583482,29.57,2015-08-29 04:50:07,b9f0c909-b747-4fe1-8613-09622037030a
70.72195,58.588422,29.72,2015-08-29 04:52:37,1e328dce-a440-4841-bfd0-83afc39da855
70.725017,58.593283,29.75,2015-08-29 04:55:08,98491d2c-7c7e-48b2-92ae-8f3c4ae66918
70.728,58.598065,29.65,2015-08-29 04:57:38,675b0fc1-bca9-4a50-81aa-89a01f862aee
70.73105,58.603002,29.58,2015-08-29 05:00:08,d73a6bc2-6339-442e-bc9e-6383a53bdc67
70.734017,58.608083,29.49,2015-08-29 05:02:39,f7f242d3-f121-4c39-b259-6839ca5d5fe4
70.737017,58.613293,29.44,2015-08-29 05:05:09,e6919f85-d294-49f1-998d-00e2a312c867
70.739933,58.618433,29.4,2015-08-29 05:07:40,85715696-c7fb-44a5-b8d2-9e9eeb511303
70.742917,58.623638,29.37,2015-08-29 05:10:10,7989e17b-d904-455f-b690-6cb469d14043
70.74585,58.628665,29.33,2015-08-29 05:12:41,39af4bcf-e8a9-4c83-b7ed-3ff43c63a783
70.748783,58.633875,29.29,2015-08-29 05:15:11,8f234adf-f795-4d61-8263-d9838c5158c0
70.751717,58.639185,29.27,2015-08-29 05:17:42,18387321-da22-470d-a128-a20c6c1de475
70.754617,58.644428,29.26,2015-08-29 05:20:12,1a21138f-5d69-493a-ab8d-dcc5fe47ad69
70.756867,58.648428,29.28,2015-08-29 05:22:43,ef398952-01d3-4733-983c-830e5e2864c8
70.7649,58.661422,29.25,2015-08-29 05:49:04,ffbee43f-c823-4ad3-b70d-d96676fe6b0a
70.767367,58.667832,29.25,2015-08-29 05:51:34,1f40b153-8f56-424c-b590-75bb7651364f
70.770883,58.677275,29.27,2015-08-29 05:54:05,af8fb996-c744-46ee-91a3-9d027498bdf3
70.774583,58.687893,29.35,2015-08-29 05:56:35,c4ad5623-c2d6-4ade-9b05-6343c3abd7d7
70.778517,58.69937,29.37,2015-08-29 05:59:06,c0d826e9-7665-433d-acbb-66cfc6479bc6
70.78265,58.711425,29.49,2015-08-29 06:01:36,e5895dc2-4877-49cf-8f5b-fe9cf22b9226
70.7869,58.72382,29.54,2015-08-29 06:04:06,fd3d1731-6014-4ad4-9b58-9570cf29e90f
70.791183,58.736172,29.5,2015-08-29 06:06:37,b9d84550-34f2-4196-a9b1-65160ffd8d81
70.79555,58.748625,29.53,2015-08-29 06:09:07,da2d73c6-167a-4490-b1a3-4643aa3a790f
70.799917,58.760833,29.65,2015-08-29 06:11:38,f81d9255-ec7c-42c1-bbb8-0460ea54319a
70.804167,58.77302,29.66,2015-08-29 06:14:09,db152572-cb3f-49ba-9990-9ae75ba21cbc
70.8085,58.785148,29.87,2015-08-29 06:16:39,700ad21e-6da0-47a7-9e4e-ff6fb1869286
70.812767,58.797285,29.84,2015-08-29 06:19:10,2e4fc715-c59b-4d21-a5ab-4c48dc63befc
70.817017,58.809573,29.71,2015-08-29 06:21:40,4f53ad42-fc9e-4bca-9003-8fd7578d18bc
70.821283,58.82163,29.65,2015-08-29 06:24:11,d0fb37b1-848e-459e-80a8-2826265b3ca9
70.825533,58.833883,29.59,2015-08-29 06:26:41,060232f2-3174-4a4c-8943-3b9d70dd4a0d
70.829817,58.846408,29.49,2015-08-29 06:29:12,b5f6c4fd-16c3-4b21-addb-3d00debdeaab
70.834017,58.859002,29.46,2015-08-29 06:31:43,2075b9f4-01da-49e7-a684-ff06e86d3022
70.838117,58.872198,29.47,2015-08-29 06:34:13,9abeca25-63f0-4ef3-b98a-426abca43d07
70.8422,58.885538,29.45,2015-08-29 06:36:45,6c44a427-5751-4b44-b8ed-dcabc2ca4829
70.8463,58.898793,29.43,2015-08-29 06:39:16,c202e831-cdca-4db4-9299-0acd1bd98ca9
70.850617,58.911252,29.44,2015-08-29 06:41:46,f50167db-0991-4011-91ae-815f1b260788
70.85495,58.923655,29.46,2015-08-29 06:44:17,a06f7f5d-fd60-4238-a5dd-c10e9af4f6b6
70.859283,58.936243,29.48,2015-08-29 06:46:47,08d734e4-cc57-4a48-bfac-78b11f899d8b
70.863633,58.94896,29.47,2015-08-29 06:49:17,fbd6c4eb-0152-40a0-9d3b-0e7a10fd63b3
70.868017,58.961445,29.51,2015-08-29 06:51:47,5cb7cf47-be0f-46d2-b800-bc1bcaa65b5f
70.872467,58.973872,29.53,2015-08-29 06:54:18,cae5e5fe-8396-4692-90cf-66feed30764c
70.87685,58.986073,29.56,2015-08-29 06:56:48,48025211-9b44-433c-8aab-c2a221a6a868
70.880617,58.99683,29.56,2015-08-29 06:59:19,5ddec987-18da-4d7d-8ca4-952030108821
70.88355,59.004802,29.59,2015-08-29 07:01:50,acd23d68-a252-4925-a232-b26b2f7010b0
70.885483,59.01025,29.6,2015-08-29 07:04:21,bd9c21d4-143e-4692-8e86-4cfcfba8c529
73.016467,60.940838,31.09,2015-08-31 07:37:33,ed7e5289-31d3-43d7-909e-55a5ab9ec65f
73.018633,60.95032,31.39,2015-08-31 07:40:04,5b9afc9b-837c-4412-9917-b639e60d65b5
73.020783,60.95978,31.44,2015-08-31 07:42:36,26dd6d58-16d7-4c2b-a980-21bdaf02198a
73.02295,60.969043,31.41,2015-08-31 07:45:07,f6aa279f-773a-4aeb-ac4d-575eb21ff660
73.025217,60.978802,31.43,2015-08-31 07:47:41,33f742dc-af29-4125-8852-092449d199a6
73.027483,60.98824,31.41,2015-08-31 07:50:14,c777d999-0e4e-41c8-98c3-685bc1464a76
73.030283,60.999828,31.45,2015-08-31 07:52:44,756e2502-426c-4458-adbb-f1f8baeab708
73.03345,61.012718,31.35,2015-08-31 07:55:19,3815d008-8cea-43d3-a1fe-b4eaa111d9eb
73.03655,61.024777,31.28,2015-08-31 07:57:52,66170b9c-d0bf-4ce5-9edf-954d9b392552
73.040067,61.038282,31.26,2015-08-31 08:00:26,657e2523-3be6-4252-9cbc-8b7caf2756c6
73.043467,61.053278,31.24,2015-08-31 08:02:57,964adcf3-af49-49a6-9b99-de150824505a
73.0469,61.068987,31.24,2015-08-31 08:05:27,ef41a662-d9a0-47b5-ab30-4bdf6df74ce2
73.05035,61.084982,31.28,2015-08-31 08:08:02,849cf6aa-8435-40b1-9520-6338c5aef861
73.053783,61.101097,31.33,2015-08-31 08:10:33,1155816f-975e-423c-8fa9-db774f782f16
73.057167,61.117127,31.35,2015-08-31 08:13:09,93531572-aac9-449c-95ff-6aaa1b7ceb94
73.060633,61.133785,31.36,2015-08-31 08:15:40,3e95361b-a16d-462d-a7bc-1ffcca922c43
73.064233,61.150087,31.39,2015-08-31 08:18:15,e1200741-9683-4448-bc2c-445690686ec0
73.067567,61.165337,31.39,2015-08-31 08:20:50,bf3f0914-c7af-4c5a-ac1d-964826538ec4
73.070967,61.181068,31.4,2015-08-31 08:23:21,6bef1cb9-59cd-4e87-b9f5-b6e7d52c559e
73.074317,61.196812,31.39,2015-08-31 08:25:53,3fe13391-a03e-42d2-b3ce-fcba3ff6ed36
73.077617,61.212202,31.4,2015-08-31 08:28:24,fff1b965-8318-4d26-9e77-48b53a3dc260
73.081083,61.228003,31.44,2015-08-31 08:30:59,ff8f3d68-7eaf-455c-93f7-a69c550e1604
73.08455,61.243983,31.41,2015-08-31 08:33:34,5668ecee-8b84-44d3-9e11-8db65051782e
73.088,61.25967,31.39,2015-08-31 08:36:07,97897bf2-9476-40e2-84b4-0bd9e1507976
73.09165,61.276347,31.39,2015-08-31 08:38:37,941eade7-d238-44c1-919c-db9e711b9a74
73.096033,61.295692,31.4,2015-08-31 08:41:12,d8e84386-8ef6-45f9-824c-a75c02634809
73.099417,61.310943,31.4,2015-08-31 08:43:46,6efd91f6-8043-4e3b-8d43-4913e20ce14a
73.102067,61.271492,28.48,2015-08-31 11:41:52,c340877a-aa40-4ba2-b609-83a8b301b9d7
73.103583,61.252613,31.38,2015-08-31 11:44:25,bd6e40e7-a67f-4ca7-a0a1-0f9a65ae45d8
73.104967,61.234957,31.34,2015-08-31 11:46:56,40f862a4-dfec-42bb-80e1-54df4bd66397
73.10625,61.217942,31.33,2015-08-31 11:49:28,6a49a269-3a8b-40c3-a7e5-7ae008f7048e
73.107133,61.206748,31.36,2015-08-31 11:52:01,ebef62e4-2621-4a45-8cc1-7167f4ec60f7
73.107683,61.200172,31.37,2015-08-31 11:54:34,6f0665c0-4473-421e-9ec7-5c700ef4d6af
73.12575,61.297933,31.38,2015-08-31 13:29:27,2c77f2b4-d235-4ac2-b7f2-fa62b7c019f3
73.128867,61.307305,31.47,2015-08-31 13:32:01,92b0149d-09a9-42c2-91fc-c7e36858fd77
73.132233,61.317325,31.43,2015-08-31 13:34:34,43028284-b878-49b2-90b4-de2e113c4fa5
73.1364,61.329835,31.39,2015-08-31 13:37:04,64f1d042-aa6a-497c-a64a-28e0e451bb13
73.140967,61.343468,31.38,2015-08-31 13:39:39,30285730-b8cc-44c5-827a-730d51a459ac
73.145833,61.358013,31.39,2015-08-31 13:42:11,94641c76-61f3-4809-839c-0777f7b1a87a
73.150817,61.372895,31.39,2015-08-31 13:44:42,cb0b69bb-6804-49c6-b268-1ebfa1089c48
73.15575,61.387747,31.38,2015-08-31 13:47:15,4b5214df-79c6-44b6-8ad9-cfc4516b16a4
73.160517,61.402162,31.39,2015-08-31 13:49:46,763699f0-08dc-4212-97e6-a8ea3b971d47
73.165367,61.416692,31.39,2015-08-31 13:52:18,8b351a41-568d-4e94-8137-19fa13e7cf69
73.170233,61.431238,31.38,2015-08-31 13:54:50,a253b516-d659-44ff-91eb-b30cfe9bd195
73.174983,61.445583,31.41,2015-08-31 13:57:21,05b9b7db-d67b-4334-9fc7-c6fc635c01da
73.179717,61.459952,31.42,2015-08-31 13:59:51,8c25da5e-b046-4b75-a133-77a894517663
73.184517,61.474448,31.41,2015-08-31 14:02:22,db1e98eb-2bc6-4abe-9123-e548978d7376
73.189283,61.488953,31.38,2015-08-31 14:04:53,69a02f96-1ccd-48db-b5a7-5bce2cb40179
73.1939,61.503193,31.39,2015-08-31 14:07:25,412fa50e-7f0c-480d-8f53-6b86e38fa639
73.198883,61.518365,31.42,2015-08-31 14:09:56,12c68ead-7e49-4474-a09a-361bddcf92a8
73.203683,61.533002,31.4,2015-08-31 14:12:27,cb104509-f09a-485f-bff0-bb8b4f55b0e9
73.208383,61.547558,31.39,2015-08-31 14:14:58,cdee81c7-dfe9-4700-825e-9206413d2c8d
73.213367,61.56292,31.38,2015-08-31 14:17:34,cc0b080c-9263-4e92-873f-1730e43d9997
73.218617,61.578797,31.37,2015-08-31 14:20:05,2fb3e9d9-4fb0-416b-b4f8-4f7ad789bdb0
73.22395,61.595032,31.39,2015-08-31 14:22:35,68a70504-4f5f-4504-a642-f2e6d4bae170
73.229417,61.611433,31.42,2015-08-31 14:25:06,8d8e0927-49e4-4bc7-8add-c3e4223c40c0
73.234933,61.627795,31.41,2015-08-31 14:27:37,f70feeca-15e5-42a9-bfcb-f139b6baeccf
73.240633,61.644685,31.44,2015-08-31 14:30:14,8708bfbc-dfde-4bb4-8935-19e48784cbab
73.246167,61.660803,31.43,2015-08-31 14:32:50,7366cc4b-31d2-4200-9f2d-47266d32b967
73.2517,61.676795,31.43,2015-08-31 14:35:21,3357d20a-80ba-4fd5-a3ee-933b50f7afd3
73.25755,61.693588,31.4,2015-08-31 14:37:55,5f7c629f-64df-4f05-bbd0-0a561763f364
73.263133,61.709605,31.38,2015-08-31 14:40:26,528a033b-a07a-43a2-baea-0f98d9c91a1c
73.268583,61.725518,31.35,2015-08-31 14:42:56,7d935218-b2d6-4694-8623-c202f8148a9c
73.274217,61.74241,31.38,2015-08-31 14:45:33,0d12229c-a519-4292-acee-ce1ba609c63c
73.279733,61.758455,31.34,2015-08-31 14:48:05,7d6ef839-2991-4b2e-b544-3999c0e2e8b8
73.285183,61.774598,31.25,2015-08-31 14:50:36,c0df03fe-b0ec-4ee2-ac9d-ceeac087762a
73.290817,61.791662,31.23,2015-08-31 14:53:12,d2c9bc90-88bd-4256-a515-94c2334ed33b
73.296167,61.808657,31.14,2015-08-31 14:55:44,237c1dc1-ca43-43ce-97e9-ab14cee42fe8
73.30145,61.825815,30.96,2015-08-31 14:58:15,1d1bcdfe-2f72-4e48-bf37-c84050bd2af5
73.306617,61.843085,30.82,2015-08-31 15:00:45,45b7dad9-1179-4636-a06d-2522dbb245dd
73.31205,61.860855,30.79,2015-08-31 15:03:21,4131c18e-7889-4ad8-91f3-c5b9217c78e3
73.317333,61.8779,30.74,2015-08-31 15:05:51,6a89208c-f46c-45c0-b863-8af53f568054
73.32285,61.89565,30.64,2015-08-31 15:08:27,9597349f-ca0a-4d33-b08b-b4d1c1b97f7e
73.328483,61.913215,30.4,2015-08-31 15:11:02,1688b3de-5eed-4c23-98a8-424c58277ba8
73.333967,61.93022,29.87,2015-08-31 15:13:33,7b785172-3893-4fe8-9383-b1ef4c299bac
73.339617,61.948488,29.7,2015-08-31 15:16:09,a39c13a5-e8da-499f-be1e-dbdfd6e398ae
73.34495,61.966392,29.71,2015-08-31 15:18:45,a31af8eb-2b1d-4690-aefb-378dbbecbe60
73.350317,61.985433,29.85,2015-08-31 15:21:15,c449e1c0-a7d4-48ef-a986-7b9841ea93d6
73.3555,62.004108,30.03,2015-08-31 15:23:47,58555d76-8684-4069-8ce5-0f794d86db30
73.360733,62.023498,30.28,2015-08-31 15:26:23,e68bb232-b47f-4f1d-8f65-af29f962ba42
73.365767,62.042278,30.2,2015-08-31 15:28:54,65b61a8a-de9c-4f96-8b7c-e6b63a0aa8dc
73.370767,62.061057,30.05,2015-08-31 15:31:25,0f5da122-999f-4e14-9645-159068d45a39
73.375933,62.080405,29.95,2015-08-31 15:34:02,bab956b4-1efb-4330-be06-0dee48fa2930
73.380867,62.099073,29.93,2015-08-31 15:36:32,3050c534-f3ec-4478-80d8-c662eef585e4
73.386,62.117048,29.45,2015-08-31 15:39:05,276f9365-26f3-49df-9898-8a2f5c80e5f8
73.391183,62.134875,29.2,2015-08-31 15:41:36,2485ebe8-d961-4dd6-bd21-8c9c383bdbde
73.396533,62.152555,29.06,2015-08-31 15:44:09,9efb2355-c828-43f9-8843-b11b2cc7184c
73.40185,62.170197,29.04,2015-08-31 15:46:41,ccc689a5-2a44-4484-b4fd-4a73e70239c0
73.407133,62.187702,29.07,2015-08-31 15:49:12,e7f98f9b-ffb1-49b0-8938-db82c73172d9
73.412483,62.205535,29.03,2015-08-31 15:51:45,c4c8e588-46a2-453b-ab0e-68874a1bf95c
73.4184,62.22439,29.04,2015-08-31 15:54:32,772b2abd-4f1a-4675-b5dc-0e95fac6e8ca
73.423767,62.241603,29.19,2015-08-31 15:57:05,bc6f0bd8-09cc-47fa-acea-eba7093be2c8
73.429117,62.25877,29.45,2015-08-31 15:59:38,0d94a2e3-6b41-44ea-91af-a79434d789c2
73.43455,62.276232,29.7,2015-08-31 16:02:14,00123b46-5a5f-4819-8d5f-1f6118296f9c
73.44,62.293728,29.84,2015-08-31 16:04:49,5125f842-cfc1-471c-bc91-55fa833cf435
73.44545,62.311293,29.87,2015-08-31 16:07:24,35f68724-9a75-4b8d-ae10-22fcf4a10d15
73.450817,62.329142,29.93,2015-08-31 16:09:58,6d5297e1-1230-4e52-aa24-d44f187027d2
73.455917,62.346483,30.02,2015-08-31 16:12:31,454552f2-d18b-45dc-8e7c-fc0f49d614f9
73.461383,62.364663,30.21,2015-08-31 16:15:02,f06bfbf0-a3ab-4183-a8c6-7fc82bdea828
73.466867,62.382213,30.26,2015-08-31 16:17:34,6d7762b5-8129-4f33-b156-2220f2b7f988
73.47225,62.399543,29.86,2015-08-31 16:20:05,d8f05c35-ed98-46a3-9ca6-f9e7bd45908d
73.47765,62.41695,29.43,2015-08-31 16:22:36,f6cc050e-b0e9-4d26-9261-d4dbf4d36276
73.483167,62.434903,29.02,2015-08-31 16:25:10,ed9674dc-9316-4131-b168-e9eba6e09ee8
73.488683,62.45256,28.62,2015-08-31 16:27:44,0eecdd6d-ed3c-46d7-85ee-245c8fdfd454
73.494167,62.469742,28.29,2015-08-31 16:30:19,c973e7de-e394-43b7-a8b5-b4c935aaf477
73.499783,62.487253,27.86,2015-08-31 16:32:50,f06fe028-40a1-4249-a204-19001f8aed9d
73.505317,62.504692,27.89,2015-08-31 16:35:23,25fbcfc9-90fd-4e0d-a4f8-bafa7f50d067
73.510833,62.521835,28.06,2015-08-31 16:37:54,4121e70f-89c6-4222-9eff-027fdd45637a
73.516417,62.539132,28.11,2015-08-31 16:40:27,f7b93287-9d37-4199-abd4-04576867a317
73.521983,62.556505,28.13,2015-08-31 16:43:00,cd032be9-f2af-4123-83f3-74703eed89e9
73.52765,62.573953,28.23,2015-08-31 16:45:35,7e1316e2-ecf3-4e41-9120-2746afc525b5
73.53315,62.591092,28.36,2015-08-31 16:48:06,66514909-3395-4eca-a97c-1e044d1801fd
73.538733,62.608142,28.48,2015-08-31 16:50:38,cf835504-99d9-4a1e-93d0-533b27b4fc6e
73.544267,62.62531,28.44,2015-08-31 16:53:11,92981adb-ab78-420b-a0b2-28945fca2e9c
73.5497,62.642657,28.39,2015-08-31 16:55:41,0813418d-e425-4f92-91f4-073683b49465
73.555033,62.660288,28.35,2015-08-31 16:58:13,dd43e8bc-3d6e-446a-ba24-1af0f03c337d
73.559867,62.677033,28.46,2015-08-31 17:00:43,45c117c9-470a-452f-b6a6-c3498a4675a9
73.562367,62.685865,28.53,2015-08-31 17:03:14,6877b9b8-2076-4725-9103-fda6316f61f6
73.563783,62.690263,28.53,2015-08-31 17:05:45,e8d209d5-0ee1-44e9-9ce6-0d7faf46b5ce
73.565767,62.702642,29.0,2015-08-31 17:39:25,f84b3092-6e3c-412e-91f3-70d6904c1073
73.568683,62.715418,28.58,2015-08-31 17:41:57,81f626d4-28a9-4e34-8fd2-ba513b215757
73.5733,62.73033,28.53,2015-08-31 17:44:33,9145ea14-962a-4a18-9e47-730c7a06d50b
73.578117,62.745885,28.51,2015-08-31 17:47:04,05af504d-6c0b-4bbe-8c2b-2fced1b288df
73.583083,62.762298,28.49,2015-08-31 17:49:36,51473665-36a9-4e31-a9a6-9265b7c14cf1
73.5883,62.779512,28.54,2015-08-31 17:52:10,b64615a4-3d24-453f-8850-206d981863b2
73.593417,62.7964,28.65,2015-08-31 17:54:41,23cf0def-151b-4e00-841a-6903e3d7f0c9
73.598733,62.814032,28.71,2015-08-31 17:57:16,fb665576-8f5e-433a-9345-99161e402bc1
73.604183,62.831967,28.97,2015-08-31 17:59:51,3931efb8-7c1f-42d2-acbb-1ec3ecddbc28
73.609683,62.84983,29.11,2015-08-31 18:02:24,2c92d0ed-f52b-4913-aef4-9a233fe74ad1
73.615133,62.867423,29.17,2015-08-31 18:04:54,68b2259f-a505-4699-82de-bbfbb9e9c985
73.620667,62.885307,29.24,2015-08-31 18:07:28,c25c9995-42f6-4bed-8228-1dafeec92aaf
73.626133,62.9031,29.01,2015-08-31 18:09:59,47d31739-1db9-4190-ae63-fe63d36d14b8
73.631583,62.920868,28.8,2015-08-31 18:12:30,6ea823b1-7cba-4a22-85ce-db60cb7c050e
73.637183,62.938808,28.85,2015-08-31 18:15:03,08ba8fc9-9caf-44fa-bb45-e3a6ddb7d5f3
73.642683,62.956507,28.9,2015-08-31 18:17:34,2b5eadd1-d8a9-4493-9f69-adcde19495c9
73.6483,62.97464,28.91,2015-08-31 18:20:07,c9c0bda4-be00-4ef4-883b-1156a2aacef3
73.653867,62.992118,28.91,2015-08-31 18:22:38,93fe75e4-6397-4f68-be72-e3deb85d8144
73.659633,63.010647,28.56,2015-08-31 18:25:14,0cdb6232-12b2-4578-b25c-3c2dad6d7044
73.665117,63.028767,28.17,2015-08-31 18:27:45,5240618a-1b17-4f71-8a11-9e90f16b78b4
73.670933,63.047502,27.95,2015-08-31 18:30:20,d9e8a412-c5c9-4ae0-a5cf-6753d25cbfee
73.676517,63.065512,27.97,2015-08-31 18:32:51,d06b8e04-f572-4f1e-ac9c-337c88b4d4d8
73.682117,63.083518,27.94,2015-08-31 18:35:22,7944b0e3-e7b8-4680-8bc4-72992416a108
73.687833,63.102262,27.91,2015-08-31 18:37:58,6fd3a397-9f55-4de3-8261-5d577fbda4ba
73.693383,63.120322,27.96,2015-08-31 18:40:29,fd5ac300-5115-46a4-832d-7d3edd8a460d
73.699033,63.138787,27.98,2015-08-31 18:43:03,26a1c355-8e51-4dbd-9565-86b66f35dde1
73.704683,63.157257,28.08,2015-08-31 18:45:42,438e41b0-2467-4687-9813-621095720b1c
73.710433,63.17596,27.89,2015-08-31 18:48:14,de1fb00e-264d-41d8-bd01-c5b9f30657fb
73.715983,63.194153,27.01,2015-08-31 18:50:47,e0949fc3-6797-49ba-acf7-5f6423d6238b
73.72155,63.213498,26.74,2015-08-31 18:53:23,2a4c1ed0-cb3c-4d6f-969a-ef57d8eba5c1
73.727033,63.232888,25.83,2015-08-31 18:55:59,3c87d7db-8008-4aef-872e-213553d437d8
73.732267,63.251553,24.99,2015-08-31 18:58:32,69188dbb-0b05-4005-8069-be36bd1539a7
73.7376,63.270638,24.29,2015-08-31 19:01:03,ea735dd2-91f4-4964-b564-74037e48089b
73.74285,63.289697,23.68,2015-08-31 19:03:34,66603a58-2a51-466a-8159-71730f06567c
73.748117,63.308823,23.57,2015-08-31 19:06:05,944d67a9-5fe3-47bd-a802-dc0be650468b
73.7534,63.328022,23.64,2015-08-31 19:08:37,ff553f35-e369-4659-a9ae-8d4c5e82b251
73.758717,63.347188,23.81,2015-08-31 19:11:09,f864b3b3-64be-48d0-b0b9-3d47b3f1794d
73.764017,63.36635,24.33,2015-08-31 19:13:40,6b911702-ec86-48ee-94cb-27b3df62ea13
73.769333,63.385402,24.48,2015-08-31 19:16:11,7c914a82-8dcd-4e22-973b-8879f848919d
73.7745,63.403945,24.81,2015-08-31 19:18:44,1ca0e892-7f49-4fb9-8151-5f082338ba50
73.778733,63.41923,24.88,2015-08-31 19:21:19,778a9036-0f1d-4c80-8c97-d6a153539097
73.781617,63.429693,25.11,2015-08-31 19:23:54,e711182a-9717-457f-8cd5-9e39604e980d
73.7832,63.43553,24.99,2015-08-31 19:26:30,aca9b54a-d2c3-41dc-8e4b-e5fef7a7f445
73.786533,63.448473,26.29,2015-08-31 19:42:10,c8bee1b5-490e-482e-b668-34ada76a0e52
73.790733,63.462578,24.76,2015-08-31 19:44:45,f4de49db-699f-4bfa-9ecf-a6a0feb93d02
73.795867,63.47971,24.77,2015-08-31 19:47:22,ddfad402-0352-423f-862f-7a33fcde59bf
73.801467,63.49655,24.39,2015-08-31 19:49:53,7ff68656-4213-4c06-8c87-2b2ae8d8efef
73.8072,63.51404,22.81,2015-08-31 19:52:27,42ecd78f-4ede-48f4-9704-911e9a6faf80
73.812983,63.531768,22.84,2015-08-31 19:55:03,71e76f53-a115-45e9-aab8-23018f2f352e
73.818483,63.549432,22.99,2015-08-31 19:57:34,3b5d845c-0616-478a-bfac-e1fc3c6acbb0
73.8238,63.567543,22.89,2015-08-31 20:00:06,9005b821-ed6b-406a-afde-5b6328f03e0f
73.829067,63.585578,22.82,2015-08-31 20:02:37,23a29575-81ca-477a-9d51-e3e3e0ab05e7
73.834367,63.604112,23.16,2015-08-31 20:05:10,2dc17c98-82da-4b10-b399-a47683a1f5bc
73.840067,63.624063,23.29,2015-08-31 20:07:56,376970a3-3afb-4db2-9cb6-6c7a72046a1b
73.84535,63.642802,23.14,2015-08-31 20:10:31,f12e3878-eac3-4c7a-b3d6-1557f6950fba
73.850617,63.661537,23.03,2015-08-31 20:13:06,ca8da8e3-540a-4af5-9d25-2e1a11664643
73.8557,63.679873,23.12,2015-08-31 20:15:37,48aa6b0a-c5e1-4b56-80f3-dc275a1fcfea
73.8609,63.698673,23.22,2015-08-31 20:18:11,a45f7df6-f85f-4197-b47e-b1363d52f07d
73.865933,63.717307,23.28,2015-08-31 20:20:42,53edda8f-2e0b-47ef-acf7-834f06d2bba4
73.871217,63.73528,23.34,2015-08-31 20:23:16,1c945add-2550-483d-a67b-8146f2ea8142
73.876583,63.753097,23.39,2015-08-31 20:25:49,f4684cc9-4eb7-433b-90cd-ab66aec5638c
73.882017,63.771388,23.23,2015-08-31 20:28:25,d8125622-e44b-4dfb-b143-b5beacfbe4be
73.8873,63.788998,22.41,2015-08-31 20:31:01,99a27458-476f-4c8c-a399-211e5da4be2b
73.892833,63.807162,22.62,2015-08-31 20:33:32,b86b3a42-eb80-4176-bd6c-8353993644c7
73.8985,63.825318,23.09,2015-08-31 20:36:08,73abd467-b2c4-4594-9445-b63a7161d4c0
73.904067,63.843438,23.11,2015-08-31 20:38:42,73e39c9f-2206-4b1f-836c-cda328a53c50
73.909517,63.862153,22.34,2015-08-31 20:41:17,88f11565-28df-420a-9a2c-ed8c6e948f87
73.91495,63.880862,22.19,2015-08-31 20:43:52,2a450d61-0f02-4180-a5a1-a65989d74a8a
73.92045,63.899717,22.14,2015-08-31 20:46:28,78f580ab-0fb2-42b4-a9f4-e96e094e9e62
73.9258,63.918113,22.08,2015-08-31 20:49:00,e95b96a5-1980-4821-b534-ba2520242f7a
73.931217,63.936285,22.22,2015-08-31 20:51:33,1f703cb0-8ced-4cf3-8cda-f07adacf3e8c
73.936633,63.954135,22.37,2015-08-31 20:54:04,b60b6b1b-3f32-4f23-8b43-d8eca22ab487
73.941783,63.971298,22.74,2015-08-31 20:56:36,edd5189a-3909-424b-9713-9bc1ee14e498
73.94615,63.986432,23.05,2015-08-31 20:59:12,46524db6-a86f-47a4-8885-1b907bc287ee
73.948933,63.99585,23.2,2015-08-31 21:01:44,14af0b5d-0cc8-40d8-acd0-8d80872386ea
73.951217,64.025133,23.85,2015-08-31 22:34:39,3c9a2512-09b0-453b-a0bc-97ee3c4dc024
73.9536,64.023017,23.72,2015-08-31 22:37:10,5df880eb-1298-4bd9-8d71-f88deea81238
73.957917,64.035495,23.88,2015-08-31 22:39:45,06c7498d-c287-4486-aeb0-b0f4373a0ab9
73.963183,64.050222,24.42,2015-08-31 22:42:21,dc1537ea-48cd-4541-a51e-74dc63dd6832
73.96855,64.064227,24.53,2015-08-31 22:44:53,dd8a67cd-b429-47a6-b79a-54cd055b5868
73.973917,64.078887,24.52,2015-08-31 22:47:24,62c75001-4461-4ecc-a037-3b7f5158469f
73.979567,64.094565,24.42,2015-08-31 22:50:00,30a7036a-3adf-4698-9114-9ca47a3cffeb
73.985083,64.11006,24.37,2015-08-31 22:52:31,2d67916f-ca9f-4ea8-ba6e-4474127422f7
73.990617,64.125755,24.19,2015-08-31 22:55:02,8c150695-78d0-4407-8a3b-6bf7cdccad13
73.9962,64.14153,24.02,2015-08-31 22:57:34,d591c1a4-a919-42cd-a4ec-621cbf83fdca
74.001967,64.157777,23.62,2015-08-31 23:00:09,416a4d5e-337d-493a-a84c-9c1a4955c334
74.007517,64.173498,23.19,2015-08-31 23:02:40,6da28ad5-8910-4d75-a357-2e2ffbbe5fe7
74.013217,64.18954,23.17,2015-08-31 23:05:13,a35b6d92-cd30-4986-ac35-d7c56cc7885d
74.018867,64.205405,23.16,2015-08-31 23:07:44,4765f8a8-0ae2-4f6c-9fd4-10255d59b53a
74.024433,64.221327,23.22,2015-08-31 23:10:15,0db703af-be50-4058-b31e-c7552e1bc472
74.03,64.236938,23.35,2015-08-31 23:12:49,943da2c9-5984-4094-9c13-f57f28b28f7a
74.03595,64.253475,23.22,2015-08-31 23:15:23,a504d0ef-c827-4e35-857b-ac08e6bf8f25
74.041533,64.269328,22.96,2015-08-31 23:17:54,5e9aaf27-757c-407f-93c7-fddeb63c0b4d
74.047233,64.285603,22.52,2015-08-31 23:20:28,4be45ad7-ef8b-4640-b1e4-1d723cb6c001
74.05285,64.301582,22.43,2015-08-31 23:23:00,9c732321-01bf-4cee-a11d-6122f4b93303
74.058567,64.317328,22.47,2015-08-31 23:25:32,54e96f5d-c826-449a-bfa0-0ed8c094a76f
74.0643,64.333272,22.08,2015-08-31 23:28:04,affa77d5-f3ca-4023-836e-d7ac10f8b16c
74.070167,64.349997,21.93,2015-08-31 23:30:39,62fb85ed-b17d-4026-8a12-c767c80c255f
74.075867,64.366347,21.86,2015-08-31 23:33:10,996c90a4-bd69-47c0-bcf6-9ab052a93817
74.081667,64.383128,21.82,2015-08-31 23:35:44,0c86f9f2-7a2f-473f-a674-2583da576fde
74.0873,64.399583,21.79,2015-08-31 23:38:15,28fe86fb-e02c-4829-9a85-0f2b3617af8a
74.093083,64.416487,21.79,2015-08-31 23:40:50,d5126b47-8fbb-428f-9ad0-ff0eb70e434c
74.098717,64.43305,21.83,2015-08-31 23:43:21,2a64efb0-8214-4260-bd62-5032d6d677e4
74.104333,64.4494,21.86,2015-08-31 23:45:57,ca2e2c8f-edc5-4e7b-a2ec-d0e225c5e3dd
74.110167,64.466518,21.93,2015-08-31 23:48:28,75d002d5-33f5-431d-8591-065c2599c1ac
74.1159,64.48351,22.15,2015-08-31 23:51:02,8c99ac76-c042-4529-a8a2-3c48962d7f56
74.1215,64.49991,22.37,2015-08-31 23:53:33,7a1cccc0-a192-4cd1-991b-897ab22d811e
74.12715,64.516063,22.47,2015-08-31 23:56:09,12b70b44-f97c-4133-b014-5e112f82c289
74.132967,64.532837,22.39,2015-08-31 23:58:40,41a3cfc5-a70b-4dbb-90ab-2fd44cb0cddc
74.1386,64.548993,22.41,2015-09-01 00:01:11,ad2a1aca-27f6-44e1-9d19-60c2a33d089d
74.144383,64.565708,22.51,2015-09-01 00:03:46,acde13a6-4891-4514-ba75-3c09873c08af
74.150267,64.58237,22.51,2015-09-01 00:06:22,e75b5f75-7217-4d91-9347-3914d49e2d64
74.15605,64.5989,22.58,2015-09-01 00:08:55,55ce0eb8-0f11-4016-83fc-59bb39c4b684
74.161883,64.615733,22.57,2015-09-01 00:11:29,549ab234-583d-4284-8795-fdf00cc1f07f
74.167733,64.632428,22.51,2015-09-01 00:14:01,c143a39d-93ab-47a2-9a06-4be8d5afcff3
74.17355,64.649212,22.57,2015-09-01 00:16:33,7ce34340-ebe1-4abf-bbbf-4c149f0cdc02
74.179433,64.666158,22.6,2015-09-01 00:19:07,72490b86-8ce8-480f-8673-b19ce5b8df50
74.185233,64.682528,22.7,2015-09-01 00:21:38,e4670d2a-5644-4229-a15a-abd165e505db
74.191633,64.700582,22.85,2015-09-01 00:24:24,5361eadd-f604-4956-9605-ef45b458ed46
74.197517,64.717563,23.17,2015-09-01 00:26:58,34a51699-f74b-425d-8dbc-b431c6afded9
74.203217,64.73371,23.29,2015-09-01 00:29:31,e8e7b876-95b1-4aa7-8193-c1a2ef249663
74.209217,64.75075,22.77,2015-09-01 00:32:02,22aaa3f3-4bad-4003-b56d-09ee5d902e59
74.215267,64.767638,22.61,2015-09-01 00:34:38,0b3baaf1-9762-4255-a38c-21608c54efd8
74.221133,64.783623,22.83,2015-09-01 00:37:09,a2017bb8-29d9-4aef-a128-aec2ee149911
74.227267,64.79998,22.48,2015-09-01 00:39:46,23220254-bccf-43ef-8cc1-e9513192b145
74.233283,64.815545,22.22,2015-09-01 00:42:18,5924432d-f5ce-44b6-83f8-e40393b64bcf
74.239233,64.83135,22.35,2015-09-01 00:44:51,fe035e19-8e84-4044-8ccc-2ebaa00bfb3d
74.245183,64.846903,22.97,2015-09-01 00:47:22,b994e981-4aac-447a-ab1b-83d948c55cda
74.251183,64.86262,23.23,2015-09-01 00:49:56,ae590857-6842-44d9-8638-87572ca3ae90
74.2572,64.878825,23.18,2015-09-01 00:52:33,5e515f46-0797-4e19-83a5-91c8ce345751
74.262983,64.89446,23.17,2015-09-01 00:55:04,4d4b93b4-4813-4b14-b297-e006cb9613c6
74.2688,64.910367,23.1,2015-09-01 00:57:36,344aac81-117b-4a23-babb-3e3ff1649447
74.274517,64.92627,23.09,2015-09-01 01:00:07,26ccf1d9-bb14-483d-ab84-d5c2d0bb6a0a
74.2804,64.942438,23.41,2015-09-01 01:02:41,125dd905-d0d7-4e5e-8b3c-ca6e96f43780
74.2863,64.9588,23.58,2015-09-01 01:05:17,a84d4752-24dd-474a-9085-5afb72199dd5
74.29205,64.97498,23.48,2015-09-01 01:07:51,bdc4e750-49e0-48a9-bc68-734f2f194d13
74.297683,64.990933,23.48,2015-09-01 01:10:22,e095c8ad-1ffc-40e2-8e95-6aef5ce82e87
74.303333,65.007132,23.51,2015-09-01 01:12:55,9022aed4-ff32-4d41-bfc6-bdefec431610
74.308917,65.023187,23.62,2015-09-01 01:15:26,e13f66e0-9c39-4b0c-a458-46dc1511c6cb
74.31455,65.039317,23.56,2015-09-01 01:17:57,662a2533-7c38-406f-aa30-4f94e28cd9a1
74.320233,65.055663,23.33,2015-09-01 01:20:30,2ecba7cb-c67b-4b45-bd61-76aca1e81882
74.3259,65.071955,23.1,2015-09-01 01:23:01,7cb79ff7-f329-4da2-bb4b-7fecf86b5f26
74.331683,65.08854,22.86,2015-09-01 01:25:35,7d238057-c3a5-4b4b-a2f3-02c6df8d916a
74.3375,65.105073,20.98,2015-09-01 01:28:08,6a128545-f5a7-4145-8003-28b0f99fc263
74.343083,65.122488,19.12,2015-09-01 01:30:39,e3aa47e6-5af8-4046-a96d-db3a3e3699d6
74.3487,65.140135,18.14,2015-09-01 01:33:12,1e363340-b1ce-4c83-aa29-d856bb2083fb
74.354267,65.157577,17.94,2015-09-01 01:35:43,991e0770-38d4-4c37-ac0c-c617cdc3964e
74.359933,65.17522,17.81,2015-09-01 01:38:15,0a13dff1-ffc9-4a54-8806-78b57739bc84
74.365483,65.192513,18.14,2015-09-01 01:40:46,42058ef1-e44b-403a-a17b-27b12c62f882
74.371317,65.21066,18.46,2015-09-01 01:43:22,8133d043-6b09-42ac-b11d-52ae1eed28ef
74.376933,65.228453,18.17,2015-09-01 01:45:53,1e9b6696-8bf9-4547-9756-3bd0e25650d3
74.38265,65.246782,17.88,2015-09-01 01:48:30,52714653-44c6-42a5-830a-508f9ba2f6e5
74.388083,65.264478,17.79,2015-09-01 01:51:06,980303bc-4474-4fa4-8e73-72ba05e8a211
74.39355,65.281508,17.76,2015-09-01 01:53:37,dbbb8630-34ba-45d6-b4a9-ca39728ae830
74.3988,65.298135,17.76,2015-09-01 01:56:12,c07fbb74-8111-4262-bb24-b633dee0abe1
74.403817,65.31463,17.82,2015-09-01 01:58:45,11deedf7-bd4d-49c5-ba8c-6a7fb367a93c
74.408467,65.329988,17.99,2015-09-01 02:01:19,b4de7db5-64fb-45a1-a0ce-3d6416a59f14
74.4126,65.34375,18.07,2015-09-01 02:03:50,83c99bb2-42cf-4c87-b0b5-0e0bad80c360
74.4154,65.354335,18.26,2015-09-01 02:06:23,f9e2aa8f-a266-4cad-b53f-bf0d939c5a19
74.416833,65.360438,20.41,2015-09-01 02:08:54,f74f87c4-2598-43ca-91e2-eb4eff1f348c
74.417033,65.368895,21.85,2015-09-01 02:12:56,62f1e7cb-9fad-4c6a-a7f6-194471ea1446
74.41635,65.391517,20.72,2015-09-01 02:39:20,bb44472e-a89f-4a69-9bcd-25789ac1fd44
74.417917,65.403598,18.85,2015-09-01 02:41:51,425045e1-65dc-442d-8d85-eeb588dc4bda
74.4214,65.415878,18.49,2015-09-01 02:44:22,04ae0403-f75e-47d5-a5e9-dca082774b89
74.42525,65.42778,18.58,2015-09-01 02:46:55,5a534a11-c192-4cc5-96b5-e2f5f93a6191
74.429367,65.440245,18.62,2015-09-01 02:49:25,81d1c46b-5bd3-49ed-90be-f31b1d18fbbd
74.43365,65.453155,18.64,2015-09-01 02:52:00,fc02f16a-2ffc-4d8e-ac6c-ba767a0206c2
74.438367,65.4671,18.83,2015-09-01 02:54:31,39a37a54-a1e1-4001-9600-b8dad19a4966
74.443417,65.481967,19.17,2015-09-01 02:57:03,fcb8745b-39e1-48ca-8c74-4c9b291e4233
74.448583,65.497072,19.38,2015-09-01 02:59:34,1225af15-e5b6-4339-959f-6a2d5dcb3b6d
74.453683,65.511835,19.57,2015-09-01 03:02:05,569a9a68-5011-48cc-9773-d6157604a942
74.458733,65.526228,20.0,2015-09-01 03:04:36,5fed9ade-740e-4b5c-b0ca-c05c4528665c
74.4638,65.540657,20.13,2015-09-01 03:07:06,06456e5a-a3f2-4819-90b9-7920fe17e511
74.4685,65.554115,20.38,2015-09-01 03:09:37,828a168e-11cc-43b4-8f79-423e2f13fff6
74.472617,65.566063,20.89,2015-09-01 03:12:12,d33b96fe-8e00-451f-99c7-1917047bb4ff
74.476117,65.576472,20.94,2015-09-01 03:14:45,be3f9f4f-21b4-4a3b-99d6-cf6ebe10f5d9
74.47995,65.5872,21.11,2015-09-01 03:17:16,d5bad283-a3cb-44bc-82d9-ff8a423b5164
74.484433,65.599638,21.21,2015-09-01 03:19:48,3a5b3d7e-0f70-426f-83b9-92dbc6f57b99
74.489183,65.613628,21.35,2015-09-01 03:22:19,3207da25-7e57-4a50-ad4f-7614ad1b75eb
74.494117,65.628182,21.66,2015-09-01 03:24:49,409ca535-19be-41a0-b604-73ec7b298edc
74.4993,65.643483,21.72,2015-09-01 03:27:23,937cc908-c9f9-45be-9739-7708cd44611a
74.504233,65.658872,21.45,2015-09-01 03:29:57,fc5b5c19-ee5a-4496-a99b-97db74df904a
74.509333,65.674885,20.97,2015-09-01 03:32:28,984323a4-1bb9-4c96-a4d4-ae4a9fbef439
74.514333,65.690643,20.62,2015-09-01 03:35:04,4156ce11-8e87-4798-86fb-dab7e23904a2
74.51915,65.705742,20.39,2015-09-01 03:37:35,242757f3-e32b-453e-88cc-1e0822dcc698
74.524033,65.721177,20.08,2015-09-01 03:40:10,9acf09ff-448b-44cb-82b1-112e2c5c0807
74.529033,65.737138,19.93,2015-09-01 03:42:45,14b251fd-702c-44d8-bf09-7abf4358a649
74.533883,65.752652,20.06,2015-09-01 03:45:17,9968c171-80ad-4d3f-b598-086d3ac7ea95
74.53885,65.768547,20.2,2015-09-01 03:47:51,a5db8ae2-ce8f-47e0-a4bc-986ad7b8ced7
74.5437,65.784287,20.17,2015-09-01 03:50:22,358ee7dc-9886-4c1d-ac0b-b92b1a25369c
74.548483,65.79979,20.09,2015-09-01 03:52:53,797c128b-e1a5-44d7-848c-94efd721d04d
74.553283,65.815418,20.0,2015-09-01 03:55:26,a644e9bd-2a20-43f9-9afa-5b27cfd6db72
74.558133,65.831343,19.91,2015-09-01 03:57:57,bcbb0fec-04ba-4d04-8086-76bfd5c60a51
74.562967,65.847207,19.83,2015-09-01 04:00:29,4e83d7b5-e321-4c82-981c-1f0b7458c228
74.567883,65.863418,19.83,2015-09-01 04:03:04,096d4af9-88d7-41e1-86f3-3debf13343bb
74.5726,65.87908,19.89,2015-09-01 04:05:35,62464332-64bc-4cd5-bde8-3cd034f46d5b
74.577317,65.894823,20.04,2015-09-01 04:08:06,da6d5da2-c015-427e-ba1c-9191a6de4e39
74.5822,65.910963,20.26,2015-09-01 04:10:41,beea2f5a-6ab8-4876-a592-393df8c9f99a
74.586917,65.926698,20.56,2015-09-01 04:13:12,8823f5ab-df22-46ea-b392-b02dba2ca6e2
74.591683,65.942007,20.82,2015-09-01 04:15:43,e616b480-f587-49b1-bfff-95a672b4abe5
74.59665,65.957682,21.09,2015-09-01 04:18:19,9a5ae796-6fb5-4f10-ba9a-50b2bc82cde3
74.601483,65.972768,21.05,2015-09-01 04:20:50,7d96e354-0ffa-4bdd-bd83-e88758129cf5
74.606467,65.988222,20.93,2015-09-01 04:23:26,5f6e310b-0bb8-4c32-af7a-ea1aee801281
74.611333,66.003143,20.84,2015-09-01 04:25:57,84fde8f0-a474-41d7-a33b-3bd50a8c17d7
74.616267,66.018032,20.68,2015-09-01 04:28:28,8b0c37e2-b2bc-4022-94b4-2895f6fdbe1c
74.621083,66.033245,20.66,2015-09-01 04:30:59,8b8d8745-a676-4e49-b177-85f837e13229
74.625983,66.048992,20.73,2015-09-01 04:33:35,662749a7-ac25-486b-a05e-c1e6abe92863
74.630617,66.06478,20.73,2015-09-01 04:36:06,690b3ea5-d5b9-4dcc-a51a-0c793ef77482
74.635767,66.082797,20.7,2015-09-01 04:38:54,3f4714fc-29c7-443e-a80e-c3c7aa788544
74.64045,66.099223,20.89,2015-09-01 04:41:29,32c71ec6-f885-4ed4-8e78-0b4c437ea59f
74.64505,66.115428,20.95,2015-09-01 04:44:00,846067b9-a5b1-4b93-9a8e-c06155194e84
74.649667,66.13197,20.89,2015-09-01 04:46:33,a2363124-5698-4582-b484-03df104129c4
74.654367,66.148545,20.64,2015-09-01 04:49:09,b9d589c2-04b4-4e2d-97e0-0b69f216603f
74.6589,66.164788,20.09,2015-09-01 04:51:40,5f51502b-29e7-443e-9e74-bccc67c1f5ff
74.663483,66.18097,19.37,2015-09-01 04:54:11,b851e389-e333-418d-849f-97489f04b321
74.668067,66.197067,18.86,2015-09-01 04:56:42,8ad133af-62ec-40f0-b49c-37cf3b634479
74.672717,66.213478,18.6,2015-09-01 04:59:14,8680d1bb-8c59-4473-b2ad-eb67e4dbfecf
74.677467,66.230082,18.57,2015-09-01 05:01:52,8beab3e4-b8cd-485f-9417-4de245f06c70
74.681967,66.246125,18.63,2015-09-01 05:04:23,db8e3cff-c3d8-41d7-90c6-caea27f77aa4
74.6867,66.262432,18.67,2015-09-01 05:06:57,c21971e4-dd4a-4fb3-9d36-dc94dc0ec1bb
74.691083,66.277665,18.74,2015-09-01 05:09:28,e757b0cc-faba-4ad4-87d7-4d0c1272ffc4
74.695967,66.294372,18.76,2015-09-01 05:11:59,f88fe994-a7a1-4183-8116-9257ef6f7d6a
74.700683,66.310325,18.93,2015-09-01 05:14:31,50713ae1-1d96-4227-b73d-b9f74908d2a9
74.7054,66.325863,19.09,2015-09-01 05:17:02,49c28408-ec10-4db5-a707-b760f6bd1025
74.710083,66.341178,18.97,2015-09-01 05:19:38,5e3844d2-cc6e-4916-9fc4-eac9af80e187
74.714983,66.357142,18.9,2015-09-01 05:22:09,06712455-ea4a-449a-a994-f2598904d249
74.71975,66.372783,18.93,2015-09-01 05:24:42,15049b9b-00e2-42a8-93aa-eeea26eaaa28
74.72445,66.38862,18.9,2015-09-01 05:27:13,5ce4e44b-31c8-4de7-a344-1db71bc129a1
74.729183,66.404637,18.71,2015-09-01 05:29:47,efb805d8-9326-483f-a756-480e064e98b5
74.733867,66.420558,18.71,2015-09-01 05:32:18,4bb6ca83-0f63-45f6-a4d9-deff31edf607
74.738567,66.436262,18.88,2015-09-01 05:34:49,55b1d210-2765-48fb-8c37-07b0e20ef0f9
74.7433,66.451525,19.07,2015-09-01 05:37:20,dd6d9195-b3da-4265-a30c-4d766d88906a
74.748033,66.466847,19.07,2015-09-01 05:39:51,46f588f8-fbb8-44c6-b31a-743cadc281d3
74.75275,66.482117,19.13,2015-09-01 05:42:22,fb158e86-3fe4-4377-80b1-c364f9668fbe
74.757517,66.497355,18.46,2015-09-01 05:44:53,2df01561-e635-4a16-8aff-0be63d23b759
74.7622,66.512542,17.72,2015-09-01 05:47:28,9a4c3d95-1802-4e1b-92c7-afc567f7dc9b
74.7671,66.528273,17.52,2015-09-01 05:49:59,d3e85e4b-8cae-4770-96e6-63866b15dba7
74.7718,66.543585,17.62,2015-09-01 05:52:30,d666b9f7-47d7-48dc-810c-d9b6e7944756
74.776583,66.559267,17.48,2015-09-01 05:55:05,3b3d5e71-d3a8-460b-9387-370b4e51bcf9
74.7814,66.574813,17.08,2015-09-01 05:57:40,4b8403ff-6f61-4fc6-be36-e46e93fcc712
74.786017,66.589823,16.91,2015-09-01 06:00:13,d24a9d8a-afbf-4437-bb9b-b906d6404c81
74.789,66.59953,16.9,2015-09-01 06:02:49,aae87b73-61c1-4cb1-ac07-93bcd7c1481d
74.790967,66.605782,16.89,2015-09-01 06:05:20,a0fc9809-2a52-4c28-8bfa-79cde088abcc
74.792433,66.610472,16.86,2015-09-01 06:07:51,a91aa350-137f-4ea6-a38a-bedb449a59ac
74.79375,66.61456,16.84,2015-09-01 06:10:26,1fdd2569-1089-4633-8f72-c612b7f74e3c
74.7949,66.618095,16.82,2015-09-01 06:12:59,4de0fb55-39f6-4720-b3f9-7daa831f8d10
74.806133,66.672063,16.77,2015-09-01 07:14:36,3d2c56d3-d6d6-4ebb-b570-e61c26455083
74.803183,66.658467,16.71,2015-09-01 07:17:07,dbe3bf7e-509e-4f94-96a0-895262327846
74.8007,66.646657,16.69,2015-09-01 07:19:38,a785deac-8083-44c8-bcac-ec6899ba50ff
74.797917,66.633328,16.69,2015-09-01 07:22:09,1710aea7-b0b2-4402-8471-73a3d6567ab4
74.794783,66.619742,16.71,2015-09-01 07:24:44,8c6bd920-2e1f-4f45-be2e-862a6d713a1f
74.7914,66.607093,16.77,2015-09-01 07:27:17,61e456b4-bfcb-4877-85a9-705a1a46ac87
74.78785,66.595628,16.83,2015-09-01 07:29:53,c68a6c61-713f-4b8e-aa02-01d1745c3fd1
74.782233,66.623537,17.45,2015-09-01 12:12:06,c0e3083f-c9be-45ef-8b65-13622a1ffaf6
74.7879,66.639895,17.34,2015-09-01 12:15:11,5948764f-5bbf-4587-8bb0-1724ffdc0677
74.792683,66.653748,17.32,2015-09-01 12:17:41,b4a94753-891f-4b63-a6fa-06ecf355d07b
74.797417,66.667917,17.81,2015-09-01 12:20:12,80ef3902-b68b-49f1-ade5-e8a4222264ce
74.802117,66.682153,18.05,2015-09-01 12:22:43,2081152b-247f-48fb-a064-e4dc04597316
74.806783,66.696415,17.9,2015-09-01 12:25:14,a3b27f75-9161-4faf-b02a-9e4ef9b462fe
74.811117,66.710023,17.89,2015-09-01 12:27:45,1480e584-6365-4bf3-833d-7c0e99575cee
74.814417,66.721088,17.86,2015-09-01 12:30:16,968a0af2-95a7-4188-a83c-76977e553fd7
74.8173,66.730935,17.83,2015-09-01 12:32:47,2c040cf4-5095-4d86-9f31-02048ba09e6c
74.820317,66.741003,17.84,2015-09-01 12:35:18,70f0db76-2fb5-47e3-95b2-3f53e710fdcf
74.823733,66.751812,17.8,2015-09-01 12:37:49,992ae722-78f3-4237-b81e-8d9e9a7eccbd
74.827883,66.764012,17.71,2015-09-01 12:40:19,67b7a240-c1f7-48bb-bc36-132feb7fbb23
74.832567,66.777442,17.67,2015-09-01 12:42:50,cf726a15-91d1-46dd-ab60-1eec3e10c1d2
74.837617,66.791913,17.62,2015-09-01 12:45:21,0e0fcc4c-8b2d-4842-b88a-de61f68a22d6
74.84285,66.806627,17.59,2015-09-01 12:47:52,cb2406fa-4b83-444e-8f78-72b374e8a58e
74.848233,66.821532,17.53,2015-09-01 12:50:23,8939233d-57e2-4128-917a-157eba487b40
74.853733,66.836458,17.49,2015-09-01 12:52:54,9cecf714-a78e-43a1-aee2-92145acff25c
74.8593,66.851608,16.65,2015-09-01 12:55:25,5f624b2f-0e39-42ed-a323-03a5f6b1d6ca
74.864933,66.866922,17.3,2015-09-01 12:57:55,890d430d-9de9-4e8c-8b91-c9e27b7fd099
74.870633,66.882183,17.18,2015-09-01 13:00:26,10086e4d-a29d-4383-88a0-51903ad715eb
74.876417,66.897485,17.57,2015-09-01 13:02:57,38281777-8cdf-49f3-9ded-b7609eede42a
74.88225,66.91267,17.23,2015-09-01 13:05:28,07b5392d-0c45-4d67-8afe-393f9bc1b304
74.887933,66.928413,17.32,2015-09-01 13:07:59,48b96189-2c47-4962-9be7-cfea138ed631
74.893617,66.944413,17.29,2015-09-01 13:10:30,2030a78e-b5d4-4217-8d5d-172a7c13862b
74.899283,66.960533,17.26,2015-09-01 13:13:01,a2cc8683-eadf-4fc8-86b0-5df86be8c16c
74.9049,66.976378,17.26,2015-09-01 13:15:32,75ff1412-b4ac-4f3f-a804-53d3af92d454
74.910617,66.992543,17.24,2015-09-01 13:18:03,85c4d3c5-95f4-4219-8cd7-c114695fa1bd
74.916333,67.008685,17.26,2015-09-01 13:20:35,698daa52-12b4-4660-9ab6-b2ddc9ae9727
74.922017,67.02487,17.22,2015-09-01 13:23:06,3f0d5c73-c406-4a3e-a1b6-4bdf5c0c465c
74.927717,67.041138,17.21,2015-09-01 13:25:37,cb93fa97-e188-4cdf-9ca1-baa63a9bfd45
74.933433,67.057555,17.2,2015-09-01 13:28:07,0c971dc3-0784-4962-a40c-0642d7d7a860
74.93915,67.073957,16.75,2015-09-01 13:30:38,109f6b06-9b18-4d70-bcb9-d80222445699
74.944817,67.09062,16.87,2015-09-01 13:33:10,88f3c61e-b9f0-443b-9304-813314106982
74.95045,67.107305,16.97,2015-09-01 13:35:41,729f0e47-fedf-4dd9-a0ab-79f342107550
74.956067,67.124097,16.98,2015-09-01 13:38:12,41f0698a-b7d3-4148-99cf-21f5471cbe28
74.961633,67.140925,17.04,2015-09-01 13:40:43,4046097f-a2be-421d-bcff-32161528c86a
74.967117,67.158125,16.9,2015-09-01 13:43:14,a0cf7e97-82e6-489a-81e2-1822c57aba7e
74.972683,67.175698,16.82,2015-09-01 13:45:45,a4d51658-397c-4f95-a8c1-29674b559a01
74.9783,67.19335,17.0,2015-09-01 13:48:16,5c648ea0-add4-4fb8-8147-b3b2cc6dbe0c
74.983883,67.210745,16.89,2015-09-01 13:50:47,38f4730f-2b3f-4e3a-a0da-d08e487efb2b
74.989417,67.228012,16.88,2015-09-01 13:53:19,fd551631-33b7-426e-b0ec-a651ef3f6706
74.99495,67.245392,16.87,2015-09-01 13:55:50,e5170c1c-5fa4-40ee-a2d6-ede477bbd469
75.00055,67.26279,16.85,2015-09-01 13:58:21,7e2c83b5-e523-48fc-988f-397d505d9d1f
75.0061,67.280195,16.88,2015-09-01 14:00:52,e6f4ba3d-fb35-44b9-92ae-54f99f1c3791
75.011583,67.297577,16.9,2015-09-01 14:03:24,ee56da25-2117-4a89-a077-f3fc8d566576
75.017167,67.315135,16.88,2015-09-01 14:05:55,e034df22-bb49-4560-bbc2-59d7d72ef190
75.022733,67.332725,16.86,2015-09-01 14:08:26,8eb94bc7-5e41-4bf7-99c6-15b4f085a5c4
75.02825,67.350128,16.77,2015-09-01 14:10:57,8cb4e13d-e98c-4e02-a92f-fb921f8b511d
75.0337,67.367445,16.7,2015-09-01 14:13:28,cc1b8ff2-3362-46c0-9a3c-9b26b141e046
75.039217,67.384938,16.69,2015-09-01 14:16:00,c7455939-1d06-4598-91bb-f83e61f48a01
75.044717,67.402282,16.7,2015-09-01 14:18:31,1b031de9-066f-4639-9ac6-44461f4cb88c
75.050217,67.419635,16.66,2015-09-01 14:21:02,56478640-054f-4572-b2e4-12744800d9db
75.05565,67.43697,16.57,2015-09-01 14:23:33,43b4a3f6-3526-469c-b152-e5c87107413c
75.061033,67.454333,16.53,2015-09-01 14:26:04,adaa78bc-2a11-4a09-80a7-dcc4f3174c36
75.066367,67.471475,16.51,2015-09-01 14:28:35,c76a7196-071d-42dc-8eba-d80996d336dd
75.07175,67.48864,16.53,2015-09-01 14:31:06,0776bcb2-bee8-470e-941b-ef67f358dd5d
75.077117,67.505677,16.58,2015-09-01 14:33:37,8915d544-a461-4def-b1b8-64e286f941b6
75.082517,67.522892,16.61,2015-09-01 14:36:08,22ffc5b8-7dcf-436c-a0bf-acd6cc6aad9d
75.08795,67.540182,16.64,2015-09-01 14:38:39,0f2b73c8-d4e1-4b5b-9ef4-afa6a2c0ec5d
75.093333,67.557662,16.68,2015-09-01 14:41:11,a0197967-b31f-4d7f-b9ab-c16304558e30
75.098733,67.575222,16.82,2015-09-01 14:43:42,7c756446-1c63-453d-a3ad-f6307f09faab
75.104167,67.592808,17.02,2015-09-01 14:46:13,4abefa7b-3770-4c80-a70e-a94f1ef37d4f
75.109667,67.610542,17.26,2015-09-01 14:48:44,ae4331a4-0aef-4bb1-9b7c-b7977ad487ec
75.1152,67.628037,17.47,2015-09-01 14:51:15,c2b5949f-ee8e-497c-919b-82ad2dbd22c2
75.12075,67.645338,17.59,2015-09-01 14:53:46,1edf3cf8-dab1-43d0-9cf8-d733af8d619a
75.126317,67.662482,17.61,2015-09-01 14:56:16,3ee0e860-2b78-4e73-a43f-32509451a2a5
75.131883,67.679765,17.64,2015-09-01 14:58:47,fe7d3333-c81a-4293-9d0d-672faedf1746
75.137367,67.69672,17.71,2015-09-01 15:01:18,3466fb76-2180-41cc-9083-1852563c8b4a
75.1429,67.713852,17.74,2015-09-01 15:03:49,44d003e2-f722-4776-ba2b-529ccdc48076
75.148367,67.73102,17.74,2015-09-01 15:06:20,7804d460-c03b-4f42-8fb0-24a8430d9605
75.15375,67.748567,17.76,2015-09-01 15:08:51,9a672c0f-00b6-4bbe-bce4-f21f57da5427
75.1592,67.765948,17.65,2015-09-01 15:11:21,44515688-43b8-47d5-89e7-233237422073
75.164633,67.783255,17.52,2015-09-01 15:13:53,7657d1fb-feb3-495d-b9fb-2fef733ce1c7
75.169917,67.800302,17.54,2015-09-01 15:16:23,5b33f736-f231-4c88-8d6e-545bf12985f3
75.175133,67.817153,17.53,2015-09-01 15:18:54,b6da1b27-75b7-4f04-9c8d-c71ccdb93ce8
75.180233,67.833578,17.56,2015-09-01 15:21:25,06faec3f-f2a3-4077-9c00-b4c6b8f9b0e5
75.185333,67.849703,17.59,2015-09-01 15:23:56,fa143c0f-ecc8-4355-b40e-48ddb6ef9ddd
75.190333,67.865492,17.51,2015-09-01 15:26:28,5e622ce7-e4ff-4881-af1d-de3ab04e4a4d
75.195,67.880205,17.45,2015-09-01 15:28:59,297a7e98-9734-4833-91ff-658417a6bbd0
75.199033,67.893863,17.2,2015-09-01 15:31:30,d7b68859-8f4a-407c-a512-3b1975bb8d8d
75.201317,67.902585,17.07,2015-09-01 15:34:01,aa0e6d33-dfc4-4ad4-89e7-bd56cb8f3407
75.2023,67.910408,16.95,2015-09-01 15:36:31,ecc72aa7-6222-472b-af94-3b8f334f7643
75.20125,67.916932,16.9,2015-09-01 15:39:03,683fe01c-c07d-4cd6-8d8a-20823ed13f8a
75.19895,67.920245,17.08,2015-09-01 16:23:05,c8a4fc83-2f9c-4cd2-b952-a2617be0ea55
75.200483,67.929737,17.1,2015-09-01 16:25:36,bc29221b-5f9c-4fbc-9f3a-5266697e9980
75.204467,67.943812,16.67,2015-09-01 16:28:07,81ab47b1-9abc-4740-859f-051d5428f46f
75.20935,67.961228,16.66,2015-09-01 16:30:38,2a2ac0e6-0cc8-447c-a4cd-cfe9d10d7600
75.214483,67.979657,16.68,2015-09-01 16:33:10,df9efd48-4a51-4beb-af37-78cd7941b751
75.219633,67.998582,16.69,2015-09-01 16:35:41,99ded05c-c36f-4b9f-90e9-bf943d62f878
75.224817,68.018068,16.71,2015-09-01 16:38:12,9cac924a-4a2d-48c3-b306-cefbc57272c7
75.229933,68.037442,16.69,2015-09-01 16:40:43,3eb0adc0-3739-4ba6-9706-4bf68a1a35b8
75.235067,68.057093,16.56,2015-09-01 16:43:14,14b7bfa3-912c-467b-a6d7-1ed58e196f76
75.240167,68.076557,16.56,2015-09-01 16:45:45,7992d564-b9f9-45ef-a95c-0e7d7fbfd9cd
75.24525,68.096025,16.62,2015-09-01 16:48:16,07f8a577-506c-4fd2-93c1-202f58941c7f
75.25035,68.115528,16.72,2015-09-01 16:50:47,e9741728-9225-46cb-944a-8c1f26f02d8b
75.255417,68.135183,16.86,2015-09-01 16:53:18,479f0313-ec0c-4715-9b48-662c9c31d51c
75.26035,68.154723,17.1,2015-09-01 16:55:49,27ebbdaf-32ce-4a33-af96-e7b696e92720
75.265333,68.174065,17.09,2015-09-01 16:58:20,28f98a6a-2eaa-4a68-b39a-a1c8a585fd2f
75.270267,68.193288,16.93,2015-09-01 17:00:51,f26ce0f6-680e-4fe3-a70c-026f8239e4af
75.275217,68.212503,16.97,2015-09-01 17:03:23,871cf57e-367b-40e1-a767-49ec01b59659
75.280267,68.231542,16.54,2015-09-01 17:05:54,809c6ae3-a3bb-4ce5-8a92-0af5c0e1f285
75.285317,68.250605,16.3,2015-09-01 17:08:25,07ba1dfc-81c2-4b61-92dc-d6105ad3565a
75.290417,68.269647,16.19,2015-09-01 17:10:56,aae88455-6470-4d22-a005-c0d688fc8f6f
75.2955,68.288632,16.11,2015-09-01 17:13:27,cea4b48e-2a1e-4d01-9648-1b4a61c1e4cb
75.300583,68.307795,16.15,2015-09-01 17:15:59,28e96507-803c-4547-b3e7-3110b3f83d97
75.3057,68.326883,16.01,2015-09-01 17:18:30,9047ffa3-ebdd-4751-a695-a62230926d40
75.310733,68.345907,15.93,2015-09-01 17:21:01,27e8eb26-c3fb-4033-91d1-1caefcad0e88
75.315717,68.364982,15.94,2015-09-01 17:23:33,93e84223-af82-4899-99b9-5ed723b8125b
75.32065,68.384242,16.05,2015-09-01 17:26:04,7d8148f2-8b6c-433d-aaaa-0374611b9fd1
75.325533,68.403668,16.14,2015-09-01 17:28:35,245d1100-0785-4d79-8f4a-6cd93cd30fc5
75.3304,68.422982,16.46,2015-09-01 17:31:06,2c81a3c4-c1a7-4e83-a8b3-baf5f1107c0e
75.335283,68.442352,16.81,2015-09-01 17:33:37,9001b8de-f727-4c5c-82d4-1d43dcc13c0d
75.339983,68.462353,17.16,2015-09-01 17:36:08,7e4a30ad-bcc7-44c4-8c93-c33455cf301b
75.344717,68.482425,17.19,2015-09-01 17:38:39,596776f4-73be-4cea-ba03-357a1f9a63c6
75.349417,68.502473,17.18,2015-09-01 17:41:11,79e43aa7-9d55-4189-8cf6-f305a70db1ca
75.354167,68.522578,17.26,2015-09-01 17:43:41,7c23444d-ad73-4c2e-8ab5-59dd10c5b1b0
75.358917,68.542502,17.26,2015-09-01 17:46:12,6a6a5816-48b4-4b7d-9055-be404edc4b92
75.3637,68.562528,17.23,2015-09-01 17:48:44,d323acd6-30f7-4f9a-bab8-bda191fb60e5
75.368467,68.582407,17.11,2015-09-01 17:51:15,bcd85fc3-b351-442f-b2aa-0ca4c06c0a22
75.373217,68.602407,17.01,2015-09-01 17:53:46,db7771eb-23ea-4dcb-bee4-3d3296ec1c30
75.378017,68.622547,16.99,2015-09-01 17:56:18,3de17837-cc2d-469f-9c01-14f2b9101d5b
75.382667,68.642295,16.98,2015-09-01 17:58:49,e5f989b7-6df9-422d-a59f-e93148aa5fb8
75.3874,68.662188,16.98,2015-09-01 18:01:20,49c072ce-59b4-4cfb-880b-5c3f3500279f
75.392083,68.682175,16.97,2015-09-01 18:03:52,dbc18194-f204-47f9-9a93-e8c0aada6d54
75.396833,68.70232,17.0,2015-09-01 18:06:23,5a607cf4-b4a7-4f09-9461-8afb615aff5f
75.4015,68.722325,17.06,2015-09-01 18:08:54,42aabc76-d00d-40da-98c9-2a55f38b488d
75.40625,68.742633,17.11,2015-09-01 18:11:25,b3e77411-86b4-4ce2-b584-60e5e5409647
75.411033,68.763067,17.23,2015-09-01 18:13:57,cc1d4f08-ec1e-4601-bff7-107174a657dd
75.41585,68.78327,17.31,2015-09-01 18:16:27,59b2121e-fdff-40e6-84c4-6e270a0de608
75.420767,68.802683,17.18,2015-09-01 18:18:58,593c1d69-eb73-4617-8b6e-370fc319f80d
75.42565,68.822053,17.0,2015-09-01 18:21:29,ca30675e-3f83-412e-90cb-e1a86dd3b565
75.430667,68.841035,16.99,2015-09-01 18:24:00,d568639f-efdd-47c9-bf79-ea1759e84e6b
75.4356,68.8602,17.02,2015-09-01 18:26:31,688a1539-4868-4c87-bc8b-f092d6c72232
75.440583,68.879395,17.02,2015-09-01 18:29:02,bf1e8653-742b-4c8c-b00c-c7d070c6f3b5
75.44565,68.898612,17.04,2015-09-01 18:31:34,b2dfe16b-8959-4191-bb2c-8b011b6325a3
75.450567,68.917645,17.19,2015-09-01 18:34:04,b8011eed-9e1c-4a02-a0c2-c450d579f2e2
75.455533,68.936768,16.96,2015-09-01 18:36:36,ea58dc90-8ecc-4032-9048-b0753cf338ef
75.460483,68.955868,16.83,2015-09-01 18:39:06,1d8739c3-ab3e-4d1f-8a9d-1ad5724e2ea8
75.46545,68.974822,16.85,2015-09-01 18:41:37,ff756101-e1da-4aef-a5a2-e394a26cf04d
75.470483,68.993875,16.84,2015-09-01 18:44:08,522476ca-a2ee-46ef-8661-e4c89d5a066c
75.47535,69.013002,16.79,2015-09-01 18:46:39,b59914c6-9091-4700-af74-0657cae84ce2
75.480167,69.032613,16.83,2015-09-01 18:49:10,2c8020bd-65b6-4c96-b44f-1969b3fe42a7
75.48495,69.052147,16.6,2015-09-01 18:51:41,24ee8442-6950-4d72-99a4-5365ff0c4b39
75.489783,69.071762,16.51,2015-09-01 18:54:13,09214089-58c6-4ffe-a718-c48e69836541
75.494667,69.091602,16.45,2015-09-01 18:56:44,ba4c5a41-8830-4627-90db-7c1f18e55afa
75.499533,69.111398,16.44,2015-09-01 18:59:15,0119f65e-ef8b-4647-9f9f-8a4fb7e0c891
75.504367,69.131225,16.53,2015-09-01 19:01:46,b1826b9f-eb56-4f93-8a7f-4bf27f851818
75.5092,69.15093,16.68,2015-09-01 19:04:18,b202a5ad-2958-4a41-a78b-ad0c218afb00
75.51405,69.17096,16.72,2015-09-01 19:06:49,95d8157c-e5f7-4cbd-918c-2b72a1b13c99
75.518983,69.190518,16.75,2015-09-01 19:09:20,82475918-4624-4954-82fd-dfd27dc4a7ab
75.523533,69.208188,16.78,2015-09-01 19:11:51,78daa5c1-5809-42c9-a52c-124c23ead565
75.526383,69.218397,16.62,2015-09-01 19:14:22,fb379f78-6553-4d14-a706-a54267762955
75.528883,69.226217,16.57,2015-09-01 19:16:53,9a6c9b50-3bbd-4d1c-be17-38fe0e220b72
75.531617,69.234447,16.57,2015-09-01 19:19:24,eeed348f-08d2-4711-9055-e769c7cd26f6
75.5334,69.239838,16.56,2015-09-01 19:21:55,d6b3a1d1-e9e9-4784-bfe0-78c0d5234aa7
75.536517,69.284672,16.59,2015-09-01 21:02:02,ccfb714b-79bd-49d6-abbe-1310cce01bec
75.5414,69.300608,16.57,2015-09-01 21:04:33,67fa4311-567c-4492-9a5f-0dab43dda3b9
75.546567,69.317518,16.57,2015-09-01 21:07:04,641ea04a-352c-4949-985e-bd75ff9b1d58
75.55205,69.335552,16.58,2015-09-01 21:09:35,3861b33b-2949-4842-9fd2-900c106a412b
75.5578,69.35423,16.56,2015-09-01 21:12:06,4f56d2b1-006e-4c42-869f-a3816003a2a7
75.563717,69.373377,16.56,2015-09-01 21:14:37,5a4be035-2694-4223-a84f-806599b1fc11
75.569583,69.392532,16.58,2015-09-01 21:17:09,37509460-132b-4797-b6c2-9a9b67d8a263
75.57545,69.411745,16.58,2015-09-01 21:19:40,b5621a4c-df3c-4d02-ac20-c18fdc4b532d
75.581417,69.43109,16.57,2015-09-01 21:22:11,09b5516c-b18d-4bf5-bf85-a331623094cc
75.587383,69.45051,16.56,2015-09-01 21:24:42,b5f0d715-4eee-42c4-84dc-511d4feabae6
75.593433,69.469857,16.57,2015-09-01 21:27:14,7760f3db-a3c4-4571-8232-5a186bbfe378
75.5995,69.489377,16.59,2015-09-01 21:29:45,b54f5649-82d0-452e-a704-2977c1df9fcc
75.605583,69.508782,16.62,2015-09-01 21:32:16,d6f41a36-5d8e-4957-93f6-cf1e0dc93fd1
75.611733,69.528298,16.7,2015-09-01 21:34:47,ec2f6516-4a8e-435b-b3aa-60b94912d539
75.61785,69.547567,16.8,2015-09-01 21:37:19,99410464-c5a4-47a1-8358-ace491519fb3
75.623883,69.567055,17.03,2015-09-01 21:39:50,22a2109f-f03e-4176-ade9-a5c45d4188a3
75.630017,69.586343,16.94,2015-09-01 21:42:21,10515ac1-405a-435e-87df-00beb89ad567
75.63615,69.605798,16.83,2015-09-01 21:44:52,dba5656f-8753-4dd3-8b64-d11960757199
75.642183,69.625613,16.97,2015-09-01 21:47:23,f8718be3-f82a-4f56-8681-861b2d1e9cab
75.648217,69.645862,17.09,2015-09-01 21:49:54,94640f35-6232-4444-904d-ff559e36d32c
75.654267,69.665682,16.83,2015-09-01 21:52:25,28a30870-928c-469e-ac11-2d6b103da92b
75.66025,69.685053,16.76,2015-09-01 21:54:56,75d48a57-4713-4ea1-883a-56324e148ad3
75.666217,69.704908,16.79,2015-09-01 21:57:28,095f67b0-9b2a-4bab-bbf0-0043304d2a80
75.672117,69.725045,16.94,2015-09-01 21:59:59,b632879e-c667-46ff-86ce-542692d3ca9f
75.678033,69.745117,16.3,2015-09-01 22:02:30,16665645-a5fd-4ce4-9cce-24e510f72d21
75.68375,69.764627,16.07,2015-09-01 22:05:02,de0f6d0a-4b14-4d02-96be-cf600c02faf8
75.689483,69.784055,16.02,2015-09-01 22:07:33,e605e299-28eb-4ad4-9040-7320ab1293b5
75.695283,69.80319,16.01,2015-09-01 22:10:04,440ff020-50fd-47c6-ab0d-1036b527e4bb
75.701067,69.82257,15.99,2015-09-01 22:12:35,c242553e-2885-472e-8dac-0dc45df77aa0
75.706883,69.842168,15.9,2015-09-01 22:15:06,df388c72-30c3-462c-8d42-7464e9625f3d
75.712683,69.861695,15.84,2015-09-01 22:17:37,b0627631-481b-4ada-9db5-b0a788df4819
75.71855,69.881622,15.81,2015-09-01 22:20:08,30dfd36a-b8d4-4954-b226-c5afb30eb4de
75.724383,69.901157,15.74,2015-09-01 22:22:39,3a51e1ce-9101-469c-8acc-3e97af3fe947
75.730117,69.920805,15.7,2015-09-01 22:25:10,3d90526c-6754-4016-bd3e-1d57562191cf
75.735767,69.940318,15.7,2015-09-01 22:27:41,ba10c409-61ac-43d9-9978-0281a4d4aa8d
75.741617,69.959492,15.69,2015-09-01 22:30:13,0b87cdd1-3e51-428d-a590-087390e8588e
75.747367,69.978767,15.67,2015-09-01 22:32:44,06a489de-91ed-41b8-9ad7-d2aaa631a57b
75.753083,69.99815,15.61,2015-09-01 22:35:15,1a9ce7c3-cb97-44cc-9d8d-9fc9b6fe681c
75.75885,70.017387,15.63,2015-09-01 22:37:46,6ce45997-8190-4758-932d-bea9ae45bd8a
75.7646,70.036945,15.65,2015-09-01 22:40:17,dae3d8b4-676d-42be-9b46-94a16318b310
75.770333,70.056607,15.63,2015-09-01 22:42:48,de416c96-8b48-4ec9-9800-deccefde6d31
75.77605,70.076423,15.61,2015-09-01 22:45:19,6df417df-44fd-4139-b8dc-04120ded2c16
75.781733,70.096243,15.65,2015-09-01 22:47:50,46005ae4-365b-43ea-a23a-8ac8ef247f08
75.787433,70.116295,15.84,2015-09-01 22:50:21,00772b06-b159-4c53-8e7b-b72dd3efbea8
75.7931,70.136123,16.28,2015-09-01 22:52:52,5edb23d8-4d76-4398-ad1e-d730a23c2196
75.798733,70.156085,16.33,2015-09-01 22:55:23,376d602c-fada-487c-96dd-56452c78ddcb
75.80435,70.176285,16.36,2015-09-01 22:57:55,d18f6071-7939-4bc9-a50c-78ee98b58258
75.809967,70.196508,16.33,2015-09-01 23:00:26,c2191778-70c3-46ea-a25d-ed69c3cacd38
75.8156,70.216738,16.35,2015-09-01 23:02:57,0d2f38cd-084b-45a4-9777-da2048d8aef8
75.821217,70.236945,16.46,2015-09-01 23:05:28,be7c63ac-3e28-4af2-878c-eab98679db04
75.826867,70.256867,16.53,2015-09-01 23:07:59,8030d24a-cab5-41cc-aae9-a77fcbc2dfbb
75.8327,70.276185,16.61,2015-09-01 23:10:30,a8193e39-5539-47a6-b544-ba23cce35b35
75.83855,70.295738,16.69,2015-09-01 23:13:01,f865d8d2-9173-45ae-a55e-6bc2c4ae7219
75.84445,70.315287,16.83,2015-09-01 23:15:32,158988fc-9dec-4e5d-a38f-78eab109176f
75.8504,70.33479,17.46,2015-09-01 23:18:03,f1381d50-92be-49f5-8898-d053460f7b63
75.856367,70.353963,18.43,2015-09-01 23:20:34,f1db3f8b-d837-4ea4-a346-c5cb17c0784e
75.862367,70.372602,19.11,2015-09-01 23:23:05,f6d79c8c-cdc1-4f6e-b422-f2a651593f08
75.868567,70.389627,19.15,2015-09-01 23:25:36,e20f2754-bf93-4435-83aa-effbed71707d
75.87475,70.406508,19.1,2015-09-01 23:28:07,b47b611b-d26a-47ab-9b10-294a83ee361e
75.880983,70.423182,19.15,2015-09-01 23:30:38,9236d347-bbf2-4c25-beb2-76cd47405872
75.887183,70.44025,19.02,2015-09-01 23:33:09,c8a0fe4c-bf12-4a8b-a82f-66c158939c97
75.893333,70.45718,18.63,2015-09-01 23:35:40,b7f179fa-9b90-4e83-b13b-f69ed0fba6cb
75.8993,70.474458,18.35,2015-09-01 23:38:12,8f9afbee-e59e-4408-8800-daf97a278f9c
75.905117,70.492277,18.19,2015-09-01 23:40:43,285790ad-4761-4d9f-a56b-1411ae97496e
75.910983,70.510677,18.09,2015-09-01 23:43:14,29fec489-88b5-413f-9647-5fb0126f4106
75.916633,70.529118,18.0,2015-09-01 23:45:45,ef7f882a-2015-4703-a43d-a15f54b892c4
75.922117,70.54836,17.91,2015-09-01 23:48:16,5fcd3e5a-dd6f-44c5-86a8-1acfb8c2beab
75.92715,70.56695,17.9,2015-09-01 23:50:47,a41c6f89-4efa-4e18-895e-db92989a69dc
75.931583,70.58413,17.88,2015-09-01 23:53:18,5492119b-c382-45ae-b234-57151989ae77
75.932783,70.595527,17.87,2015-09-01 23:55:49,4c0d63a7-de4e-47ca-b3bc-9d515a8ae998
75.93245,70.602712,17.89,2015-09-01 23:58:20,6de4b82a-7ba4-4b36-8cbb-4094a98964c9
75.931567,70.611447,17.81,2015-09-02 00:34:54,d801f780-3b29-47e3-bb84-9c136306d077
75.933283,70.620355,17.78,2015-09-02 00:37:25,d64d010a-2b43-4108-ad75-d455b811cf5a
75.93695,70.632095,17.73,2015-09-02 00:39:56,aba6d647-a22c-417a-b236-eb60ffbb1296
75.941217,70.646198,17.63,2015-09-02 00:42:27,0378ddf3-6e56-42e1-a0c3-744b59f3b4ee
75.94635,70.664377,17.57,2015-09-02 00:45:13,a7ca2f9b-0843-4fce-ae74-55714f1f25c8
75.951317,70.682647,17.51,2015-09-02 00:47:44,ed9bccff-ba45-43d4-a185-d85ad8d64de5
75.9564,70.701497,17.47,2015-09-02 00:50:15,65cc4f63-e10c-4e61-ba2f-1cb018f78aac
75.9616,70.72081,17.46,2015-09-02 00:52:47,ca82cedc-8e51-4b2a-9d52-38f945d6f662
75.966833,70.740357,17.49,2015-09-02 00:55:18,18404f81-c19b-48f2-aee4-f69ba62b6572
75.9722,70.759675,17.55,2015-09-02 00:57:49,8f5f26dc-6741-4106-bfca-a38c9f6b78b8
75.97755,70.77879,17.58,2015-09-02 01:00:20,18ebbd81-410f-46d3-a501-b7aec27b797d
75.982867,70.79771,17.65,2015-09-02 01:02:51,0c66ac35-8238-4efd-9a9c-1cad841e2439
75.988217,70.816688,17.69,2015-09-02 01:05:22,e1f04a36-130f-4df9-8434-ad4983bcc875
75.99355,70.835707,17.75,2015-09-02 01:07:54,a7fefd48-5201-4113-b630-43ced8160ceb
75.998883,70.854467,17.77,2015-09-02 01:10:25,37e3c249-977e-4e25-b03b-5e9c1ceb154b
76.004233,70.873648,17.77,2015-09-02 01:12:56,298050d5-3d7b-47e6-b518-449a0d9d194f
76.009517,70.892583,17.74,2015-09-02 01:15:27,9fd0bc26-66f9-4573-b598-317eb1a3b5ff
76.01485,70.911822,17.73,2015-09-02 01:17:58,b603bb4b-7d60-4254-bffa-86b4f7b24515
76.0201,70.931163,17.73,2015-09-02 01:20:30,403e890f-77d5-4aa6-833a-46ec9a8632ea
76.0254,70.950632,17.72,2015-09-02 01:23:01,9b97f249-fa42-45d6-9a75-4ff50f0bb0ab
76.030717,70.970027,17.68,2015-09-02 01:25:32,d0089573-572c-4334-b546-2a737b89bfda
76.036,70.989465,17.64,2015-09-02 01:28:03,96e98ff4-dbe4-4886-8bac-5cb0bbdd095e
76.041317,71.0088,17.61,2015-09-02 01:30:35,cf90db87-85c8-410b-9cee-d606d563b6e7
76.0466,71.028323,17.61,2015-09-02 01:33:06,0c87c2ef-4f06-4c45-bb09-280cbf67a329
76.0519,71.047905,17.65,2015-09-02 01:35:37,84d348ee-f9fe-4212-a73f-fb81885ba5a4
76.057233,71.067547,17.7,2015-09-02 01:38:08,2fcf15ef-b543-484e-8163-4929da9e3dbb
76.062533,71.087055,17.69,2015-09-02 01:40:39,602deb92-b35b-474d-b6d9-7cfce2e4efd4
76.06785,71.106623,17.63,2015-09-02 01:43:10,7bb9eb5c-3f15-4f8d-bbe0-3d4fa5807fe6
76.0732,71.126423,17.58,2015-09-02 01:45:41,77a70d56-78b5-4ae7-aa9c-c1f8b737008f
76.078567,71.146023,17.55,2015-09-02 01:48:12,04e9d8c8-2558-4f7d-b499-d61a486d0f6f
76.0839,71.165632,17.59,2015-09-02 01:50:44,54b5193b-76a1-4791-b373-bb015d001ca6
76.08925,71.185472,17.69,2015-09-02 01:53:15,02669acb-8373-413c-9ce6-f9e11a15caa0
76.094617,71.20525,17.84,2015-09-02 01:55:46,1514a941-5e2a-4dcb-ac78-a5ae100ea07f
76.09995,71.225072,17.93,2015-09-02 01:58:17,96fe0abc-b43c-4903-af9e-cc69e3d4141e
76.105233,71.244852,18.06,2015-09-02 02:00:48,313d4081-03f6-43c5-b5d1-6f0e36b2ae70
76.110583,71.265005,18.15,2015-09-02 02:03:19,0b2fa612-1886-4bea-bb5e-a455604b4ff5
76.115883,71.285122,18.28,2015-09-02 02:05:50,5ace4d35-ab3b-48f2-be27-5b208dbb9bb3
76.12125,71.304968,18.32,2015-09-02 02:08:21,1080b8b6-5d8e-40a0-9a05-42a3192f81aa
76.126583,71.324777,18.27,2015-09-02 02:10:52,c9e9d690-8db1-4438-949a-fdb8aabbf2c5
76.131883,71.344748,18.26,2015-09-02 02:13:24,1613b1c8-7a21-4b03-8085-5b994c5fc7d5
76.137217,71.36489,18.19,2015-09-02 02:15:55,748179a0-a539-42ca-9bcf-e47bf96dd9af
76.14255,71.385178,18.15,2015-09-02 02:18:26,fd89bfbc-caf2-4609-b838-065337296aab
76.147833,71.405223,18.16,2015-09-02 02:20:57,59bf7dc4-2f93-48c5-b4bb-219b0c11d126
76.1532,71.425922,18.17,2015-09-02 02:23:29,e7a12a11-26ef-4901-ad57-759bcd5a078f
76.158533,71.446298,18.16,2015-09-02 02:26:00,2ca0ecff-88cf-4134-8931-5919e81cb987
76.163867,71.466853,18.13,2015-09-02 02:28:32,132cc9e0-6830-489b-8e19-c528811a2a87
76.169183,71.487238,18.12,2015-09-02 02:31:03,d239152b-7b01-4752-af55-7b4f8155be99
76.174483,71.50768,18.14,2015-09-02 02:33:33,4e75728b-6db9-4aaa-abe9-cce87d4fc3df
76.179767,71.528325,18.21,2015-09-02 02:36:04,8a93e1db-2278-4648-b826-6bf671eda34f
76.185067,71.549125,18.18,2015-09-02 02:38:35,b7385a3a-a0dc-4583-a71e-86a957678dbb
76.190317,71.570477,18.22,2015-09-02 02:41:06,4b2d51f9-d603-4a64-b8e1-8c23a69e7993
76.195583,71.59165,18.42,2015-09-02 02:43:37,f0530969-c5a1-41ab-a940-b5f0f184ca26
76.200917,71.613042,18.32,2015-09-02 02:46:09,bb15e0be-87bf-458b-bf19-943666f5e5d3
76.206317,71.634595,18.35,2015-09-02 02:48:40,e8593eb1-76f8-4029-99a4-bc17a84db234
76.21165,71.65626,18.5,2015-09-02 02:51:11,4004ec22-9036-44aa-9844-a064016d11df
76.217117,71.678175,18.65,2015-09-02 02:53:42,77390650-721b-4153-a405-feffa2ed0ad5
76.2228,71.699092,18.81,2015-09-02 02:56:13,2a93b24b-baae-40a9-a76d-28065accfcbf
76.2285,71.72008,19.0,2015-09-02 02:58:44,e5bb52fc-5735-44b8-ace6-5acb8d2419d7
76.23425,71.740765,19.24,2015-09-02 03:01:15,7d6427fe-3544-4ced-810b-ff74d9943b70
76.23995,71.7617,19.35,2015-09-02 03:03:47,efca75ae-82b2-4842-8452-5037111565d1
76.24565,71.782892,19.43,2015-09-02 03:06:18,a46e7db9-e11f-4837-9b15-7134fd974ce1
76.251333,71.804377,19.61,2015-09-02 03:08:49,d525ab7d-278c-41a5-b925-0eb2549abf32
76.256967,71.825612,19.88,2015-09-02 03:11:20,80ab04bf-0189-4851-b2b0-ce0cc32abfba
76.2626,71.846622,20.11,2015-09-02 03:13:51,ee934b0d-addc-47b4-bfda-ae09c6c61f00
76.2682,71.867427,20.14,2015-09-02 03:16:22,50962287-3ad6-4398-83bc-7924d5b005c9
76.273983,71.887917,20.13,2015-09-02 03:18:53,423cf424-2232-421d-8e19-6bd6e7e4fcf7
76.279783,71.908673,20.12,2015-09-02 03:21:24,3d4f26ed-8490-4bb2-9896-23c4371fc20d
76.285633,71.928778,19.89,2015-09-02 03:23:55,6d32c06c-7e69-4296-83b7-721c78828d74
76.29155,71.948428,19.69,2015-09-02 03:26:27,5c0c0b2a-2758-4a49-a0e4-73f48aed43b1
76.29765,71.968125,19.46,2015-09-02 03:28:58,69058422-e4b3-4769-b79a-2400f854706b
76.303783,71.987627,19.37,2015-09-02 03:31:29,6c6acf45-afd9-4872-955e-5326169e3b95
76.3099,72.007218,19.28,2015-09-02 03:34:01,47ed1a55-5813-4cf0-8c01-ff074ffc3843
76.3159,72.027118,19.48,2015-09-02 03:36:32,177fd7be-3ddf-4bd6-b974-5047311e39c9
76.32195,72.046838,19.78,2015-09-02 03:39:04,05c8a849-7ae8-48f4-933a-035ada686145
76.328033,72.066197,20.09,2015-09-02 03:41:34,1ce4f80f-5efb-415a-a4ff-fa94f9399230
76.334067,72.085592,20.14,2015-09-02 03:44:05,a01638e6-d3bc-4112-a986-a462c9bc2096
76.34,72.105568,20.17,2015-09-02 03:46:36,563b43c8-2d4e-4ab0-8ff5-c1fd65f61f36
76.345817,72.12535,20.28,2015-09-02 03:49:08,fe8a29ef-dadc-4b36-b522-8e6f8563735e
76.351383,72.14476,20.48,2015-09-02 03:51:39,05645229-3f66-4aeb-b827-83d8dd1f7e8e
76.355733,72.161768,20.57,2015-09-02 03:54:10,96e0499f-5ab3-410e-b7f4-4af3d94f773c
76.3584,72.173023,20.53,2015-09-02 03:56:41,adb153c4-827f-4844-9e1d-08d6d291ca3f
76.3599,72.181827,20.52,2015-09-02 03:59:12,f88c2c90-d7a5-469f-ba5a-e4c91ef0421e
76.3602,72.190673,20.46,2015-09-02 04:01:43,b8eb43c4-38e1-4656-bb9c-139efbb04b4c
76.3583,72.210873,20.58,2015-09-02 04:41:32,23f7c71c-5bac-4e00-97f8-9de7963ed002
76.357283,72.198218,20.6,2015-09-02 04:44:03,59d60170-1807-4c41-a29b-ad3aac419d91
76.355017,72.224242,21.34,2015-09-02 05:56:16,a2996a08-56bb-43ec-bbec-12ccce710ff5
76.357233,72.214037,20.73,2015-09-02 05:58:47,5a8f2c3f-7e58-4e93-9a26-ade35e11efd5
76.3603,72.19587,20.8,2015-09-02 06:01:18,c58ed2b1-212c-4956-b35f-078c703f5647
76.36355,72.174655,21.04,2015-09-02 06:03:50,f40c2183-6ea0-4a53-bc58-fd7d357673b2
76.367,72.151382,21.29,2015-09-02 06:06:21,b466a87b-83f5-4c01-ada2-d7774c3e343d
76.37055,72.126737,21.69,2015-09-02 06:08:52,6f0f2f09-651e-4ec5-97af-9b54454e3af1
76.37415,72.101747,22.03,2015-09-02 06:11:23,afa8a571-7742-4901-9f8d-88d76dd9b772
76.377733,72.07669,22.24,2015-09-02 06:13:54,a0adf3ea-c27d-4d62-bf3c-f4f3283e98d4
76.381367,72.051323,22.65,2015-09-02 06:16:25,966b7a17-ec47-4ec0-8b8d-51bbad386517
76.38495,72.026042,22.71,2015-09-02 06:18:56,283346be-aa51-4631-acbb-1318001dc600
76.388433,72.001208,22.6,2015-09-02 06:21:27,dd331040-d924-4c42-adcc-1f31c5dd499c
76.391917,71.976105,23.07,2015-09-02 06:23:58,e7e16870-e7c6-4474-906f-ae733b412ee0
76.395317,71.950947,23.31,2015-09-02 06:26:29,fe6a2308-c600-4416-99ef-97457fab90b7
76.398767,71.925815,23.69,2015-09-02 06:29:00,bb0b2dda-58f6-4136-8922-0dc4db0531cf
76.402183,71.90047,24.18,2015-09-02 06:31:31,39a86b48-4c8a-4610-9c60-062de965abb0
76.4058,71.875625,24.6,2015-09-02 06:34:02,0def150f-425d-487d-b69e-151980cb5e2e
76.409867,71.851715,24.86,2015-09-02 06:36:33,5439627b-ba0c-4427-99ae-9c02991746be
76.414117,71.828547,25.56,2015-09-02 06:39:04,495ecd30-2ed6-4e65-838e-f4f710b56cc8
76.418467,71.804935,25.67,2015-09-02 06:41:35,b04f2db7-246f-4abe-a617-5500b0006d7b
76.422817,71.781457,26.07,2015-09-02 06:44:05,4592f577-daba-4893-920e-29aeb70fb94a
76.427133,71.75766,26.48,2015-09-02 06:46:36,7b64afcd-3372-4656-882c-789cafd7b023
76.431433,71.732973,26.15,2015-09-02 06:49:07,bbc2ef08-ddd3-411f-b0db-261e535bf032
76.43575,71.707607,25.04,2015-09-02 06:51:37,4694ab8b-1a82-48f1-b2c1-060daca57978
76.4401,71.681803,21.61,2015-09-02 06:54:08,817c33f3-3e60-4de9-b2c4-9da5d8beb326
76.444117,71.659523,21.31,2015-09-02 06:56:39,fab22bc2-9be1-40c6-9df0-49648732dbca
76.447017,71.643312,21.24,2015-09-02 06:59:10,5aeca9e2-2401-40dc-93ca-5921d3e2af29
76.44905,71.632277,23.15,2015-09-02 07:01:41,d2fcca04-7e2f-49cf-b99d-be528e205d04
76.450533,71.625353,25.89,2015-09-02 07:04:12,53e66fcf-d11d-4f32-941a-73d5d4e4d1d9
76.451383,71.618513,22.3,2015-09-02 07:06:43,a37868db-4e05-4872-b149-fae53532f57d
76.457,71.628455,23.58,2015-09-02 09:13:07,b9e41b13-72ba-41ff-ae3b-a3d6be4443cb
76.454617,71.639355,27.39,2015-09-02 09:15:38,e30f538f-bbf4-4798-a1df-ce7e935ad45b
76.451917,71.649812,26.49,2015-09-02 09:18:08,85794a2a-6cb5-422d-aad4-b06cda7debfd
76.4493,71.660202,27.7,2015-09-02 09:20:39,c8f4b768-195f-453b-99e3-dd01eea8a4de
76.446817,71.67027,28.5,2015-09-02 09:23:10,9fc47651-6486-4299-8991-ca0a316708d1
76.4442,71.680617,29.01,2015-09-02 09:25:41,ff666ee1-98fe-4225-a77d-8ea972be9366
76.441683,71.690837,29.2,2015-09-02 09:28:12,ef652e6d-7032-454e-98a0-8dd591c7f443
76.439167,71.701447,29.31,2015-09-02 09:30:42,53379f25-69f6-4cbe-819b-3ee365746b03
76.436933,71.712362,29.46,2015-09-02 09:33:13,2403f664-98a7-48d2-808c-5a1c30b74c22
76.434617,71.723072,29.65,2015-09-02 09:35:43,d9b70c87-c252-4903-b725-f561ff9ea83d
76.43225,71.73414,28.19,2015-09-02 09:38:13,35760bf6-6209-4f4c-83aa-55cfd0054569
76.429883,71.74494,27.52,2015-09-02 09:40:44,d3280723-5715-4314-84ad-c4ff3391e48b
76.427483,71.756508,26.84,2015-09-02 09:43:15,400178ac-328a-4fb5-83b4-540b7976f7a2
76.425267,71.767848,26.11,2015-09-02 09:45:46,eba24341-a4e3-427b-aff6-663356441b2f
76.423017,71.779435,25.25,2015-09-02 09:48:17,f36e65ef-918c-4265-b904-29117ab0010e
76.420833,71.791113,23.67,2015-09-02 09:50:48,7020377e-5a20-4275-a583-489c093917dd
76.42005,71.803863,22.95,2015-09-02 09:53:19,45536cae-cfeb-45a3-b41e-b06d7622cd76
76.422367,71.810588,26.98,2015-09-02 09:55:50,84db84ed-1065-43ad-9ba6-49faf8f5a7dc
76.4249,71.802045,26.4,2015-09-02 09:58:21,52a5919c-cb7a-426a-ac81-99f9fadd58d5
76.426917,71.78977,27.63,2015-09-02 10:00:52,d38dbf75-f12a-43d1-b85f-ac05c5492a50
76.428733,71.777027,28.46,2015-09-02 10:03:23,4dafaa25-0472-4fe6-9050-1473125637ef
76.430583,71.764325,29.23,2015-09-02 10:05:54,81fcad31-a42c-4190-8082-5d4de385c58a
76.432267,71.751265,28.76,2015-09-02 10:08:25,9dbf059c-6f0b-456d-a485-6bd124be4815
76.434,71.737878,27.2,2015-09-02 10:10:55,3921e27e-0102-41ff-82a8-52bfc145282c
76.435717,71.724632,26.73,2015-09-02 10:13:26,7f16c9d1-9124-4aee-acd6-070bb761335e
76.437417,71.711767,26.25,2015-09-02 10:15:57,99401e0b-14cc-4e1d-9820-51f467caff45
76.439317,71.698808,25.98,2015-09-02 10:18:28,21c75143-be59-47c8-9245-44ceb68cba87
76.441067,71.685955,25.25,2015-09-02 10:20:58,75246e5d-ea89-4fea-b47c-f9e8830bd612
76.442783,71.67283,23.27,2015-09-02 10:23:30,4863a353-d04d-47d2-bf1a-c11c8753156c
76.44455,71.65974,24.1,2015-09-02 10:26:01,86f43421-4f39-4f9a-8450-14ef90cb5d11
76.44625,71.646625,22.1,2015-09-02 10:28:32,064f52ef-602d-49c1-8527-28124ee21ace
76.447917,71.6336,21.35,2015-09-02 10:31:03,c966cb21-16b5-4b33-9f27-f98a8f97a3ea
76.44965,71.620505,21.35,2015-09-02 10:33:35,161314fa-c391-41ec-a4ee-d74bd29ecf1f
76.4514,71.607412,21.43,2015-09-02 10:36:06,59fb7926-fd48-49cf-86c3-e8a6240d4738
76.453783,71.5962,23.42,2015-09-02 10:38:37,163a3fb4-f6c5-43f3-832a-c0cf12646b6a
76.456467,71.58639,23.31,2015-09-02 10:41:08,6753fde7-0906-49cb-a2d2-d2aa281d935f
76.45945,71.578462,22.68,2015-09-02 10:43:39,aa35d4b1-e262-4eba-bd68-3fbade9aec74
76.4625,71.570387,22.4,2015-09-02 10:46:10,3c50c669-12e0-4a64-84d9-a7e6af492101
76.465517,71.562318,22.65,2015-09-02 10:48:41,0d1fa9bd-ffab-4e67-9089-461a41480432
76.4685,71.554205,22.15,2015-09-02 10:51:13,a1b928b9-2633-49ed-bb3c-ce2088b5b998
76.471583,71.546265,21.57,2015-09-02 10:53:44,b98730cb-977a-472f-b5b5-7813be85a251
76.474583,71.538673,21.33,2015-09-02 10:56:16,3ffed591-8cee-43da-bbef-a36d28126e1e
76.4776,71.531013,21.29,2015-09-02 10:58:47,3091b21a-7de6-4bfe-9e0a-8d1bad748720
76.48065,71.523267,22.23,2015-09-02 11:01:18,0dd0457d-d984-486b-8f7d-3afe8f2c86b7
76.48375,71.515443,21.61,2015-09-02 11:03:49,dd02dc93-9d93-45f3-934b-bb8dfa9a053a
76.486817,71.50774,22.35,2015-09-02 11:06:20,0fb1136d-746e-4968-8817-4183cd58a409
76.4898,71.500012,22.49,2015-09-02 11:08:52,fdaabc77-e1fe-4b06-b4cc-c586c5b4bb95
76.492833,71.492252,22.24,2015-09-02 11:11:23,2805923b-2167-4e43-97f1-97b5e2d0aa5f
76.49575,71.484783,23.71,2015-09-02 11:13:54,65e0c2fc-c26d-4671-bbfd-41f01efbcbb6
76.498767,71.476745,25.15,2015-09-02 11:16:25,f20f8573-171c-4d81-bd35-5fd4bdec42d9
76.501817,71.468732,25.77,2015-09-02 11:18:56,4c5e893f-96b6-4d94-ab80-9e40ffbf18bb
76.504867,71.460645,25.2,2015-09-02 11:21:27,27f8e62f-c9fa-430f-8e53-2cab6e088f98
76.507867,71.453202,24.15,2015-09-02 11:23:59,ace3296c-bfee-449f-9f30-d5a6321db93e
76.510933,71.445463,22.63,2015-09-02 11:26:30,14c37ca5-ceb4-43d7-bf5e-56c73d94f0a4
76.51395,71.437758,21.58,2015-09-02 11:29:01,df5a23f2-bd76-4e3a-8cfd-fb9f5107ac87
76.51695,71.430265,22.65,2015-09-02 11:31:32,df70f5c5-7aa0-41cd-bf1a-3e192103a5e7
76.519833,71.422885,23.63,2015-09-02 11:34:03,1e5fad61-7bf4-44cb-826f-2383fdc7c3d0
76.522683,71.415493,24.14,2015-09-02 11:36:34,4b45edc4-e482-46c5-9798-6ef60205eba1
76.525467,71.40822,24.69,2015-09-02 11:39:05,319d8b96-4fec-4d7c-ae17-919c961e348d
76.528267,71.401103,26.21,2015-09-02 11:41:37,68a85fb7-f7e9-486a-9a0b-df62bbbc1d5d
76.531317,71.393383,27.08,2015-09-02 11:44:08,97a55792-2384-4764-9271-e39db336f2a4
76.534367,71.385687,27.96,2015-09-02 11:46:38,c770ce96-0cec-4abc-8add-277429b77032
76.5374,71.377948,28.27,2015-09-02 11:49:09,d18c32eb-364a-4473-8338-6f8693920a83
76.54045,71.370023,29.4,2015-09-02 11:51:40,67391c9c-ee56-4101-a110-f2c37ce2b756
76.543433,71.361842,29.28,2015-09-02 11:54:10,7c528b6c-1bb2-406f-8cd7-c0bf19c5f6d6
76.546367,71.353135,29.11,2015-09-02 11:56:41,7a4efa23-eba6-44ff-825e-01ada105632c
76.549267,71.34542,29.45,2015-09-02 11:59:11,5ca67547-1f84-475b-8e45-0dc7614f50b9
76.552167,71.337193,30.54,2015-09-02 12:01:42,bfa409c9-b31e-4db7-9b72-b04390d5fa0b
76.555167,71.32857,31.19,2015-09-02 12:04:13,3269338c-0526-4b79-bc3f-8b3fecf1de4c
76.558283,71.320275,31.14,2015-09-02 12:06:43,4b6f8ef7-7407-4e72-aad7-17f4e2c65eb9
76.561217,71.31213,31.24,2015-09-02 12:09:14,4d665398-5db0-4630-89ac-6878cccd4977
76.5642,71.304607,31.46,2015-09-02 12:11:44,336f979c-f0cf-4548-babf-a2563d158eb3
76.56725,71.297472,31.49,2015-09-02 12:14:15,6ccb5197-9b17-4584-ab48-44f0abb80edb
76.570267,71.290577,31.62,2015-09-02 12:16:45,2d2a3044-9741-4216-8c71-972d1b9b72e9
76.573333,71.284038,31.68,2015-09-02 12:19:16,9bf7ba58-81a7-4699-b309-8ba2b5172c2a
76.576383,71.27754,31.7,2015-09-02 12:21:47,48fe2082-2da9-4224-b0c5-4c2a386de82e
76.579417,71.27121,31.72,2015-09-02 12:24:17,cf35445c-c7bc-43bb-86c6-e1f6b9b3810f
76.582533,71.265188,31.69,2015-09-02 12:26:48,021cb440-df47-4954-9fec-d8af67810cdd
76.585667,71.259182,31.67,2015-09-02 12:29:19,71c60b97-4dc9-420e-a217-7c2f9a190f35
76.588733,71.252878,31.68,2015-09-02 12:31:49,da61bf0e-33f1-42fc-b8cd-15c218e423d9
76.59175,71.246755,31.69,2015-09-02 12:34:20,fc43b72a-fd38-48e3-b76f-11bc161c6d81
76.594833,71.240642,31.66,2015-09-02 12:36:51,917c53cd-e68f-4a38-9658-86424880f9a1
76.597983,71.234262,31.63,2015-09-02 12:39:22,5dc16c6b-07ed-4137-9d53-a9c41ddc2f6a
76.601017,71.227263,31.67,2015-09-02 12:41:53,6fc457a7-b237-40e0-8dcf-d7f9f28271bb
76.604,71.220163,31.66,2015-09-02 12:44:23,0d461cd6-3e6b-489a-bf8a-259ac466f0a3
76.60695,71.212927,31.67,2015-09-02 12:46:54,c6637e81-62ce-4a90-a649-6960acf89769
76.6099,71.205708,31.67,2015-09-02 12:49:24,ac78aec1-6388-40fb-b92a-dd9698ea22c2
76.6129,71.198512,31.67,2015-09-02 12:51:55,d750ab72-7f77-4b39-ab74-925b34820204
76.61595,71.191218,31.64,2015-09-02 12:54:26,885bc658-47eb-4e79-afc7-25152a1dc592
76.619017,71.184617,31.63,2015-09-02 12:56:56,a35d5db1-17a5-46dc-993a-8ac07a6b02a5
76.622083,71.177668,31.63,2015-09-02 12:59:27,c51e6721-136a-439c-a8e9-23cae99018d3
76.625183,71.170378,31.62,2015-09-02 13:01:58,2f43590a-f0c1-4df6-a009-55dad03bcd65
76.628283,71.163517,31.6,2015-09-02 13:04:28,3ffe88c7-8812-41a7-bc12-3382f82e1eaa
76.631433,71.156317,31.56,2015-09-02 13:06:59,388b01cb-de34-4955-b7b9-44ace808ba69
76.634517,71.149108,31.54,2015-09-02 13:09:29,3d261d07-4c79-49fc-9c1a-fb77062ba473
76.6375,71.142533,31.52,2015-09-02 13:12:00,aa23695d-7fc6-47f5-a38f-159c76c9f8c1
76.640483,71.135755,31.49,2015-09-02 13:14:31,f8471fbb-6115-43ba-a490-e941c69d41c4
76.64355,71.128305,31.55,2015-09-02 13:17:01,641ad50e-2b68-4f3c-9350-b373d31dc879
76.646833,71.11969,31.61,2015-09-02 13:19:47,a09dda4d-4bd6-42d8-b512-012644af35bf
76.649717,71.111657,31.65,2015-09-02 13:22:17,2262b003-4679-47bb-a940-57f13aa9f814
76.652683,71.103908,31.61,2015-09-02 13:24:48,f2e6c158-14e7-43a3-b13b-b021da53f314
76.655617,71.09648,31.6,2015-09-02 13:27:19,e3f8014e-38a6-473b-b070-20baad7d54f1
76.6586,71.089052,31.56,2015-09-02 13:29:49,336787ad-eaca-4a3c-b8e1-4aa544460301
76.661583,71.081342,31.53,2015-09-02 13:32:20,92368550-3197-45c8-b1e6-9404e7a12222
76.664517,71.073655,31.5,2015-09-02 13:34:50,dd42e942-4034-4f7f-a164-7d9996606c96
76.667433,71.06627,31.48,2015-09-02 13:37:21,17a9cfc8-ec98-46c5-9426-caffd1681564
76.670283,71.058872,31.27,2015-09-02 13:39:51,36aece0b-108a-4627-b8c8-ef446ec3a4f0
76.67315,71.051728,31.08,2015-09-02 13:42:22,2bc7da65-2205-49b5-bee5-f3db4d3417bd
76.676033,71.044703,30.9,2015-09-02 13:44:52,c5463306-aed7-4f08-91a7-9037f8776b82
76.67895,71.037772,30.77,2015-09-02 13:47:23,1ffe6916-4f1a-4f6c-bb5f-4f81646cd4c1
76.682017,71.03038,30.8,2015-09-02 13:49:53,1726971d-a531-468e-99a2-79b5d5da7d60
76.685083,71.023195,30.63,2015-09-02 13:52:24,0c64edd7-3ad5-45dd-8b1c-187066c6f015
76.688,71.01596,30.18,2015-09-02 13:54:55,dc7363b6-1ca4-4c05-86d9-9e3395ecf655
76.69095,71.007907,29.95,2015-09-02 13:57:25,450955e4-4d39-4ac9-a5b6-1f48565fd408
76.693983,70.999712,29.77,2015-09-02 13:59:56,0ee379ef-5a5e-4fd4-a154-54a2f07c5f95
76.697017,70.991765,29.89,2015-09-02 14:02:27,d1b96f19-96a5-4182-a05c-a56a96578047
76.7001,70.983733,30.09,2015-09-02 14:04:58,6fa3ce8c-9e29-4646-9730-6933e8feabf2
76.70315,70.975137,30.85,2015-09-02 14:07:29,ea4c7c40-9c46-4d47-8d55-642603a76694
76.706033,70.966363,31.23,2015-09-02 14:09:59,d28239e8-79f8-450c-b9f9-de182c2b473b
76.708767,70.956957,31.29,2015-09-02 14:12:30,da09e24c-1339-4a05-8064-0d6f7f74ac42
76.711533,70.947475,30.85,2015-09-02 14:15:01,ed770898-5c5f-4997-8a50-4da1d797d2d2
76.7142,70.937702,29.95,2015-09-02 14:17:31,4a83b766-133b-48c5-b9e2-09c0f7d34b92
76.71695,70.928578,29.04,2015-09-02 14:20:02,ba939749-78b1-4b9b-bef6-3f657c0303d5
76.719867,70.920323,28.41,2015-09-02 14:22:32,f3c63351-7db1-4b66-96e9-176f84dadbe9
76.722883,70.912267,28.09,2015-09-02 14:25:03,40dedf49-91a7-4f11-a7a7-39632f29513e
76.725783,70.904542,28.91,2015-09-02 14:27:34,0f4b811a-c70c-4af0-b3d2-c91d61d4fab7
76.7286,70.897022,28.57,2015-09-02 14:30:05,aef40a07-8514-46ba-8882-5223d92e854b
76.7315,70.889023,26.55,2015-09-02 14:32:36,233180aa-5c21-47d7-874f-6e21266451b0
76.734433,70.881312,25.0,2015-09-02 14:35:07,663dd1b0-f4fc-4eb0-9d03-f90ab689036b
76.737483,70.873692,24.46,2015-09-02 14:37:38,196b571f-4cd7-4b80-86d7-7c36a2aa55ef
76.740583,70.86632,24.32,2015-09-02 14:40:09,cb829a76-f551-47a1-b996-600ad15a163f
76.7437,70.858778,24.58,2015-09-02 14:42:40,9ec9edf3-a5ee-489d-a281-7e6f22ea98d3
76.746717,70.851067,24.37,2015-09-02 14:45:11,c35c102e-2304-4d75-a825-2ed66f364d14
76.7496,70.842955,23.89,2015-09-02 14:47:42,11337b61-88a9-4c05-a1f0-78f971e0810c
76.7525,70.834642,23.93,2015-09-02 14:50:13,9fa325a1-ba65-4764-9c59-de419c3063ad
76.75535,70.82625,23.33,2015-09-02 14:52:44,17ba12aa-3466-44cc-ac90-4845a9849d7e
76.7582,70.817962,23.04,2015-09-02 14:55:15,6f25e175-7710-41a5-9d6b-714d05469b30
76.76115,70.809572,22.97,2015-09-02 14:57:46,f54a0e49-b7ee-4a91-b3f2-2bd0df65321e
76.76415,70.80104,22.94,2015-09-02 15:00:17,79b45e52-d1ee-46be-83f4-d4cd12481fba
76.76695,70.792792,23.05,2015-09-02 15:02:48,106ba37d-3ebf-4ccd-84f3-53f765c00fd0
76.769733,70.784862,23.83,2015-09-02 15:05:19,17fb901f-4966-4181-a468-5d7211887c9e
76.7726,70.776492,25.79,2015-09-02 15:07:50,bb40d15c-a90d-4b7f-a1ba-c0ed1a94e2aa
76.775583,70.767887,25.55,2015-09-02 15:10:21,678cb82c-8007-421c-8d61-e1e20503a549
76.77845,70.759712,23.93,2015-09-02 15:12:52,1fe9432f-b7b0-4493-b1d4-e4aa39342d79
76.78135,70.751323,23.4,2015-09-02 15:15:23,d13a049a-0754-4e6f-a9d7-c4fae97ec5f9
76.784217,70.743417,23.51,2015-09-02 15:17:54,29964ad6-9d4f-441b-8ec8-25067d70bfda
76.787117,70.735538,23.66,2015-09-02 15:20:25,813c0e02-150d-4486-aeea-4076e6d56cf3
76.790017,70.72738,23.63,2015-09-02 15:22:56,eccc8130-d419-4020-babe-5cbaee3c77a6
76.79295,70.719312,23.77,2015-09-02 15:25:27,bd81fa19-4ffa-4bfd-9153-853d9f2dc008
76.796067,70.71154,24.64,2015-09-02 15:27:58,0c0b3050-c7aa-4638-8342-3cadcd3acfe3
76.799183,70.703727,24.1,2015-09-02 15:30:30,b0f18602-5204-46a9-a961-050bdb27cf27
76.802167,70.696373,24.24,2015-09-02 15:33:01,7a0022c2-4f4a-4bc0-93a4-5eb5b2280431
76.8051,70.688965,24.21,2015-09-02 15:35:32,e38de50f-787f-4e0f-910e-7da09d2cf959
76.808067,70.681327,24.08,2015-09-02 15:38:03,33c80b2f-6c41-41d2-a947-e47bb086664e
76.811067,70.673618,24.13,2015-09-02 15:40:34,1a0acac0-7de5-48b3-8d10-6857cff4cdf8
76.814067,70.665758,24.05,2015-09-02 15:43:05,dd5202e1-91a9-46c1-8978-e09bd3a97a25
76.817033,70.65804,24.23,2015-09-02 15:45:37,cc0f1cb2-11a6-4c3d-a849-eb4275c2a8a1
76.819983,70.650315,24.47,2015-09-02 15:48:08,452fc286-f15e-405f-bf17-b7e2d331acae
76.82295,70.642392,24.59,2015-09-02 15:50:39,6a7925d7-620b-49dc-80fc-ed0a65b33459
76.825917,70.63444,24.82,2015-09-02 15:53:10,813b6193-22a4-45db-879a-597a9d4adc7a
76.828883,70.62719,24.21,2015-09-02 15:55:42,328769ab-95c3-4a39-a23f-1b559275471f
76.8319,70.619625,24.35,2015-09-02 15:58:13,ebcc2d78-3d4b-43cb-87ac-d3f1c801ed0e
76.835067,70.612075,24.3,2015-09-02 16:00:44,25f438da-bbe2-4121-a75e-26a17bb07f7d
76.8383,70.604515,24.5,2015-09-02 16:03:16,ad19b0b5-cd33-46f7-9007-1a8dd649df7f
76.8413,70.598562,24.82,2015-09-02 16:05:46,e38ca6bf-1504-44e2-a58c-e0af4d561e63
76.842217,70.589568,25.68,2015-09-02 16:10:04,2ba9d973-5a32-455d-b7b2-0d65fd1d1a7e
76.839983,70.591903,25.63,2015-09-02 16:12:34,a1d3af47-1374-4dd3-8002-10ad377032ab
76.836883,70.593328,25.1,2015-09-02 16:15:06,66c389e2-8bb9-4631-b209-c6afda386130
76.833617,70.594517,24.78,2015-09-02 16:17:37,401c9852-53f7-4aba-ad5a-179c6c7a7797
76.83035,70.59536,24.59,2015-09-02 16:20:08,fe62c855-8447-46df-add2-0bb6195be445
76.8273,70.595803,24.47,2015-09-02 16:22:39,35bafbf5-369b-4d0a-aa76-58340f33311a
76.8253,70.598308,24.48,2015-09-02 16:25:10,b6db603d-6ede-4c9f-b5ba-084d7f784bd3
76.823483,70.601308,24.42,2015-09-02 16:27:41,34d11bdd-f993-4d74-b5ad-3f5125062aa7
76.825433,70.619215,25.81,2015-09-02 17:22:34,5e02cc21-a56c-4b16-89f6-1a3ceb20e142
76.828833,70.631035,28.56,2015-09-02 17:48:42,fdf6db15-8dd5-4561-821a-e922dd27c7f0
76.8276,70.640465,26.13,2015-09-02 17:51:13,e44acbcc-c584-4a89-990d-3229c44fb0b8
76.82505,70.63068,25.86,2015-09-02 17:53:44,79a6bc0a-bd6c-473a-aad6-bcd7d0446ee9
76.823117,70.612953,26.73,2015-09-02 17:56:15,3a92741d-f9db-450b-bdf4-a2eb5c1a60c3
76.82055,70.600087,25.88,2015-09-02 17:58:46,088ffa83-ab19-4eef-9a83-0946b577a9e4
76.82135,70.607065,29.82,2015-09-02 19:08:52,6066e0d3-4d92-4fd1-8f93-0830b0e171bc
76.821833,70.617532,27.75,2015-09-02 19:11:23,7549b06f-6573-4452-a68d-2f48d1c4b17c
76.81905,70.63051,26.66,2015-09-02 19:13:54,32611da4-feff-4f81-8bf3-d770645efa84
76.554683,71.313555,32.05,2015-09-03 05:01:03,16d25a82-e058-43c6-b5b2-02ebb6859a35
76.55785,71.290093,31.51,2015-09-03 05:03:49,5a98d7e3-4ffc-4581-9113-5345cdd2096c
76.560633,71.269492,28.65,2015-09-03 05:06:20,0c105445-be4f-4245-b556-bd5c91e75f63
76.563433,71.248897,28.71,2015-09-03 05:08:51,ea5cb0cd-1b79-4dc8-a0cb-05612908806b
76.5662,71.22848,28.26,2015-09-03 05:11:22,6dd6360a-ee86-4aed-b060-15d4928c982e
76.568983,71.207968,27.73,2015-09-03 05:13:53,ccd00a3e-3321-4a95-ab8f-45c7f0b4826d
76.5718,71.187317,27.84,2015-09-03 05:16:24,0046dfc8-9b04-43a9-bbb1-a232a3864c86
76.5746,71.166833,26.9,2015-09-03 05:18:55,d6f519ab-65e7-41b3-9497-b20e14ef4177
76.577433,71.146322,27.16,2015-09-03 05:21:26,dcc3c42c-58ab-46c0-b671-55ce27d8cc27
76.58025,71.125895,27.35,2015-09-03 05:23:57,fd8c89c1-e76a-4bfa-8792-6a3ea7a82b47
76.58305,71.1057,27.37,2015-09-03 05:26:28,19864a86-aa9a-490a-85e7-1b9b6db36423
76.585883,71.085712,27.13,2015-09-03 05:29:00,e931e4e8-d7ba-4cac-9cb5-d1dc53de14da
76.588733,71.06592,26.68,2015-09-03 05:31:30,ddc5c0c3-b0af-4fa3-8eb9-1c4d3374aeb9
76.591567,71.046592,26.46,2015-09-03 05:34:01,d8777ffa-467e-457d-b1fc-4d9d46f66438
76.5944,71.027288,26.53,2015-09-03 05:36:33,cb915c91-c212-4f6c-acd2-7b5fbb3b731d
76.5973,71.008175,26.89,2015-09-03 05:39:03,76f258f2-6f95-4fb6-944d-2d62c682a3c8
76.600283,70.989093,27.12,2015-09-03 05:41:35,73cb562a-736f-43e2-b2bd-43871eadaffd
76.603283,70.970205,27.58,2015-09-03 05:44:06,cef5b0e4-d250-485d-a3ab-8c2e89db398a
76.60635,70.95088,28.03,2015-09-03 05:46:36,7e8943e3-1971-48ce-9c14-efdaf15e6615
76.609383,70.931952,28.46,2015-09-03 05:49:07,b0ec7e4b-67ac-487d-9fab-528568b9f2b1
76.6125,70.913005,29.05,2015-09-03 05:51:37,55dae3e3-852b-4ce6-86bf-8377f592bdd3
76.61565,70.894282,29.32,2015-09-03 05:54:08,0ce79732-ff4c-4682-8ea5-8ec5fe1749ec
76.61885,70.87569,29.7,2015-09-03 05:56:38,13a225e5-2547-429c-a15c-2956ed4b48fd
76.622083,70.857415,30.01,2015-09-03 05:59:09,49da850b-6093-4d17-bd2c-2fee918f93d7
76.62525,70.838998,30.31,2015-09-03 06:01:40,b1dd9e3b-f945-47db-895d-cc802b542838
76.6282,70.820348,30.56,2015-09-03 06:04:10,3408c03e-5199-46e2-b05a-cbea772cfbdf
76.631017,70.801703,30.88,2015-09-03 06:06:40,9f34bb00-a9a4-487b-9863-252daeaf60e0
76.633633,70.783465,31.41,2015-09-03 06:09:11,09496769-74d1-42cc-bb8c-c717e90b3bb8
76.63625,70.765468,31.45,2015-09-03 06:11:41,3134020c-1438-47c3-bf58-b870448d345f
76.638833,70.747713,31.43,2015-09-03 06:14:12,6bd92610-8026-4bd5-93f0-54a4645bb506
76.6413,70.72834,31.65,2015-09-03 06:16:43,3bc1e178-a400-4db1-a88a-68fd4ade5417
76.6436,70.709095,31.78,2015-09-03 06:19:13,01f32c2c-b54e-4c29-880d-ce5845e05f55
76.645717,70.689117,32.05,2015-09-03 06:21:44,91cc583f-461d-4df5-b59a-da5c62d0bab6
76.647733,70.670018,32.24,2015-09-03 06:24:14,e400b8c1-7c64-42fd-b6cc-61f0497cd820
76.649733,70.650682,32.27,2015-09-03 06:26:45,f1e2015f-4890-4857-816d-137979cc1675
76.651667,70.630143,32.32,2015-09-03 06:29:16,45b18bd5-c801-4dff-beee-57455a45bb2c
76.6535,70.609605,32.35,2015-09-03 06:31:47,55c27abd-5a4d-44bb-a15d-2b080d82e410
76.655167,70.588553,32.31,2015-09-03 06:34:18,3d77ae80-54e1-43ea-82c1-ab99714c3df3
76.656783,70.56673,32.25,2015-09-03 06:36:49,26befd29-6833-41ba-bedc-023f4624631d
76.658583,70.545967,32.22,2015-09-03 06:39:19,75ee43ac-0a60-48bd-b1b0-021b6a411156
76.6606,70.52583,32.2,2015-09-03 06:41:50,f5d29c62-d516-4e17-a6e5-ea4298044d93
76.663067,70.50624,32.14,2015-09-03 06:44:20,6111c086-c1b3-42cc-91d1-c0ebe3cb7278
76.665717,70.486148,32.08,2015-09-03 06:46:51,f9451c34-eac5-4d62-9703-86c2fe5a0ba6
76.668433,70.465348,32.07,2015-09-03 06:49:21,f26113b6-3296-43c0-8b3b-6591314153cf
76.670867,70.445022,32.09,2015-09-03 06:51:52,bb2d9407-3ff5-4373-9c0d-132e154fffd4
76.6732,70.425027,32.08,2015-09-03 06:54:23,443e7413-fa8c-4923-b38f-8c4c5ce363ac
76.675533,70.40493,32.12,2015-09-03 06:56:53,de2b7cb7-21ea-4881-b0ef-1cce04c21870
76.677917,70.386037,32.16,2015-09-03 06:59:24,027afd29-9d92-471d-9170-c4222f7e8c5c
76.680417,70.367532,32.14,2015-09-03 07:01:55,603e3603-3095-4f0d-bd02-88d07cbac8f9
76.68315,70.348033,32.11,2015-09-03 07:04:25,3e8384cd-efb2-441d-849e-52f69b8c78e7
76.685983,70.32858,32.11,2015-09-03 07:06:56,f97d9de4-8722-4752-998a-621f1afb33c6
76.68875,70.30926,32.1,2015-09-03 07:09:26,b5f69ad2-00be-4425-8cbc-8d17dbbda4c6
76.691467,70.289375,32.05,2015-09-03 07:11:57,efa2ff0b-de75-40a2-aeb6-67a1ff3555df
76.694267,70.269472,31.99,2015-09-03 07:14:27,10c84e02-d8cd-4ea5-b242-a184a7b29aaf
76.697217,70.249362,31.92,2015-09-03 07:16:58,555bc283-4ecf-4c28-86cf-6da6e4f88a9e
76.700067,70.229495,31.89,2015-09-03 07:19:29,6d59a460-9fb6-478d-8bcf-8c85c24e87a9
76.703433,70.210305,31.85,2015-09-03 07:21:59,68fe3f9c-56b1-46f1-a5af-5893ba110b0d
76.70665,70.192208,31.91,2015-09-03 07:24:30,78de2178-945c-4506-b7f3-42a4bd3c75b1
76.709767,70.174,31.88,2015-09-03 07:27:01,eabc4df5-5e92-4651-b57f-ef84e200c074
76.712667,70.155187,31.93,2015-09-03 07:29:31,bf2fa55b-4b92-482e-922f-d5a7f0e3119b
76.715767,70.137072,31.89,2015-09-03 07:32:02,1fdf59f3-0e2c-406d-b678-c7846a9bf6f7
76.718683,70.118388,31.89,2015-09-03 07:34:32,4cab6f18-9a13-4b1c-a309-c6c05277e8d6
76.72175,70.100003,31.88,2015-09-03 07:37:03,ebca962f-9da3-4dc5-82d7-10d5fc1ee9c3
76.7246,70.081557,31.89,2015-09-03 07:39:33,76b304fe-5b1f-401c-a797-977d48615998
76.727417,70.063987,31.89,2015-09-03 07:42:04,d955f18e-d45b-46ac-92d8-3cd229f98f5a
76.730283,70.046093,31.87,2015-09-03 07:44:34,fc4d2e21-8a94-4f74-b0d5-e3efa1d17a25
76.733017,70.027625,31.91,2015-09-03 07:47:05,b2970b17-9d84-45ab-9350-0735c56bf44e
76.735683,70.008617,31.92,2015-09-03 07:49:35,76604682-6abf-48bc-bec7-76d9931ba6c1
76.73825,69.990455,31.93,2015-09-03 07:52:06,81343ec2-d644-4e5e-a3a3-ec2c84035e64
76.740767,69.972868,31.93,2015-09-03 07:54:37,0fb617f0-be62-45e5-b84a-d001c4f58611
76.743433,69.954522,31.92,2015-09-03 07:57:07,61386567-2902-4a65-bfa7-17f88bbd9998
76.745983,69.936828,31.89,2015-09-03 07:59:38,6dd4be6b-ea6c-4c12-bcc7-9a827bc31c8f
76.748733,69.918418,31.87,2015-09-03 08:02:09,af819974-8d12-4590-8955-46ae9768a473
76.7516,69.90049,31.83,2015-09-03 08:04:39,237eeaac-83c3-42d2-bc11-e7c5ad563992
76.7545,69.882808,31.79,2015-09-03 08:07:09,485d6c31-94f7-4e83-b0e2-7302f7e83cd3
76.757383,69.864322,31.77,2015-09-03 08:09:40,1282a3a5-0f3c-444e-9dca-595ed4358e53
76.760167,69.845853,31.74,2015-09-03 08:12:10,37c33664-e45f-4e93-8643-0037d1c53ecd
76.762883,69.827128,31.75,2015-09-03 08:14:41,029049a5-6d17-41fe-87a5-0938aaaaf3f8
76.765717,69.808537,31.74,2015-09-03 08:17:11,9140470b-37ad-4021-8cd5-df853b9ff14a
76.76855,69.789823,31.79,2015-09-03 08:19:42,aa2d9795-a3b6-4601-9529-95b0ef32328b
76.7714,69.771618,31.81,2015-09-03 08:22:12,8add8d8b-beda-44f4-96a2-b11c0deb7f28
76.774,69.756332,31.81,2015-09-03 08:24:42,b8b6bf71-e328-421b-818f-1e82c54544fd
76.77615,69.743863,31.81,2015-09-03 08:27:13,9e9e6f44-8624-4c62-873e-8fede988476f
76.778017,69.732362,31.82,2015-09-03 08:29:43,8fbd139d-708d-4f08-9903-1a786251d4d6
76.779867,69.721333,31.83,2015-09-03 08:32:14,f3db2e59-6ad0-4104-809c-b19db5bcf83b
76.781717,69.709877,31.82,2015-09-03 08:34:44,37c048c0-7508-48a2-bcb4-24d013eb1df1
76.783667,69.698195,31.83,2015-09-03 08:37:15,e7ed39df-30c2-4415-98de-c3d30f927140
76.786283,69.682228,31.78,2015-09-03 08:40:00,58694136-555c-49cd-ab5c-c985ab2a9900
76.788967,69.666177,31.72,2015-09-03 08:42:31,07e0c242-d43f-4ef0-b72f-f4967d57b446
76.79195,69.652597,31.76,2015-09-03 08:45:01,0641858a-6bc9-4a47-8cf9-e4f78d86fd99
76.794883,69.641673,31.78,2015-09-03 08:47:32,52e20599-3609-4488-8521-5687a58b873c
76.79705,69.628038,31.79,2015-09-03 08:50:02,9d478b3c-d75d-41a5-a505-8dfb7c47f3c7
76.799483,69.613412,31.75,2015-09-03 08:52:33,064be3f7-7e0e-473a-b1cb-e9058a9d45bb
76.8018,69.598923,31.82,2015-09-03 08:55:03,fce94c0d-117a-4021-89a5-99067c7bc8d4
76.80445,69.584372,31.84,2015-09-03 08:57:34,c06d08a3-3815-4dca-8915-715ef341a360
76.807533,69.568095,31.83,2015-09-03 09:00:05,b925be3a-3c9b-443e-9e87-c1675e5d66cd
76.81075,69.548765,31.84,2015-09-03 09:02:35,44375eab-aace-4179-a898-416b015a74b3
76.814367,69.526952,31.9,2015-09-03 09:05:05,e2ef21f6-532c-4d9f-a0db-a6b8c2ca1006
76.818067,69.503795,32.02,2015-09-03 09:07:37,89ba76f6-af18-4fde-8044-414aa3112f6f
76.822233,69.480678,32.08,2015-09-03 09:10:07,deaddede-a265-4b0b-99bd-c56660ed79bd
76.826367,69.455848,32.07,2015-09-03 09:12:37,7812ab4f-8158-48df-a477-350353c485d4
76.831,69.42838,31.99,2015-09-03 09:15:22,23dac617-5091-40b0-958e-cf4602a76be3
76.835033,69.403025,31.93,2015-09-03 09:17:53,5b9c3c4e-b4eb-47e7-9d21-acd806729a00
76.838917,69.378463,31.89,2015-09-03 09:20:23,c2284fb3-b504-4ab6-bc21-16b6143279c3
76.84265,69.354793,31.86,2015-09-03 09:22:53,dcde3dc9-0719-4d0a-9e3e-db595f2e9c7f
76.846517,69.33131,31.9,2015-09-03 09:25:24,9a9b4619-6e26-44b9-b3a5-9a1b4fdf7d7e
76.850483,69.308863,32.0,2015-09-03 09:27:55,e952abd9-5499-48da-91a9-f2be3e201c02
76.854617,69.285938,31.97,2015-09-03 09:30:25,2824b444-7649-4711-a783-6ccef1971826
76.8589,69.263595,32.08,2015-09-03 09:32:56,275d46de-f367-40ff-94fe-fb3f7f239f9e
76.863067,69.241373,32.04,2015-09-03 09:35:27,845eeec4-5b85-4e89-a42b-b2b12747bb86
76.86735,69.218525,31.98,2015-09-03 09:37:57,16129aa0-4bf0-407b-90bd-1a13ce19796c
76.871517,69.195143,31.96,2015-09-03 09:40:27,b845780e-210d-45d1-a9e8-be8c02cb4640
76.875767,69.1719,31.94,2015-09-03 09:42:58,91616d9f-740d-41ab-af32-c3848862c9f8
76.880083,69.148662,31.97,2015-09-03 09:45:29,21a64381-be72-4b5c-8dcf-ac6c6cf80d0e
76.884417,69.124803,31.97,2015-09-03 09:48:01,b18224e7-6bd8-403d-abc8-801c123532cb
76.888683,69.099637,31.96,2015-09-03 09:50:32,9d6606be-4f81-440d-8e8e-e408224a6b9b
76.892983,69.074017,31.94,2015-09-03 09:53:03,b093b78d-afde-46f8-9e83-98cd8c753019
76.89735,69.048895,31.9,2015-09-03 09:55:33,810ff6bd-db4b-4b44-8829-77e6d8dbc2cd
76.902017,69.023723,31.88,2015-09-03 09:58:04,3a080f6a-518e-4951-b40a-08d9ec21eda9
76.906683,68.99834,31.87,2015-09-03 10:00:35,fb79c3a1-6293-4ba5-afc0-7835d2e52848
76.911133,68.972147,31.87,2015-09-03 10:03:05,a6d29943-b9a1-4f82-89d5-f9999ae0ef47
76.915083,68.946638,31.83,2015-09-03 10:05:35,ab80beb3-158f-4af7-933e-4c9eceab3e87
76.918883,68.921048,31.79,2015-09-03 10:08:06,f95ef504-f92c-496b-9070-aa2170c82d13
76.923067,68.896365,31.75,2015-09-03 10:10:36,fff2c0fd-f773-452a-9e1e-e4be8440521d
76.92695,68.871187,31.74,2015-09-03 10:13:06,28615713-ba46-48fb-9d36-69143bc99f4d
76.9308,68.846327,31.78,2015-09-03 10:15:37,6aefb07b-92ef-45cf-8173-115bade5eb03
76.934833,68.822485,31.77,2015-09-03 10:18:08,f2721f6d-8ce1-4b58-a3ce-4ae7b7aa801d
76.93905,68.797527,31.75,2015-09-03 10:20:38,2029ed30-f122-4d5f-8578-904d764829f3
76.9433,68.772863,31.74,2015-09-03 10:23:08,4ab4b937-b642-4054-b811-8f45bd4a0f54
76.94745,68.74726,31.73,2015-09-03 10:25:39,d6f766af-930f-49eb-84cd-f57c05297e87
76.951683,68.722217,31.75,2015-09-03 10:28:09,ca51b631-c35b-4802-aa0f-c27a17b66b1b
76.956117,68.696555,31.77,2015-09-03 10:30:40,70d18378-8eec-47e3-b1b1-a80db6b0dc02
76.960533,68.673618,31.79,2015-09-03 10:33:10,0361fe4a-50ca-4354-b2c9-0b5d59169f28
76.964283,68.652905,31.8,2015-09-03 10:35:40,11dd32ca-1c81-4062-a16a-841267770f3e
76.9648,68.631335,31.82,2015-09-03 10:38:11,76273840-0c9a-4945-b8bf-5a1eaba89733
76.965017,68.614175,31.86,2015-09-03 10:40:41,685bccc5-39a9-45b7-9d00-5c9c80e14eea
76.96505,68.598047,31.95,2015-09-03 10:43:12,bef4b5d0-d683-40d8-a8b9-7c78e97483df
76.9653,68.583398,31.97,2015-09-03 10:45:43,2806d3ed-0eca-462b-b475-a4c815dd5cd2
76.96535,68.569203,31.97,2015-09-03 10:48:13,cce8a1e3-0003-4e3a-b409-d1a96e1ce069
76.965117,68.556115,31.98,2015-09-03 10:50:43,04895aa9-e169-42e6-931a-8fa246cf8db6
76.9647,68.543402,31.98,2015-09-03 10:53:14,4ffe1891-6b45-4a36-b7e5-453518e43dd8
76.9646,68.533987,31.99,2015-09-03 10:55:44,5c2ab27a-d98c-489f-95fe-e0b782ddf14d
76.96445,68.526663,32.0,2015-09-03 10:58:15,448e9456-3f57-483a-95c2-8d76182d38f4
76.963283,68.52259,32.01,2015-09-03 11:02:16,e09d4ecf-2b5e-4ea6-b86d-01cdee1bd5b0
76.963983,68.53258,32.03,2015-09-03 13:12:37,83e2048c-a973-4871-af83-3c47bc728514
76.96475,68.553435,32.01,2015-09-03 13:15:08,4440d810-be1b-4aa5-a92f-cb160141d94e
76.965683,68.580825,31.97,2015-09-03 13:17:40,40a72939-3b4e-43ce-8c3b-8d522f405b38
76.966383,68.610428,31.97,2015-09-03 13:20:10,5a29fb83-8abd-4c23-926d-355c36aa9d11
76.9651,68.639713,31.98,2015-09-03 13:22:41,1b68d8a2-d517-4c56-86ba-6d2ef9804f3b
76.96335,68.669225,31.94,2015-09-03 13:25:11,925e55af-0a75-444d-b82c-435e216a71ce
76.961367,68.700735,31.94,2015-09-03 13:27:57,6004159d-4fa0-4b84-9158-311bdfa208ab
76.95935,68.72963,31.91,2015-09-03 13:30:28,8596e139-5f1f-4441-8318-e29efda73975
76.957317,68.759263,31.88,2015-09-03 13:32:58,43fd0514-b734-46eb-aaa4-72ab74f03381
76.95535,68.78916,31.86,2015-09-03 13:35:29,2ffdd5f2-e655-4b5e-a8cb-64eec5840403
76.953267,68.818462,31.85,2015-09-03 13:38:00,2773adc8-f1d3-46bf-88cb-c4c4518cbdd5
76.95115,68.848507,31.89,2015-09-03 13:40:30,6f831451-1ff1-44c3-a61f-bc28946dec4a
76.948883,68.880195,32.01,2015-09-03 13:43:01,b06f8368-f816-4c06-8002-10bc51c10f64
76.94665,68.91206,32.1,2015-09-03 13:45:31,385ec1a6-ab1a-4756-ac60-91969753322b
76.944567,68.942257,32.13,2015-09-03 13:48:02,c94e9d41-cb77-47b0-bfde-b3ec227b66d3
76.942567,68.971455,32.15,2015-09-03 13:50:32,434a3929-b17d-4d6a-8feb-b199623bf37a
76.940483,68.99879,32.15,2015-09-03 13:53:03,5c062ca5-65ec-4d3c-910d-699166960bef
76.9381,69.02844,32.18,2015-09-03 13:55:34,6ce5b7f3-a037-481c-a11f-e3be5779c1a9
76.935783,69.059598,32.15,2015-09-03 13:58:04,67a388c6-8119-4381-a7b3-d42567a634b3
76.933567,69.091682,32.14,2015-09-03 14:00:35,47b35232-d68c-40f3-baec-0eb38827bee7
76.931083,69.122787,32.05,2015-09-03 14:03:05,6d6c0647-8d71-4d94-ab13-c439fea6fb28
76.92925,69.14968,32.03,2015-09-03 14:05:36,22ea865a-a0c3-4a0b-a24d-058060c6e296
76.927383,69.180423,32.01,2015-09-03 14:08:07,2ab24268-907f-4770-bae8-82614680152d
76.92585,69.210003,31.97,2015-09-03 14:10:37,afa64567-ad31-48a6-ae81-0b138f55b757
76.923933,69.23955,31.93,2015-09-03 14:13:08,5a3881eb-9396-4518-be36-e8122bf18e8c
76.922333,69.268707,31.89,2015-09-03 14:15:39,94fc4f1d-40f5-4ee2-9703-5c3ae1bd2442
76.920583,69.297788,31.86,2015-09-03 14:18:09,e53b3600-0dcc-48d6-9e5b-783daea57fca
76.9187,69.32831,31.92,2015-09-03 14:20:40,a456d5c2-acdc-420c-96e5-3af3ed1bcf3f
76.916983,69.358447,31.93,2015-09-03 14:23:10,32472db0-4565-4d8f-8e12-13972000128f
76.91535,69.386462,31.99,2015-09-03 14:25:41,28956c4a-4c63-48e9-b925-ebf50287668f
76.913417,69.417313,32.05,2015-09-03 14:28:12,f30c977c-8ca3-4a07-bc55-ed03a8d8016c
76.911433,69.44975,32.09,2015-09-03 14:30:43,3c89ba9b-4b57-4d54-9762-85695334c841
76.90965,69.480593,32.13,2015-09-03 14:33:13,c37af918-8adf-419e-a8c3-22f11cba6ef0
76.907933,69.511805,32.1,2015-09-03 14:35:44,54f2f1c5-4a01-4c44-9d0f-eea56463ef79
76.906,69.54196,32.12,2015-09-03 14:38:14,9edaaca4-00f1-411b-9c03-89d9364b6a98
76.904183,69.572177,32.14,2015-09-03 14:40:45,7dc97e0d-f059-457a-a3b8-056379636f7d
76.902433,69.601663,32.1,2015-09-03 14:43:15,d9e1c81d-5850-4b42-82e1-5bba528d7f77
76.9005,69.632742,32.19,2015-09-03 14:45:46,9e57529f-327f-4beb-a59e-6064639e9450
76.898467,69.663835,32.3,2015-09-03 14:48:16,3b6599c5-2ba4-4915-9ef8-57bd5d42defa
76.896733,69.695443,32.38,2015-09-03 14:50:46,c41c4d28-a020-46bf-bb01-ccf22289a7a3
76.894817,69.726762,32.38,2015-09-03 14:53:17,b9e40cbb-e6fc-4170-af18-842c8d792f5a
76.892917,69.758377,32.42,2015-09-03 14:55:48,5bce92ae-119c-479e-952a-43e76c2eda03
76.8911,69.789062,32.47,2015-09-03 14:58:19,84e3f99b-1646-4a86-9263-49b4c964ce9a
76.889333,69.819477,32.48,2015-09-03 15:00:49,85a39853-bc88-4fbb-8d9a-5512fd9f5ad1
76.887583,69.848445,32.49,2015-09-03 15:03:20,c8491366-0182-4c78-b411-c3681c6de49b
76.8859,69.87668,32.5,2015-09-03 15:05:50,13ec679b-37db-4404-8576-37f846124dc6
76.884067,69.906555,32.49,2015-09-03 15:08:20,e4d02029-2df7-40f8-aee3-4d1263fccc27
76.881967,69.936085,32.48,2015-09-03 15:10:51,d79ffe73-8eba-4367-8dcf-749334e02601
76.87955,69.966903,32.47,2015-09-03 15:13:22,c17e83b0-b6a8-4a3a-9982-61f77518d4bc
76.8773,69.997707,32.43,2015-09-03 15:15:52,ee3606b4-b410-41c6-99fb-686da7ef628d
76.87505,70.028538,32.42,2015-09-03 15:18:22,bfeb275b-89d5-40d9-8420-e36adff8775c
76.873083,70.058675,32.46,2015-09-03 15:20:53,6833d38e-d22e-47e4-aeeb-93753cadaed4
76.8709,70.08849,32.43,2015-09-03 15:23:23,58ea6113-c7cd-4f72-90ff-8dee28d8627e
76.868833,70.117248,32.39,2015-09-03 15:25:54,28dbd193-ce0c-4bd0-a04a-6bb00bc24900
76.866633,70.14732,32.35,2015-09-03 15:28:25,a4de3269-bfd5-4462-97c7-124b0fd2ec18
76.864717,70.176227,32.36,2015-09-03 15:30:56,002066ef-c3e9-45c3-8357-c48bd1d20841
76.862833,70.205567,32.37,2015-09-03 15:33:26,75116c5b-7ddc-4f83-b92b-bf92c9fed57a
76.837817,70.607267,32.48,2015-09-03 16:06:57,3e04c902-c511-4e63-8410-010620d4414c
76.83605,70.63845,32.47,2015-09-03 16:09:28,7620b981-a78f-402e-99ee-16f0d5d71ca6
76.834433,70.6694,32.42,2015-09-03 16:11:58,cfcac6b4-3fc8-4318-8198-80bdc853a29e
76.8327,70.700152,32.39,2015-09-03 16:14:29,9bf025a0-c163-4ac2-a132-25ba38356ef8
76.831017,70.73014,32.37,2015-09-03 16:17:00,46aa68a1-0a1a-48b2-b411-6778dc4ff9d9
76.82925,70.760558,32.36,2015-09-03 16:19:31,ad5e441b-c61a-4e1c-956b-d874fd8f594b
76.827617,70.790957,32.36,2015-09-03 16:22:02,75fa4f35-4418-4a1c-b373-9d042c0e8aa0
76.826033,70.82101,32.35,2015-09-03 16:24:32,340a50b1-7e52-444c-9ef6-894f34a71cd6
76.824267,70.849698,32.3,2015-09-03 16:27:03,450f952a-ba9f-440c-981d-0e2446b1c409
76.822483,70.877322,32.28,2015-09-03 16:29:34,f5df8135-f195-4925-a27f-0422400a7c67
76.8207,70.905277,32.24,2015-09-03 16:32:04,dce8ac20-1356-44f1-aecb-59868768437a
76.818767,70.93434,32.26,2015-09-03 16:34:35,732129e3-699a-423f-9230-fce426512cb9
76.816817,70.963325,32.27,2015-09-03 16:37:06,fa85bf4c-5863-4bc6-9ed7-cfef7573d340
76.814767,70.99277,32.33,2015-09-03 16:39:37,49a30ca8-de83-41a2-b5c6-ab5adf349acf
76.8129,71.019865,32.33,2015-09-03 16:42:07,4c9b4ed5-3fde-4bc1-9dd7-cea50a5c7bbe
76.811,71.048853,32.34,2015-09-03 16:44:38,c194e54d-8e50-49a1-8348-e3017c351b5f
76.809067,71.078008,32.31,2015-09-03 16:47:10,2b6cebca-0801-41bd-a6b9-0b4274e81a3b
76.807017,71.108248,32.27,2015-09-03 16:49:41,8c6b7105-c772-470f-9f06-d66d15214160
76.805433,71.134453,32.16,2015-09-03 16:52:11,87cf2616-7235-418d-822f-78b306f104cc
76.804733,71.151673,32.08,2015-09-03 16:54:42,de4fa0f0-3c69-47e1-8076-5e2a445235c1
74.95305,124.066685,27.99,2015-09-06 13:34:06,bf04adc7-be59-4207-98f9-0bafc1cfec1d
74.951617,124.08062,28.01,2015-09-06 13:36:37,ab2d9f04-fc86-4bc9-b93a-ca9f430dfe3c
74.949817,124.098142,28.09,2015-09-06 13:39:07,c448aa42-9ce3-46e5-9234-7cc53b5bf1bb
74.94785,124.117052,28.17,2015-09-06 13:41:38,0fe390cc-0db7-411f-a0b3-f27836976c01
74.945567,124.139533,28.31,2015-09-06 13:44:09,1661cc21-acad-438c-a6ae-2ca387918e2c
74.942983,124.164325,28.42,2015-09-06 13:46:39,d080cdf1-a28a-4049-b9ca-6947671ad99b
74.940383,124.189525,28.52,2015-09-06 13:49:10,8d748d8f-43a0-427b-8163-4e6c60841851
74.937683,124.216055,28.59,2015-09-06 13:51:41,f3c0b7ee-4d01-424f-90ed-cbb2dd2c5f91
74.934983,124.242668,28.83,2015-09-06 13:54:11,757b9d41-df03-4611-a69b-d38e3ca417d2
74.93235,124.269203,28.16,2015-09-06 13:56:41,9a2779b2-633c-41db-b55e-c101c3b32fc2
74.929667,124.296023,27.85,2015-09-06 13:59:12,28a31327-cc01-44d8-b5c1-beb061ebac3e
74.926967,124.322883,27.8,2015-09-06 14:01:43,eb8fc069-8747-45d8-8841-bdbcdd46c62b
74.9242,124.349732,27.77,2015-09-06 14:04:14,79a31678-6bd2-4fcf-835a-29ca7f655d71
74.921367,124.376578,27.71,2015-09-06 14:06:44,96882a07-6bf7-4b0e-af7d-eabf26b84a67
74.91845,124.403208,27.67,2015-09-06 14:09:15,e9436136-3b80-4472-a5c4-551d6f2362b1
74.915467,124.430218,27.88,2015-09-06 14:11:46,09888093-0ffb-4e5e-ae27-9512cd45c33f
74.912567,124.457323,28.15,2015-09-06 14:14:17,ea0c8051-aa22-4487-8824-348fddda265f
74.90975,124.483778,28.3,2015-09-06 14:16:47,fbc342d8-5e2b-48f5-ab2b-094d47f8dece
74.907067,124.510422,28.27,2015-09-06 14:19:18,aa81d87e-8103-475d-b70e-fde45019cfd2
74.90415,124.53657,28.2,2015-09-06 14:21:49,47bc8077-a363-4cd5-9e3c-876aef8c3a95
74.90125,124.562855,27.96,2015-09-06 14:24:20,b033f495-c8a9-4702-85fe-d3b2f8de54f6
74.8984,124.589113,28.19,2015-09-06 14:26:50,17316857-f454-4abd-8ae2-d681942c9657
74.895517,124.615327,28.27,2015-09-06 14:29:21,dad597a0-645b-44a2-aa2d-c94e12b772b9
74.89255,124.641598,28.26,2015-09-06 14:31:52,181ed742-4d64-4d0c-a10d-4a4a60b217fa
74.889583,124.667963,28.57,2015-09-06 14:34:22,63cc7713-f652-4e76-9612-c49bf1584a13
74.886617,124.69427,28.15,2015-09-06 14:36:53,ee00c72b-a692-4962-b126-d65dccb5a993
74.883683,124.720635,28.45,2015-09-06 14:39:24,de886e4e-97a7-4e87-8f79-deabed902be2
74.880767,124.747058,28.42,2015-09-06 14:41:55,fbdc73fe-c254-486f-93be-32b45fc8cd0a
74.87785,124.773345,28.3,2015-09-06 14:44:25,bdda5322-485d-46e2-a40c-60fabbb62b13
74.874883,124.799768,28.29,2015-09-06 14:46:56,889031b1-70e9-43fc-8f2f-ab66df93be1d
74.871983,124.826162,28.31,2015-09-06 14:49:27,d7e167d8-d39e-4c73-b1ab-6b9a1a285e72
74.869133,124.853005,28.44,2015-09-06 14:51:58,0dedd1f3-c7e5-4f4c-8d74-d62663489648
74.866383,124.880017,28.54,2015-09-06 14:54:29,99cdcbc5-fcaa-46ba-b4b2-b9e82f8ecc0f
74.863567,124.906975,28.57,2015-09-06 14:56:59,fe7b5b41-bc7a-46bb-b865-b2fc893bb1cf
74.860783,124.933575,28.66,2015-09-06 14:59:30,76650c1a-812a-4dcf-b906-8dcf3c4657d0
74.85795,124.960257,28.71,2015-09-06 15:02:01,a2ab791b-d318-46b2-8d9e-97fe65312b2d
74.855033,124.986918,28.78,2015-09-06 15:04:32,8abeb789-612a-4f0e-a8e7-24c2c1c06045
74.852083,125.013463,28.82,2015-09-06 15:07:03,b8e56c00-d19b-45cb-bcb7-702f82eca473
74.8492,125.039952,28.89,2015-09-06 15:09:34,8c0923cc-b775-41e8-a4a4-ac96e8de33aa
74.84635,125.06656,28.69,2015-09-06 15:12:05,e8672c40-02c5-4593-956d-c2c0a6efc6aa
74.84355,125.093243,28.37,2015-09-06 15:14:35,4656c957-6b00-4368-a258-f89734e26aaf
74.8408,125.119627,28.19,2015-09-06 15:17:06,c24475f9-644b-4288-b010-dc0acb5b6fb7
74.838067,125.146242,27.88,2015-09-06 15:19:37,e7a0af80-41fc-432f-be6a-64dbc9a255cf
74.835417,125.172387,27.55,2015-09-06 15:22:08,199f12ba-83fc-48c7-a95f-c33d64478ff2
74.832783,125.198965,27.5,2015-09-06 15:24:39,cb3e2342-fa55-4bdd-851c-72e433310eaf
74.830167,125.22552,27.46,2015-09-06 15:27:10,b133cc65-8a1f-4f1f-b9f9-348d9086e2f4
74.827483,125.252133,27.31,2015-09-06 15:29:41,ca907086-0c92-4964-b46f-02d2a2affb14
74.824833,125.278445,27.16,2015-09-06 15:32:12,2fd70fc3-431c-4529-831e-eaf50adc0cb2
74.8221,125.304738,27.02,2015-09-06 15:34:42,b2b676ef-00b2-4f27-b537-aa6b27ec0139
74.819367,125.330827,26.98,2015-09-06 15:37:13,edcd7cfd-ed16-4432-9111-985f6d84be47
74.81665,125.357045,27.01,2015-09-06 15:39:44,f7298070-1ad8-4757-894b-0b5f951a7e0a
74.813917,125.383508,27.15,2015-09-06 15:42:14,55cd65f1-44b6-4c73-97ad-952a65986b45
74.810883,125.409687,27.27,2015-09-06 15:44:45,2790866c-0662-475b-b0c1-16394f7e4d0f
74.808017,125.435663,27.07,2015-09-06 15:47:16,49e1945d-1086-4fc8-8345-c5b9a644969e
74.805117,125.461553,26.61,2015-09-06 15:49:47,3ce728c5-62cd-497a-a35f-4dcba0f38570
74.802233,125.48769,26.18,2015-09-06 15:52:18,8b447f59-994c-4bee-896e-2f8a34fe67f1
74.799367,125.51363,25.94,2015-09-06 15:54:49,168fee65-7ce7-4e48-b477-8aeb643c65a8
74.79645,125.539337,25.81,2015-09-06 15:57:20,c6e5bf90-5c9a-4a7c-8caf-814fe5701813
74.793633,125.564555,25.67,2015-09-06 15:59:50,94fe3e9e-b976-4754-88eb-31a6fef0ab36
74.7908,125.589898,25.53,2015-09-06 16:02:21,a6b969c2-29bb-4350-8f89-c65a2287f142
74.787883,125.615287,25.44,2015-09-06 16:04:52,55560689-b8d8-44fe-bf41-7c4c8ff39b55
74.785067,125.640547,25.41,2015-09-06 16:07:23,9eace6ab-e919-4c00-911a-7697a3fed856
74.7823,125.665938,25.39,2015-09-06 16:09:54,5c9edbbc-5754-4ddb-b2f4-dbeb86612056
74.779517,125.691308,25.41,2015-09-06 16:12:25,f41598ec-13cf-43ba-80d3-aca24a8916fe
74.776733,125.717018,25.43,2015-09-06 16:14:55,1396bce5-c14e-457d-a8a4-e0809142ff6a
74.773917,125.743057,25.47,2015-09-06 16:17:26,9315ba88-f244-465c-b395-f0b811a2eeb1
74.7711,125.769167,25.5,2015-09-06 16:19:58,026c8c8e-f406-4137-9928-bffa5a717bb9
74.768283,125.795353,25.54,2015-09-06 16:22:28,ac16e886-29e6-4f55-a206-d47a1bde8188
74.765433,125.821858,25.57,2015-09-06 16:24:59,73692b6b-d345-4de5-bbc2-c5abb97d959f
74.76255,125.848235,25.61,2015-09-06 16:27:30,fca28eb4-dbfe-46c1-82cf-fa315c7156db
74.75965,125.874595,25.69,2015-09-06 16:30:01,c4f4714a-05f9-4c86-a8de-3c22536e9b07
74.756783,125.90053,25.85,2015-09-06 16:32:32,55e1cc13-3e99-442f-9631-8f905c27c527
74.753883,125.926488,25.9,2015-09-06 16:35:02,89f4f105-f5d7-4948-bb84-15058a66a9d4
74.75095,125.952477,25.87,2015-09-06 16:37:33,f810dcb7-8965-4dc5-90d5-6eed03f8b9f3
74.74795,125.97837,25.75,2015-09-06 16:40:05,acb6acc8-8288-400c-9ddc-7572f66f39de
74.745067,126.004682,25.73,2015-09-06 16:42:36,305e47e4-96c8-4ca0-9f2f-22ecb68c2fb8
74.74215,126.030805,25.62,2015-09-06 16:45:06,17d71a76-9499-44a6-ac47-cd2fcb82133a
74.739167,126.056738,25.42,2015-09-06 16:47:38,1483be5c-def7-4b0c-9e11-c69132403d84
74.736217,126.08261,25.32,2015-09-06 16:50:09,d74566a1-2f75-49ad-9b56-d19d406e8232
74.733267,126.108402,25.31,2015-09-06 16:52:40,954a0bde-2e64-46aa-a602-b85eb46c693f
74.7303,126.134293,25.38,2015-09-06 16:55:11,95df4686-bf8a-4a9f-8bb2-bba3b94432fa
74.727217,126.16008,25.53,2015-09-06 16:57:42,c1a58955-1496-495a-ad6c-7f7357608fb3
74.724383,126.185833,26.09,2015-09-06 17:00:14,c1320b67-7c0d-44a2-92f7-4f3a7c7a2107
74.721683,126.212158,26.3,2015-09-06 17:02:44,ceb653d1-b4f1-4944-b110-793c46326e77
74.719083,126.239152,26.42,2015-09-06 17:05:15,460cf61b-ae90-4b85-b926-6b95775f0db0
74.71645,126.266645,26.95,2015-09-06 17:07:46,083cc01d-c6fe-42ed-98f0-a581d0313a24
74.713733,126.293668,27.13,2015-09-06 17:10:16,d55ff90c-9f8e-400e-a688-f8ee50a240fa
74.71105,126.32028,27.14,2015-09-06 17:12:47,3818a24c-71ad-4c6f-95cd-e600eadbea0e
74.708433,126.34709,26.67,2015-09-06 17:15:18,55decf30-4e5c-4fb0-9a48-e4b8d0aceebf
74.70575,126.373588,26.27,2015-09-06 17:17:48,6ab1d078-2d43-4871-9727-f8d1d22777d3
74.7031,126.400278,26.1,2015-09-06 17:20:19,2e117cd7-ba03-4c40-b052-705836e58b6c
74.7004,126.42705,25.94,2015-09-06 17:22:49,97e5fffc-79a5-49f4-bce0-032177c1a2fc
74.6977,126.453567,25.79,2015-09-06 17:25:20,504cac72-ce8f-4b99-84dc-4cf34931a92c
74.694617,126.482373,25.72,2015-09-06 17:28:06,ffa913e4-5ba4-49a9-8b73-8c29486e8b4d
74.691733,126.508738,25.78,2015-09-06 17:30:36,920e18be-ebdc-424a-86b3-a7125852e86a
74.688783,126.535212,25.81,2015-09-06 17:33:07,4c869d5c-7f7e-4abd-b7fd-2f7a808345f7
74.6857,126.561637,25.78,2015-09-06 17:35:37,c1c149f1-b9c0-44ab-b69a-9c8ebf2de404
74.682533,126.588385,25.81,2015-09-06 17:38:09,869c07a0-af72-41d7-9750-a284bd0ee464
74.6794,126.615225,25.77,2015-09-06 17:40:40,7aa289ae-15e5-4726-bc92-d4d8b14fa8fe
74.676317,126.64194,25.76,2015-09-06 17:43:10,04ceacbc-57fb-491f-91c6-c6849459efff
74.673283,126.668777,25.51,2015-09-06 17:45:41,aef3ec45-59e2-4a6b-ad45-9004f2558d43
74.67025,126.695572,25.28,2015-09-06 17:48:12,6538d212-ba0a-4f5a-a6cb-3ab8c002366a
74.667233,126.72271,25.16,2015-09-06 17:50:43,8c508b86-dbf3-4058-acc1-6e3ad5d821da
74.66425,126.749337,25.07,2015-09-06 17:53:14,47e71ac9-c204-497a-9222-0d67ab9e2e3c
74.6612,126.776153,24.97,2015-09-06 17:55:45,bbcdf5db-e62a-443f-82bd-49b0a42dedd8
74.658217,126.803012,24.99,2015-09-06 17:58:16,f887edb4-6b7f-4094-94f7-ce59538771b5
74.65525,126.830108,25.16,2015-09-06 18:00:47,c03061db-0d16-42bb-8934-1831ab691afd
74.652267,126.85704,25.56,2015-09-06 18:03:18,75d44e3d-76b5-488f-9d0a-a3af8e3304d0
74.649317,126.884052,25.85,2015-09-06 18:05:49,7ebaab08-c43e-45d3-af73-393f636a0d5e
74.6464,126.910865,26.03,2015-09-06 18:08:19,b537e151-0292-45c8-9d73-2a924d5337bd
74.643467,126.937867,26.32,2015-09-06 18:10:50,d788e35d-ef8d-4b2c-a632-68374e79bf8d
74.640633,126.964568,26.17,2015-09-06 18:13:21,1b48c529-fcff-4e90-a6eb-94c5f8b99f20
74.637817,126.991142,25.92,2015-09-06 18:15:52,11cbfb13-6ab4-4665-96aa-253cf76b5a35
74.6351,127.017783,26.29,2015-09-06 18:18:22,3e294243-891e-4269-af35-596c466ce3db
74.632533,127.044165,27.32,2015-09-06 18:20:53,e58fbe03-0394-404c-8246-514f70e0841c
74.629833,127.070158,27.97,2015-09-06 18:23:24,7b4f6d00-bc91-4b04-aca5-4bce7ff976fd
74.627083,127.096347,28.5,2015-09-06 18:25:55,b4464116-463e-4194-81ea-b35a3908dc19
74.62435,127.122695,28.59,2015-09-06 18:28:26,1c6da818-d865-4daa-8d26-ae96cc0459cd
74.621683,127.149475,28.29,2015-09-06 18:30:56,ad1c835c-b626-41f3-a444-5bb43e05bfa7
74.619067,127.176717,27.14,2015-09-06 18:33:27,21644601-110e-43cb-9858-f298a2cc6544
74.616533,127.204082,26.15,2015-09-06 18:35:58,e807fd80-6d30-4abf-b39d-edbd4d9d4c5f
74.613783,127.231345,25.56,2015-09-06 18:38:29,2c8cd492-e728-4dc0-b909-163721871a9d
74.610883,127.257893,24.97,2015-09-06 18:41:00,8f24e41b-3003-45ed-88d9-54855ca720c5
74.60795,127.28394,24.22,2015-09-06 18:43:31,a3620435-dcc0-42ed-848b-fc7ac18dbaed
74.605033,127.309847,23.44,2015-09-06 18:46:02,b4378ae0-a7e2-4d2d-a0d5-2a8d8d47df94
74.602083,127.335675,22.98,2015-09-06 18:48:33,5af80556-2358-437d-97cd-37728ae86c0d
74.5991,127.361452,22.81,2015-09-06 18:51:04,0ed7196f-6610-4162-a436-0d95b3376487
74.59615,127.387517,22.73,2015-09-06 18:53:35,304d6eda-076e-4c18-a696-83d8e04be35f
74.593167,127.413668,22.65,2015-09-06 18:56:06,d7dd7215-c974-4c01-864c-de26e7465702
74.590167,127.43946,22.54,2015-09-06 18:58:37,e3306d0a-ad3e-491a-a8ed-572a868536bc
74.587233,127.465922,22.49,2015-09-06 19:01:08,efc75394-fa02-4ec3-9807-110389e4cf74
74.58435,127.49232,22.41,2015-09-06 19:03:39,ead8430c-aeb2-43e0-a34b-15061b2702ea
74.581417,127.51884,22.33,2015-09-06 19:06:11,12b95be2-f5c0-4bbc-bf56-8417d9bf1838
74.5784,127.545568,22.3,2015-09-06 19:08:42,c082cc5b-dda2-44c2-8885-ef95fc938cac
74.5754,127.57232,22.28,2015-09-06 19:11:13,8df32de9-c314-4568-8b0e-a712c2560826
74.5724,127.598883,22.35,2015-09-06 19:13:45,49d8317e-8575-47f0-8f17-23ec37b611f4
74.569383,127.625407,22.35,2015-09-06 19:16:16,c3908d7c-e1f3-4acd-96a7-285fb628042b
74.56635,127.652097,22.37,2015-09-06 19:18:47,01cace7b-8856-4985-b280-aeb5b9a3d5b5
74.563317,127.678303,22.37,2015-09-06 19:21:18,c0db918d-586a-4118-b718-905177e40a57
74.560233,127.705027,22.38,2015-09-06 19:23:49,2676393b-62af-4752-b6bd-315115820d62
74.55715,127.731602,22.41,2015-09-06 19:26:20,ae0c1333-1a51-42e8-afeb-4c1db584e0a4
74.5541,127.75821,22.44,2015-09-06 19:28:51,fdeaab49-7198-4242-b92f-2f4c612d9bae
74.55115,127.785257,22.38,2015-09-06 19:31:22,99fc2d93-7ef6-409d-a53e-ffc04c5ebc94
74.54815,127.812622,22.24,2015-09-06 19:33:53,98147c58-fda5-45a1-a84f-435c8af81a61
74.54515,127.83952,22.22,2015-09-06 19:36:24,3be33107-a7b0-4157-a351-89612544b040
74.5422,127.86619,22.38,2015-09-06 19:38:55,de16b59a-347c-4b3b-b580-89497e3ab634
74.539267,127.892602,22.64,2015-09-06 19:41:26,8f47f140-d3eb-4ad6-8c49-8d151bd587cc
74.5364,127.919065,22.75,2015-09-06 19:43:56,10b2c9d0-6694-44d1-862b-a93aacb0a860
74.533567,127.945418,22.49,2015-09-06 19:46:27,5f2022ee-2ae9-4234-a824-d4559c52c8e3
74.530667,127.97162,22.3,2015-09-06 19:48:59,64e91730-affb-45f6-a5c7-30cbab4cf079
74.527717,127.997743,22.19,2015-09-06 19:51:30,2aa9add0-eb18-457c-b392-f1125e89f5ea
74.524733,128.023625,22.05,2015-09-06 19:54:00,801e2f88-c578-4fb6-ac85-f3b7439e4c58
74.521883,128.049583,21.73,2015-09-06 19:56:32,fc5683d1-c184-41f4-9854-0ee90b9788b4
74.519083,128.075335,21.47,2015-09-06 19:59:03,1ae33882-4ba8-48a0-a9c7-d5ce1702ab7c
74.5162,128.1017,21.51,2015-09-06 20:01:34,5f7fecb9-38d0-4299-bf1f-ec29d98cbdcc
74.513267,128.128018,21.62,2015-09-06 20:04:05,fda7710a-3701-4d53-b7ce-72e2815ac323
74.510317,128.153963,21.03,2015-09-06 20:06:36,d69c999b-bebd-4281-9acf-23ffa49d0e09
74.507417,128.180283,20.61,2015-09-06 20:09:08,aad47c80-c151-4bcf-be97-76858c0208d7
74.5045,128.206572,20.92,2015-09-06 20:11:38,0928012c-00b0-466a-a905-da377d485c5a
74.501583,128.233758,21.43,2015-09-06 20:14:10,39f6377c-218a-436a-914e-66f18ff0e2bc
74.498633,128.261,21.38,2015-09-06 20:16:41,b881d93c-2c1e-4861-90ea-8da37e97b57b
74.4957,128.287558,21.69,2015-09-06 20:19:12,332e429b-951f-4ea4-bccc-5a8d50a6de3c
74.492733,128.314073,22.02,2015-09-06 20:21:43,93bc916d-f3c2-4af6-adb3-efa31f3c829c
74.48975,128.340867,21.93,2015-09-06 20:24:14,70c2ae14-b4a9-42ed-804b-58e5f9487be3
74.486883,128.367513,21.57,2015-09-06 20:26:45,3495ed56-3f31-4a6c-b026-8197e92cb72a
74.4841,128.393972,20.91,2015-09-06 20:29:17,cfe34f61-9922-45cd-9a0a-82ef62777c6d
74.48135,128.420935,20.5,2015-09-06 20:31:48,be57664a-71c7-4c40-9d6c-bd625020012b
74.478483,128.447588,20.42,2015-09-06 20:34:19,cd4e053c-6b33-4e45-8a04-178bfaf8ebe8
74.475567,128.474517,20.85,2015-09-06 20:36:51,44c36647-0308-4211-b6f7-c1ea2ec0c6f7
74.472617,128.501658,21.01,2015-09-06 20:39:22,23ef9f88-20a8-49a3-b922-19949c96ff40
74.469767,128.528368,21.4,2015-09-06 20:41:53,6dbaa022-58cf-437c-a8fe-48f448fb1bde
74.4669,128.554633,20.88,2015-09-06 20:44:24,283dccb5-80a6-47fb-9a2d-83a1866c571f
74.46405,128.580777,20.15,2015-09-06 20:46:55,18e71ba9-47ed-4bd5-acec-d113ac4e4a8f
74.461117,128.606497,19.69,2015-09-06 20:49:26,3b22d516-de05-4ddd-91a1-55e4fbca5615
74.458117,128.632262,19.66,2015-09-06 20:51:57,dd9d232b-34fd-489f-a29d-96e1bea5bfcb
74.4552,128.658125,19.61,2015-09-06 20:54:28,0e04f6ec-0be0-4fdc-9421-2dbf7d438e8d
74.452217,128.683928,19.63,2015-09-06 20:56:59,e4563afa-b5f8-410b-92a7-8ed6a5f6ca6a
74.449267,128.709758,19.61,2015-09-06 20:59:29,4c846e66-795b-4fb7-a086-f750b6151f19
74.446333,128.735507,19.64,2015-09-06 21:02:00,3858c538-8d6e-4b69-b8f2-2a9e87e52519
74.443383,128.76104,19.66,2015-09-06 21:04:31,9a5d6d22-b38d-4a79-a7c2-770b4fe25276
74.440367,128.787017,19.69,2015-09-06 21:07:01,dee43f0a-ed9f-4ef3-81d9-f48247d2ba78
74.4373,128.812983,19.66,2015-09-06 21:09:32,3c406eca-9635-4a13-915e-3747dc85caa4
74.434333,128.839005,19.56,2015-09-06 21:12:03,355f2bb7-ab38-4f7b-85b2-83808a2d094a
74.4314,128.865208,19.5,2015-09-06 21:14:34,53f4c84e-22d3-4144-b88c-a086c940a70f
74.428467,128.891428,19.5,2015-09-06 21:17:04,72fe1ad9-32b3-4375-8ac2-b9d6de0cd353
74.425567,128.917957,19.51,2015-09-06 21:19:35,17399ef9-f2e1-4e3d-a9e8-afa032b17ce0
74.422683,128.944365,19.66,2015-09-06 21:22:06,6bd52eb1-d595-4db9-b347-ed9e81184d0f
74.4198,128.97067,19.93,2015-09-06 21:24:37,57ec3325-e726-451e-8909-8f403f526602
74.416867,128.996778,20.35,2015-09-06 21:27:08,eeee3e1e-5c6e-41a5-8dbe-c7dd004c3136
74.413967,129.023078,21.15,2015-09-06 21:29:39,9e372e97-97e7-4656-92db-8ef4d623beb0
74.411233,129.049235,22.51,2015-09-06 21:32:10,bd4caba3-07ad-46b8-a0c0-e3ff66fff9e0
74.408417,129.075495,23.25,2015-09-06 21:34:41,7befc58d-7e63-4613-804b-7288a8ea4aaf
74.4056,129.102122,23.52,2015-09-06 21:37:12,449e67bf-595d-476f-9bcc-5704aefafef4
74.402367,129.131513,24.16,2015-09-06 21:39:58,f992abf9-dc38-4983-8865-d9feaf0019be
74.399467,129.158137,25.07,2015-09-06 21:42:29,0f83d0a2-b970-4ecb-90ca-8f93456a96cc
74.39655,129.184682,25.62,2015-09-06 21:45:00,3b559aab-0a41-4384-aedb-9694f24649c3
74.393633,129.211122,25.87,2015-09-06 21:47:31,c1b4ffe8-704f-4eeb-888c-cf149e4b7d36
74.3907,129.237542,25.98,2015-09-06 21:50:02,096c47f5-0d9e-419a-a5c1-87dce718c653
74.387767,129.264013,25.78,2015-09-06 21:52:33,69b4f2b8-b1e7-4735-84d4-6d4c3e56cdfe
74.384833,129.290535,25.24,2015-09-06 21:55:04,d5c7005c-3d9c-468f-89fa-661e8492e7f4
74.381933,129.317187,24.54,2015-09-06 21:57:35,d7c3c569-97cc-4282-bee3-29f5aa46898c
74.37905,129.343978,24.2,2015-09-06 22:00:06,0f2163b9-3c5c-4560-a3fa-c929549fb46e
74.376167,129.370712,24.19,2015-09-06 22:02:37,8177e4f9-dd37-4a76-9171-6aa41556318f
74.373317,129.397267,23.87,2015-09-06 22:05:07,c9167d40-5542-4bd9-b60e-b7eaab597d56
74.370533,129.423812,23.77,2015-09-06 22:07:38,780dcb45-f0e5-486f-a3c9-ed3a461c565d
74.3677,129.450387,24.11,2015-09-06 22:10:10,5dfc7934-3b1c-42dd-83e8-dd5f1299a937
74.364867,129.477002,24.33,2015-09-06 22:12:40,3fdf2725-1c23-44b5-9635-3d93858a7ebb
74.362133,129.50355,24.22,2015-09-06 22:15:11,7e515c51-204e-442c-be50-1c3335c04478
74.359317,129.530353,24.01,2015-09-06 22:17:42,28058f93-9dbb-43e7-af05-0c59aa638a69
74.356567,129.556828,23.79,2015-09-06 22:20:12,6208bc3f-4d05-4482-a174-b7684c69a163
74.353767,129.583355,23.4,2015-09-06 22:22:42,444ae0dd-61b8-42e2-bbb4-adc82812323d
74.35095,129.610062,22.97,2015-09-06 22:25:13,adcdd7a1-7b79-40e3-9745-ce1d2d81b1c8
74.348,129.636487,22.56,2015-09-06 22:27:44,8519f9b5-ba05-4946-95c8-54a2fbf1ac59
74.34505,129.662757,22.15,2015-09-06 22:30:15,0c4dabae-5e1c-4fa5-8047-963fb1d26e49
74.342017,129.68894,21.83,2015-09-06 22:32:46,5369662a-561f-4cf6-b2a9-5d11bb4cc7cf
74.338833,129.715037,21.43,2015-09-06 22:35:17,feb03901-0bb7-4436-9d29-7f4eef8cab9e
74.3357,129.741212,21.03,2015-09-06 22:37:48,8fa5d288-a7a5-42eb-a41b-0c8b82d4c957
74.332567,129.767025,20.73,2015-09-06 22:40:19,b04d3a16-af57-4ad0-a060-e6f357fb8c5a
74.32945,129.79272,20.53,2015-09-06 22:42:50,07b7af1b-faad-4096-bd46-dab8889fa525
74.326317,129.818322,20.34,2015-09-06 22:45:21,14481769-e639-4938-9180-357b60d84714
74.3232,129.843912,20.2,2015-09-06 22:47:52,96860a57-65d9-4fee-a6e7-0cac1e4f9c19
74.320017,129.869455,20.09,2015-09-06 22:50:23,0bcbc511-feec-4574-b4c3-90a13b5bec7a
74.316833,129.895025,20.05,2015-09-06 22:52:55,7f0a5c7a-1ab4-4900-a826-870e8a0c0ec6
74.313717,129.920762,20.04,2015-09-06 22:55:25,576b2de0-ab20-4ac5-9e98-301af48f5b7d
74.310633,129.946377,20.15,2015-09-06 22:57:56,c4eb3f30-033c-433d-b70b-ce8fc1481260
74.307533,129.972153,20.35,2015-09-06 23:00:27,bde47cbf-34d3-4833-9974-58bf198b49c2
74.304483,129.997765,20.54,2015-09-06 23:02:58,b06e9c5c-df8b-4b10-af89-c0f86eedfeae
74.301617,130.023677,20.93,2015-09-06 23:05:29,4365204e-5a70-4e5f-9341-e7459b7e2171
74.298617,130.049607,21.2,2015-09-06 23:08:00,1b39701c-a919-49eb-854e-639045f9d267
74.29565,130.075572,21.65,2015-09-06 23:10:31,a9c5291a-b2d4-4c74-b677-7ae78bfd9dc4
74.292683,130.101403,22.11,2015-09-06 23:13:02,870ad897-9523-46f0-bcdb-773f79a519d0
74.289867,130.127078,22.28,2015-09-06 23:15:33,10767072-9617-489b-97c9-5f398fe549a5
74.287083,130.152492,21.63,2015-09-06 23:18:04,21adb625-dc11-4d92-b4b2-9efc016020a3
74.284183,130.177983,21.16,2015-09-06 23:20:35,6992cec8-1079-4457-92d6-56d707e98e52
74.281217,130.203185,21.08,2015-09-06 23:23:05,b9880cfd-8ea2-49f9-8df0-03e41d33d599
74.278517,130.228392,21.8,2015-09-06 23:25:36,34b55179-c057-4177-b110-97b0c577f1c7
74.2759,130.253432,23.6,2015-09-06 23:28:07,44a966b2-939f-4583-b224-fdbd19df3da4
74.273183,130.278398,23.8,2015-09-06 23:30:39,bdd0dd5a-d0c8-40dd-93f1-ecaa9ae3d1f1
74.270567,130.303118,23.15,2015-09-06 23:33:10,994dd739-9d15-4327-9f26-5e2aba62a285
74.267833,130.327365,22.79,2015-09-06 23:35:41,a80f3dd2-97a5-4a09-87de-89be2611df2b
74.26525,130.352002,22.68,2015-09-06 23:38:12,f0196cd5-b851-48b0-9d5e-06af8cd45c75
74.26265,130.376375,22.47,2015-09-06 23:40:43,aaded8fe-a405-45ab-a496-fb7ec4810769
74.2601,130.400855,22.59,2015-09-06 23:43:14,b2119ba9-f935-4fea-98e5-e64d4519f806
74.257533,130.425637,22.71,2015-09-06 23:45:45,932601d3-04c1-467c-bf08-9e6ebf1760c1
74.25495,130.450417,23.27,2015-09-06 23:48:17,08bfe842-e2f7-437f-a15a-c21e0630bc93
74.252983,130.471137,22.95,2015-09-06 23:50:47,cc238c58-6bf7-48a2-953e-3309ecc8633d
74.251733,130.48503,22.42,2015-09-06 23:53:18,a91bf94a-0452-40e2-86bf-d5de2233ad5a
74.2509,130.49424,21.83,2015-09-06 23:55:50,1e1759b0-2644-4bd6-8476-bead12125346
74.260567,130.518673,22.86,2015-09-07 00:56:27,c3bffce5-f23f-49c3-98c3-9dddb1dea526
74.256683,130.523607,21.78,2015-09-07 00:58:58,7fdcac93-c65a-439b-99cb-a0bde76c562f
74.250917,130.523803,21.25,2015-09-07 01:01:29,64163ca8-bfa9-4e2e-ba82-dfff67fd422a
74.2448,130.524228,21.04,2015-09-07 01:04:00,16e81d4d-4ff4-4ee0-916b-f1e9fe9ef78b
74.238583,130.523322,20.97,2015-09-07 01:06:31,d84ab919-57cc-4908-9bb0-d7fb9805cbbf
74.232217,130.522615,21.02,2015-09-07 01:09:02,363be194-12d7-4640-a88e-3a911a623b4c
74.225783,130.521908,21.16,2015-09-07 01:11:32,5fc9c19d-7673-4510-b35a-66d0332f9c05
74.2192,130.521097,21.36,2015-09-07 01:14:03,aa43326d-28af-44fe-8a2b-04192ec9a4b4
74.2126,130.520155,21.53,2015-09-07 01:16:34,8d43ff2a-4f63-4701-92da-466425602c6c
74.205967,130.51991,21.5,2015-09-07 01:19:05,0734bddd-0d45-44ff-a0d4-f9e5a3407db5
74.199267,130.519872,21.45,2015-09-07 01:21:36,e8c95db9-0131-4b64-b542-1aa02a3b6716
74.1926,130.519622,21.41,2015-09-07 01:24:07,8aba6377-ce88-43c1-91ba-c9a04ce62b6b
74.186017,130.519358,21.39,2015-09-07 01:26:38,8bd2414f-a35a-4e85-973a-6d0951dd65c5
74.179317,130.519218,21.48,2015-09-07 01:29:08,3fd02460-29be-470c-b88f-c5ccc4de5f8c
74.172633,130.519075,21.64,2015-09-07 01:31:39,082ab963-a427-430b-9471-b872c1f15afc
74.16595,130.518878,21.64,2015-09-07 01:34:10,049b9e5d-44a5-4a75-b96f-e9aa57841988
74.159183,130.518868,21.63,2015-09-07 01:36:41,9eb966a5-099e-444b-8616-1adbc2d5d01e
74.152383,130.518893,21.63,2015-09-07 01:39:12,588d8647-b2c9-4e6b-a470-63f67878c61d
74.145567,130.518793,21.63,2015-09-07 01:41:43,7ef6dbbe-b4d2-465d-9f3a-b07cb88fdca5
74.138783,130.518672,21.66,2015-09-07 01:44:13,71a5fd6e-025d-4ecf-8a2c-91a1f7a6b620
74.131983,130.5186,21.56,2015-09-07 01:46:44,1aed84f1-ffef-4275-840b-c2842118251b
74.125267,130.517843,21.34,2015-09-07 01:49:15,7e870f8d-7764-4736-81b8-11d08d62ccd7
74.117883,130.517232,21.03,2015-09-07 01:52:01,5449009d-25cb-41f4-a39d-496fed2264da
74.11125,130.516753,20.51,2015-09-07 01:54:31,1cd5aba0-261b-44be-ba9a-01d25c09a94f
74.104533,130.516105,20.03,2015-09-07 01:57:03,3347a6cd-d015-4eff-aab6-2b84ed89f069
74.0979,130.51541,19.57,2015-09-07 01:59:34,ef17fe41-7421-4886-beab-50a0066a63c2
74.0914,130.514603,19.17,2015-09-07 02:02:04,26e5fe41-eec9-422a-999b-29dd4e96c829
74.084817,130.513855,18.87,2015-09-07 02:04:36,2b247063-e4eb-42bb-a2db-cff52adcf921
74.078267,130.513523,18.64,2015-09-07 02:07:07,16d066ad-aa76-433d-a538-8c8df51be9c8
74.071767,130.51299,18.54,2015-09-07 02:09:38,047f8d5d-6eaa-47ca-a697-aa6a7dfb15a3
74.065183,130.51275,18.5,2015-09-07 02:12:09,113ff831-2bdf-4640-9225-0645042a016e
74.058517,130.513185,18.49,2015-09-07 02:14:41,ab249e6b-55fd-4160-aa89-bc74f08a036a
74.051883,130.513782,18.44,2015-09-07 02:17:12,ce6ccff7-b1c7-4933-988c-bdd2d02b8f05
74.045217,130.514572,18.4,2015-09-07 02:19:43,bf65f79a-7b0e-4832-b5fb-97f2b88229f5
74.03855,130.515573,18.36,2015-09-07 02:22:15,61095d80-5207-4cdd-9098-561169498d7d
74.031883,130.516453,18.33,2015-09-07 02:24:46,f2eb1d93-19ef-4e1f-8be5-3aebcd5db107
74.025167,130.517303,18.31,2015-09-07 02:27:17,336004f7-3717-473d-ada4-8b4dd5e6a631
74.01835,130.518123,18.31,2015-09-07 02:29:48,a7517956-ef06-4c82-b96a-b8ca27447320
74.01145,130.51908,18.31,2015-09-07 02:32:19,88bb8fd1-813e-49cf-83a5-8a9484769381
74.004583,130.519918,18.31,2015-09-07 02:34:51,19a44f9c-2d88-4ce0-9837-02736b08fcfb
73.99775,130.520738,18.31,2015-09-07 02:37:22,8cc095e5-4e3e-41c3-a64c-d831089e2c22
73.990917,130.521688,18.32,2015-09-07 02:39:53,09bb1907-854f-497b-a4b5-aa4ff6f35a52
73.98405,130.522797,18.39,2015-09-07 02:42:24,bdf789de-427d-4247-9f44-3b5d24b968ba
73.97715,130.523975,18.51,2015-09-07 02:44:55,23009f47-eda2-4b59-a807-47cc263d9125
73.97025,130.525242,18.43,2015-09-07 02:47:27,a65dfaa2-fbe5-4a15-9b2c-0ebfd0e674aa
73.963433,130.52646,18.36,2015-09-07 02:49:58,2668871d-7963-44d0-9ad2-4f36bd27d899
73.95665,130.527907,18.35,2015-09-07 02:52:29,b608977d-ce11-4393-8678-e1670eb9792f
73.949933,130.529303,18.34,2015-09-07 02:55:01,6cd720af-81a6-47f6-a155-45feac4876d2
73.94325,130.53077,18.31,2015-09-07 02:57:32,be118aa6-4c06-4e36-b503-49df92e27d7d
73.936483,130.532118,18.29,2015-09-07 03:00:03,d5c56ba0-c868-45e4-9378-be1c5cda3f5c
73.929783,130.533607,18.31,2015-09-07 03:02:35,d7d699eb-2889-4634-809b-b9839b505c24
73.923033,130.535155,18.24,2015-09-07 03:05:06,81954dd5-f480-4acb-bf25-d89d4efaad8b
73.916333,130.536847,18.21,2015-09-07 03:07:38,de0829c5-d07c-4738-aa26-0e688445d6d8
73.909533,130.53865,18.19,2015-09-07 03:10:10,74b50494-93e1-42ff-bb95-0eabb03b2f96
73.902733,130.540507,18.18,2015-09-07 03:12:41,c1f4df44-9227-4875-a1dd-7ceac97be9fb
73.895867,130.542058,18.16,2015-09-07 03:15:12,2f17cddf-8ec1-41d0-b33b-30ba086de2a8
73.889033,130.54303,18.16,2015-09-07 03:17:44,7c6d9020-0354-4e34-afff-cda7dce6cbb2
73.882067,130.543672,18.16,2015-09-07 03:20:15,6efce484-1e58-4362-93a4-34ca72cddc33
73.875117,130.544118,18.16,2015-09-07 03:22:47,896a7581-71c0-476c-a86a-4064fa2b265a
73.868133,130.544685,18.14,2015-09-07 03:25:19,44ac4f59-a90c-4be4-8021-ac74aa3c7f08
73.861183,130.545365,18.13,2015-09-07 03:27:50,81b8fa16-8e20-4a1f-94d1-e370e227c663
73.854233,130.54606,18.09,2015-09-07 03:30:21,95dc3f49-e11a-4582-b636-4fa8604aa50b
73.847367,130.54678,18.06,2015-09-07 03:32:53,075b2856-efc5-4bc5-88f8-75240a69e3c8
73.840517,130.546437,18.04,2015-09-07 03:35:24,9271ef08-d29d-4a6b-8f15-ec55107ca7de
73.833633,130.545813,18.05,2015-09-07 03:37:55,52a6c7a3-8d74-4934-a0cb-26af4875c26b
73.826767,130.545363,18.07,2015-09-07 03:40:26,ea17d2eb-60f4-448e-9c36-590bbefcbb0a
73.82,130.543815,18.09,2015-09-07 03:42:58,73a8b797-66de-4f6b-9077-f12162636211
73.81315,130.542263,18.09,2015-09-07 03:45:29,e2ec5db5-6954-4f8d-969d-de6fc050d6d5
73.806333,130.540812,18.11,2015-09-07 03:48:00,1a4e8dc9-d622-444e-9546-89b1177efd37
73.799483,130.539398,18.13,2015-09-07 03:50:32,6d318b47-cd94-4437-9107-8fabfe0c9fbc
73.792617,130.537732,18.08,2015-09-07 03:53:03,f957627d-0406-478c-8673-c01120895d1c
73.7858,130.536105,18.1,2015-09-07 03:55:35,8ab0b69d-6641-48a1-a5e5-7d64090b7a4d
73.778983,130.534438,18.23,2015-09-07 03:58:06,d5dce907-3b0e-434a-86b3-2eae60d5a84f
73.772167,130.533052,18.42,2015-09-07 04:00:37,3f5055d5-cbad-4833-ad5b-91ece51e90aa
73.7654,130.531588,18.48,2015-09-07 04:03:08,4a9be2dc-6a5f-46b3-81f2-79ecbacf4139
73.75855,130.530207,18.46,2015-09-07 04:05:40,2df80bac-5ae9-4187-9db5-0d9d37295485
73.75175,130.528783,18.44,2015-09-07 04:08:11,12442751-9149-49b4-b4f7-69f2c4f2ecba
73.74485,130.527482,18.43,2015-09-07 04:10:42,fb5c8d40-5e97-4d18-9a3e-72faa6de2dc3
73.737967,130.526103,18.4,2015-09-07 04:13:14,118e2102-5343-4940-9769-e9fe93cf33ef
73.73105,130.524737,18.4,2015-09-07 04:15:45,266e9339-fc7d-49cd-8430-938b923b8d15
73.724117,130.523413,18.39,2015-09-07 04:18:17,65a48aa1-fe56-406b-bfd4-5afa9be35c78
73.717217,130.522043,18.37,2015-09-07 04:20:48,049c0328-a84c-45f9-bd15-f308da68aa6c
73.7103,130.520683,18.35,2015-09-07 04:23:19,3a89caa7-f983-4855-976d-3662983312ba
73.703433,130.519272,18.33,2015-09-07 04:25:51,72cba921-0113-401d-aba5-e8b2866edaf8
73.696483,130.517923,18.33,2015-09-07 04:28:22,b4ed384b-29bd-434b-82c9-d2a560f6e6ad
73.689583,130.516447,18.34,2015-09-07 04:30:54,b091e8fb-fba2-48be-beed-600e959b7f31
73.682617,130.515175,18.33,2015-09-07 04:33:25,51c10fb8-83b3-4404-8f5f-332127964db8
73.67565,130.513878,18.33,2015-09-07 04:35:56,45b7f6ad-b6d7-4641-9e77-3f1ef9e4672a
73.6687,130.512673,18.3,2015-09-07 04:38:27,a7558b59-2727-4a27-be3c-ca3853fd9696
73.661733,130.511465,18.29,2015-09-07 04:40:59,0ad89817-7007-4330-be79-d8ee7335991a
73.654767,130.510212,18.29,2015-09-07 04:43:30,9b1bd730-5c01-47b4-9ce6-450c0efcbd33
73.6477,130.508918,18.29,2015-09-07 04:46:02,e53fe0d6-a233-4b91-aa4a-acb892e8a25c
73.6407,130.507658,18.28,2015-09-07 04:48:33,b5834119-7ca7-4e94-acac-ff6770d2aad7
73.633667,130.506282,18.24,2015-09-07 04:51:04,d2abcf6d-4bf1-454a-aeee-4f4cd6bc1448
73.6267,130.504843,18.19,2015-09-07 04:53:35,caeeaa76-cb75-4568-a2f5-5886dcb79588
73.619583,130.503683,18.19,2015-09-07 04:56:06,d7f8df69-949b-4006-b7e3-7395994d3b58
73.612517,130.502725,18.21,2015-09-07 04:58:38,3274ca0e-3ac0-4e24-8cd9-853179b2db74
73.605533,130.501643,18.17,2015-09-07 05:01:09,895f13dc-950d-42ec-bfba-4cbad49689e1
73.599283,130.50057,18.12,2015-09-07 05:03:41,bf531a81-9b75-4501-89f3-56adc2c7fcdc
73.5949,130.500172,18.13,2015-09-07 05:06:13,0a41570c-2ad4-4631-a69d-0a179d39886b
73.592567,130.499253,18.11,2015-09-07 05:08:44,30630501-1c82-46f6-952a-d4abbc482efd
73.5878,130.498495,18.09,2015-09-07 05:17:49,735b3113-d02b-4613-9a8e-b391abe28bfb
73.585467,130.498842,18.09,2015-09-07 05:20:20,16892ea1-1010-4741-8bbf-5f6ce2e4c8a6
73.58335,130.499738,18.1,2015-09-07 05:22:52,065dfe48-d992-47f2-ba08-ed665eec20e1
73.5806,130.499443,18.1,2015-09-07 05:25:23,393a086c-a658-4a67-9bec-e6fbcdc13ad0
73.5769,130.499873,18.1,2015-09-07 05:27:54,1c5a7faa-5e3b-400e-94b7-973d664c3333
73.572917,130.500395,18.14,2015-09-07 05:30:26,2c026a9c-e8e9-4dd2-b957-844866d90976
73.568833,130.500657,18.17,2015-09-07 05:32:57,d447493e-bf91-4de3-bc15-b2c4a31ba382
73.5646,130.500873,18.21,2015-09-07 05:35:28,12ec3ac6-c016-43c7-91e6-b3b8d38a3250
73.560367,130.501007,18.23,2015-09-07 05:37:59,93d2401a-42eb-4f27-83c2-3ab6dc1fcf66
73.556217,130.500935,18.27,2015-09-07 05:40:30,722ab0b6-f0ee-4651-8e1e-0662c6eef03c
73.552083,130.50092,18.31,2015-09-07 05:43:01,aca277cc-453a-454f-815e-ce1e1653db1a
73.547883,130.501012,18.34,2015-09-07 05:45:33,d29eb599-9cc6-46db-8bbd-f3e23db8f514
73.543733,130.501115,18.32,2015-09-07 05:48:03,d1038523-9096-4f24-8b23-3ef66bda3ea0
73.539667,130.50112,18.32,2015-09-07 05:50:34,1bb3748b-385d-42b3-97af-06500b20a905
73.53625,130.501203,18.31,2015-09-07 05:53:05,346dc5b2-94f0-4efd-9824-1bcc75c234bb
73.533267,130.500612,18.32,2015-09-07 05:55:36,67b696ec-8811-4822-8137-146cfad9916d
73.530383,130.500568,18.33,2015-09-07 05:58:08,0edcb283-3e17-44de-9985-7fd4030783d7
73.526967,130.500263,18.35,2015-09-07 06:00:39,f4bd421d-31bd-4587-8461-53e641b2afd9
73.522333,130.500635,18.43,2015-09-07 06:03:25,e820b6e3-6833-4c63-857b-da364e9bdaef
73.51815,130.50083,18.49,2015-09-07 06:05:56,043b4e9e-ed76-4b17-9fa1-f972406fd227
73.513983,130.501205,18.52,2015-09-07 06:08:27,352c103f-8d3f-4aae-b62d-add986a370ee
73.509833,130.501533,18.49,2015-09-07 06:10:59,9c8c2009-41d0-4c05-9575-287618b53b87
73.505667,130.501812,18.43,2015-09-07 06:13:30,7eee3a1e-5aff-4bb8-b234-cdd790345bd7
73.501533,130.501857,18.37,2015-09-07 06:16:01,de966cd7-5ed0-4bfa-a876-0668a2696148
73.497767,130.501793,18.32,2015-09-07 06:18:32,4cb6fc29-32af-45df-922c-d4fa9d014839
73.495683,130.501052,18.33,2015-09-07 06:21:02,b6a051de-502b-41c8-9ef1-a8da9fca2d59
73.490767,130.500307,18.38,2015-09-07 06:29:06,1b016ba3-e9d7-40c1-8b64-46396c6402b2
73.486817,130.500515,18.42,2015-09-07 06:31:37,79d94e83-a5ba-4f35-b277-d5028a21601d
73.482633,130.500777,18.49,2015-09-07 06:34:07,350c8fd1-98ed-461f-8d43-80285b0560ce
73.478583,130.500895,18.46,2015-09-07 06:36:38,002306d1-1ec4-4040-949d-cce25b479018
73.474467,130.501068,18.45,2015-09-07 06:39:09,fd331242-2c06-41fa-a2c3-24dd7bc6a01c
73.4703,130.501035,18.42,2015-09-07 06:41:40,5343c5cd-7d14-48b1-9a47-a2174c944661
73.466017,130.500877,18.39,2015-09-07 06:44:11,88d5ae9b-df31-41ad-8801-4a7ef7b5a178
73.461733,130.500748,18.37,2015-09-07 06:46:42,44e46a54-49f5-46cf-906e-4a2ec8c774d4
73.4576,130.500413,18.33,2015-09-07 06:49:13,dafe4a37-f3ee-4154-8bf3-f016e46eac21
73.453417,130.500305,18.29,2015-09-07 06:51:43,b20da610-bd9e-4ff2-8828-505faaeec695
73.449217,130.50016,18.24,2015-09-07 06:54:15,757c5070-248d-4fbf-a735-b249c8db27bb
73.445,130.499882,18.21,2015-09-07 06:56:46,faf8eea7-a686-49ab-a113-5707064a3b8e
73.440817,130.49961,18.19,2015-09-07 06:59:17,4ec351d1-846a-446d-8fd6-bde5a4588934
73.436583,130.499343,18.2,2015-09-07 07:01:48,330699c4-762b-4470-85d3-26b35047769f
73.432417,130.499247,18.2,2015-09-07 07:04:18,5f2828a4-8e78-4bab-9d5b-5e791c869b35
73.428267,130.499203,18.2,2015-09-07 07:06:49,79188a7e-d34e-4244-9d8b-0bbd3778dab5
73.424133,130.499013,18.2,2015-09-07 07:09:20,0c79cff3-0e4f-469b-89b1-64fd0ea8646e
73.420067,130.498857,18.21,2015-09-07 07:11:51,a40bd26f-71e2-4073-93ea-0cae1c92bc58
73.4159,130.498768,18.24,2015-09-07 07:14:22,12883c5f-fd42-43a4-9e39-c089b946de9a
73.41175,130.49876,18.26,2015-09-07 07:16:53,8104324a-440f-47d2-b777-a2ce67164322
73.4075,130.498617,18.25,2015-09-07 07:19:24,f8273c7c-9d31-4f23-8553-3aab7d889b87
73.4032,130.498735,18.25,2015-09-07 07:21:55,8208270d-0ad4-47c4-954b-54c6bdd34f7d
73.399,130.498797,18.23,2015-09-07 07:24:25,fa7179d2-0d5f-476a-a448-71041d810eaf
73.3948,130.498632,18.21,2015-09-07 07:26:56,5ff4b18d-4ae9-471c-82bc-f4bc3d9c0089
73.390533,130.498477,18.18,2015-09-07 07:29:27,835073ec-7a61-4afc-bc78-744d5d75d4b9
73.386367,130.4983,18.15,2015-09-07 07:31:57,ee9303b3-e28f-41a7-a82c-8b2b87993369
73.382183,130.498125,18.12,2015-09-07 07:34:28,90d0a0ee-ec6e-4bb0-88a8-4ed3c87112dd
73.378017,130.4982,18.12,2015-09-07 07:36:59,c29584e9-9b6c-4659-a490-3a145cf7b031
73.373833,130.49811,18.13,2015-09-07 07:39:30,29aab3ac-dace-4233-904f-5656a2b666c5
73.3697,130.498245,18.13,2015-09-07 07:42:01,9389b769-0292-4a53-9505-9f49af33f98a
73.365533,130.498615,18.13,2015-09-07 07:44:32,f13c17aa-497f-4cbd-b552-db656e777faf
73.361317,130.49903,18.17,2015-09-07 07:47:02,9c6e50bb-f2c1-469d-9723-a901a030ab89
73.357167,130.499375,18.34,2015-09-07 07:49:32,872c9098-9058-45ea-80ea-4ff23b32b935
73.353033,130.499468,18.42,2015-09-07 07:52:03,e7fa27da-db69-45ba-91d4-0c46ade7d6d6
73.348917,130.499347,18.44,2015-09-07 07:54:34,7066b5ae-9d88-4580-9d9d-9cc6c1a7b54b
73.344833,130.49958,18.47,2015-09-07 07:57:05,4a246716-ebc1-47ef-b6db-893c14f379bb
73.3407,130.49971,18.48,2015-09-07 07:59:35,764cf18e-8c33-4dfa-a8bd-486696767af0
73.336533,130.500345,17.52,2015-09-07 08:02:06,67ffb3a7-77cf-4fff-80fc-3c8af407dc1e
73.33235,130.50084,17.05,2015-09-07 08:04:37,3efaf875-67c6-4760-b21c-bf07a1536dc9
73.328167,130.501202,16.44,2015-09-07 08:07:08,a16a39ba-1566-4e9d-ad24-7328c2fa6320
73.324083,130.501663,16.21,2015-09-07 08:09:39,5349df85-9dc5-4400-bfe2-1c0bc06c5190
73.320017,130.501728,15.62,2015-09-07 08:12:10,eef31f73-8661-4e9d-9132-8bbc70e09313
73.315917,130.501462,15.41,2015-09-07 08:14:40,7b3a27cb-2c62-4550-ab04-7bc1581ff48a
73.31185,130.501318,15.3,2015-09-07 08:17:12,e9d7023a-0ac0-4a8e-b721-5f6954955a66
73.30765,130.501237,15.25,2015-09-07 08:19:44,bc61b822-986c-4820-86bb-f8362353267c
73.30345,130.500967,15.14,2015-09-07 08:22:15,7a42143e-4bc6-454d-a2ff-6e487fa3b91d
73.299233,130.500698,15.01,2015-09-07 08:24:46,80186c4f-d8b8-42fa-b877-83dfd0f18a77
73.295067,130.500658,14.72,2015-09-07 08:27:17,ac1e99b0-07bb-4e0f-a164-9cd0dde94f55
73.29095,130.500548,14.4,2015-09-07 08:29:48,6f54e525-aca7-4e14-b492-3bfd210b1e9e
73.2868,130.500535,14.13,2015-09-07 08:32:20,de3ba264-6710-422a-a7b7-5663639764b3
73.282683,130.500473,13.85,2015-09-07 08:34:51,ad6c62c6-53d9-43d0-b841-c8f6e6d6a709
73.278633,130.500422,13.59,2015-09-07 08:37:22,9826ca1a-9c7e-4884-9ace-d2886fdd0906
73.212067,130.498525,12.99,2015-09-07 09:18:07,422a24ed-8248-49ea-b171-e4da52ee6d15
73.208133,130.49834,12.93,2015-09-07 09:20:39,7ce37a2d-79d9-4c85-97b1-4b176956019b
73.204183,130.49815,12.91,2015-09-07 09:23:10,e3bab92b-fc23-48a6-9796-b3f1bbce887c
73.200317,130.498057,12.92,2015-09-07 09:25:41,2a93bfd5-a3bc-40e5-8a88-06ccccd0f2eb
73.196417,130.497978,12.92,2015-09-07 09:28:11,4a3ccae6-428f-4351-b01a-a1ef394284ef
73.19245,130.497863,12.99,2015-09-07 09:30:42,992559cf-4361-4d48-9b5b-e4eae3ccc823
73.1885,130.497855,13.09,2015-09-07 09:33:13,3e881ab6-d887-42cd-bbe0-fea228c13fbc
73.1844,130.497865,13.24,2015-09-07 09:35:43,4be2c831-f015-4ac7-aa56-03cfa170995f
73.180467,130.498082,13.31,2015-09-07 09:38:15,dc8ec003-4ed7-482b-9ca5-ec7bd75abc91
73.176583,130.498275,13.32,2015-09-07 09:40:46,1977d3fd-866e-44b9-84ce-4fbc9f420056
73.172617,130.498417,13.33,2015-09-07 09:43:17,cd35f526-5d5f-4ec4-bc87-72380619c51c
73.168633,130.498463,13.36,2015-09-07 09:45:48,00f3e2f6-b1e6-4191-a176-831ac4748508
73.164633,130.49846,13.39,2015-09-07 09:48:19,28341174-db32-4965-9d58-0b082bb6d599
73.160683,130.498487,13.43,2015-09-07 09:50:49,cde87b14-1d2b-4b56-a413-00cdf4d0f201
73.1567,130.498518,13.44,2015-09-07 09:53:20,0c41bf6e-db54-46f9-974a-73e57e32ce17
73.152733,130.49853,13.63,2015-09-07 09:55:52,297b70a5-bceb-4f0c-aa1a-c4f271aeca6e
73.148733,130.49856,13.74,2015-09-07 09:58:23,3da76b20-6e16-4821-ab47-b0453474da77
73.144817,130.498573,13.71,2015-09-07 10:00:53,3d7753fd-6fa0-4ce7-b675-03fed0b6021a
73.140867,130.498665,13.93,2015-09-07 10:03:24,c252981f-9291-4c82-8659-e05a70be6d87
73.136967,130.498717,14.04,2015-09-07 10:05:55,3c033097-16f1-4346-a39e-58b10146f2e9
73.133033,130.498768,14.16,2015-09-07 10:08:26,02828edc-1568-49b6-ae26-c01ff89b02cc
73.129117,130.498913,14.16,2015-09-07 10:10:57,9526be7f-9f7a-45c7-87e3-e7d816c0d0f4
73.125183,130.49892,14.09,2015-09-07 10:13:28,a52eb57e-70fb-4de9-8c00-c891591b986a
73.12125,130.499063,14.08,2015-09-07 10:15:59,063de2ac-62ae-4eeb-a9be-39503fe6d83b
73.117317,130.499228,14.13,2015-09-07 10:18:29,520c077b-8f5f-411c-863a-915ea93353a0
73.113367,130.49918,14.06,2015-09-07 10:21:00,dff5ffee-1eb7-4d71-a426-e371d63e6ff7
73.109433,130.499117,13.95,2015-09-07 10:23:31,8433c63a-924c-48df-b256-5cc8692cb828
73.105483,130.498933,13.91,2015-09-07 10:26:01,e0dfbdcf-c57c-4538-9969-d48a7c07ff42
73.10145,130.499012,14.07,2015-09-07 10:28:33,5f314f04-25f2-4440-b847-9a1a3bff9cfb
73.097433,130.499088,14.46,2015-09-07 10:31:03,2ff6ce0d-f964-4b9d-8fec-285c022837cd
73.09335,130.499188,14.62,2015-09-07 10:33:34,fd998e94-9a69-4c6e-b81c-505175d4deaf
73.0893,130.499273,14.66,2015-09-07 10:36:05,1fa5029c-937b-42cb-8b2e-2859ee03f734
73.085283,130.499373,14.62,2015-09-07 10:38:36,7489603a-3d99-4500-a8c9-9e874f5c7bcd
73.08125,130.499462,14.57,2015-09-07 10:41:06,8e44c15b-1d44-4275-aa00-882a847c6ea2
73.0772,130.499558,14.51,2015-09-07 10:43:37,5eedf836-d471-4ccf-8ec6-4f150cce6567
73.073133,130.499568,14.48,2015-09-07 10:46:08,b3e9359f-d0f8-4404-8c30-44107e21e2fc
73.069133,130.499537,14.44,2015-09-07 10:48:39,18f5b343-9bf7-4756-856b-4507d387cb9c
73.065217,130.499565,14.33,2015-09-07 10:51:10,09608483-56f5-4789-938e-d974e519546c
73.0612,130.499452,14.22,2015-09-07 10:53:41,2d1d5722-223b-47cc-a1e6-87c5f1d3c5d5
73.057233,130.499273,14.09,2015-09-07 10:56:11,83071391-40c1-41f3-9d07-0388ac3da84e
73.0532,130.499095,14.1,2015-09-07 10:58:43,d3c0386d-aaa6-4adf-a9b9-669d38ed3541
73.04925,130.49877,14.02,2015-09-07 11:01:14,d6735385-3743-48df-85be-3bfdf792ef23
73.045267,130.498478,13.96,2015-09-07 11:03:45,5fb60a20-c7ed-4ccc-8c79-2fdb34072de9
73.041267,130.498167,13.95,2015-09-07 11:06:16,47982c4b-355f-4bf9-a057-476f8fa452b6
73.037283,130.497832,13.88,2015-09-07 11:08:47,43b71d01-e76c-4a85-bf60-93adb07dbe2c
73.033317,130.497675,13.95,2015-09-07 11:11:18,44b28e25-83ab-4c49-b26e-2cfde28cb099
73.029267,130.4973,13.96,2015-09-07 11:13:49,adc177ea-b1b8-4492-8555-e390c8bdfb47
73.025283,130.497077,13.93,2015-09-07 11:16:19,a5887e4f-7f10-45a1-8a42-68050ac7fd75
73.0212,130.496807,13.94,2015-09-07 11:18:50,49a65d3a-659a-4186-a09a-0cc7b83a77e7
73.017217,130.496833,13.56,2015-09-07 11:21:20,31698356-326e-4def-aad5-5d46cbe69b9f
73.0131,130.497137,12.94,2015-09-07 11:23:51,e3e9f97e-a7e4-4029-8139-60b6a1d6d259
73.009,130.497322,12.79,2015-09-07 11:26:22,7029d31b-2125-495e-ba4f-0a2e4d63bda0
73.00495,130.497413,12.74,2015-09-07 11:28:53,b519ab0e-dbb6-48f3-9d1d-85a038696985
73.000917,130.497727,12.8,2015-09-07 11:31:24,d7529393-fa0e-406a-bdd5-5073eb91dee9
72.996933,130.498318,11.86,2015-09-07 11:33:55,cb8963af-6f13-4a85-89cd-414461c98a49
72.992967,130.498708,11.37,2015-09-07 11:36:25,181b979f-5646-4244-b35d-015c36c1f56c
72.988933,130.4992,11.43,2015-09-07 11:38:56,269e2cfb-6ee2-4708-8ae9-169fde663167
72.985,130.49943,11.51,2015-09-07 11:41:27,0dd86ac9-e42b-4ca4-92c7-a55629971cf3
72.980983,130.499613,11.42,2015-09-07 11:43:58,35617b6c-efd9-4b93-885c-fbab6de5c026
72.977,130.499885,11.22,2015-09-07 11:46:29,959bf1ae-0f2c-42eb-b14c-f85d05b6ef3f
72.97305,130.499992,11.01,2015-09-07 11:48:59,b5fb1a86-c894-4974-b74c-e60a81d39b42
72.969067,130.500215,10.88,2015-09-07 11:51:30,c9c27a69-f8f3-4031-9699-e4b0ccd5a89a
72.965083,130.500507,10.61,2015-09-07 11:54:01,00db6422-91af-46d2-a8a1-48c260431328
72.961133,130.50073,10.4,2015-09-07 11:56:32,defe95a4-b809-406c-97a3-2a61390f55eb
72.9572,130.500835,10.02,2015-09-07 11:59:03,1ebbd0bd-fa10-49f7-a766-112c7cb13c60
72.953283,130.50107,9.6,2015-09-07 12:01:33,8d2f9169-526b-4d0b-bfb7-185815773074
72.9494,130.50127,9.24,2015-09-07 12:04:04,921ac0ab-92c2-4b72-b315-4e264f296f16
72.945433,130.50149,8.92,2015-09-07 12:06:35,34fe114c-360b-4eda-9411-2eff7ac73aa0
72.941383,130.501762,8.58,2015-09-07 12:09:06,a9185667-1fe4-4395-8955-93c1508ff1c7
72.937367,130.501975,8.25,2015-09-07 12:11:37,6fa8b21e-b16e-44ae-8bf4-0ee8a1c467c1
72.933333,130.502093,7.97,2015-09-07 12:14:08,affe38ea-cee5-40db-b931-2c9af35efed1
72.929283,130.502215,7.58,2015-09-07 12:16:39,6702b6a0-7ecc-4f34-ad33-0474cd269116
72.925217,130.502333,7.15,2015-09-07 12:19:10,2eb94bb6-29b0-4399-bc7d-4ff5b71ad65a
72.921183,130.502473,6.78,2015-09-07 12:21:41,2b5d18fb-01fe-4e41-9a9b-9089bc31d649
72.917183,130.502597,6.44,2015-09-07 12:24:11,fea5fab0-96ec-4e64-8a5e-11f647203ec9
72.913167,130.50275,6.09,2015-09-07 12:26:42,22d9c55c-12ec-47b2-904a-5da4ff3e2e74
72.909083,130.503062,5.72,2015-09-07 12:29:14,3af65ba6-1793-4082-820f-8a3b32a6061c
72.90495,130.503195,5.42,2015-09-07 12:31:45,a690f155-fb13-46c9-b301-52c964387b3d
72.900933,130.50312,5.32,2015-09-07 12:34:17,1d8647ef-b8ba-4d53-9ca1-2dde8a8555b5
72.896983,130.503178,5.23,2015-09-07 12:36:48,40b15154-d8ce-4aad-869b-4b422fe07db8
72.8931,130.503302,5.05,2015-09-07 12:39:19,0a03db6d-40c1-40af-85b9-58bf54875aa2
72.889183,130.50339,4.82,2015-09-07 12:41:50,6072ffa2-ac44-4066-98ec-15b396967f67
72.885267,130.503518,4.67,2015-09-07 12:44:22,b2bfa409-14aa-4202-9d87-2edad4a25fe4
72.881367,130.50379,5.07,2015-09-07 12:46:53,4851c734-8c88-4505-8de7-fe3fa83c9589
72.877317,130.50387,5.28,2015-09-07 12:49:24,b912d7e7-7637-4df1-bc3d-698544114fc5
72.8733,130.503575,4.99,2015-09-07 12:51:56,20cb7e52-3d76-4a37-81a0-80f5a87ec3b9
72.869233,130.503437,4.65,2015-09-07 12:54:27,44de0691-be71-4486-8ec7-ae84a4bcdacd
72.865233,130.5033,4.43,2015-09-07 12:56:59,50ede476-1e72-4aae-ba40-26bf09008981
72.861267,130.502963,4.43,2015-09-07 12:59:30,982759f1-97b4-4d96-a56d-98ff2824e079
72.857317,130.502522,4.5,2015-09-07 13:02:01,4aa033b0-2799-4611-a74a-92f61dd79d27
72.85335,130.502157,4.92,2015-09-07 13:04:32,9fae15d6-f756-4f8c-9532-9f655ebf9a4d
72.849417,130.501788,5.46,2015-09-07 13:07:03,139f07a0-b79c-4eb0-a8e8-b37a1be10092
72.845383,130.501398,5.45,2015-09-07 13:09:34,dc1c976a-623a-495a-8eeb-79aea11075f9
72.8413,130.501137,5.36,2015-09-07 13:12:06,2ec1f387-f332-4104-a898-7764344eeed2
72.8373,130.500885,5.38,2015-09-07 13:14:37,fe92581a-2b7d-4215-b160-9c01da238bcf
72.833367,130.500593,5.44,2015-09-07 13:17:07,1a1ab0de-dae0-4386-9bb7-c2c9bcc86dc4
72.82935,130.500392,5.47,2015-09-07 13:19:38,18942640-c7bf-4bb8-a083-44f271169365
72.825417,130.500182,5.64,2015-09-07 13:22:10,699d6f17-cfe0-4e0d-a1c7-12f06122716b
72.8214,130.499927,5.83,2015-09-07 13:24:42,85e3481e-ceba-43af-9b04-2b010759ba33
72.8174,130.499752,5.9,2015-09-07 13:27:13,ca693321-4fa8-4edd-a97f-f42871e22be1
72.813017,130.49947,5.32,2015-09-07 13:29:59,2e52904a-f72d-4e8e-bc3e-a85b571b0d82
72.80905,130.499397,4.95,2015-09-07 13:32:30,dead59d4-430b-4c8b-85cf-d7f9bf2df7cd
72.802717,130.499538,5.96,2015-09-07 13:36:29,21c66575-c242-492e-857c-cc0211871fc3
72.798717,130.499722,5.84,2015-09-07 13:39:00,7f8f8d6e-afe4-4043-9b97-22b257b7d440
72.794667,130.499827,7.78,2015-09-07 13:41:31,ab1ef7d2-0bdd-48b0-ad7b-f49c60df90f3
72.790633,130.50007,8.6,2015-09-07 13:44:03,afa69b45-3400-4027-95e3-d86b64ed9d62
72.78665,130.500277,9.49,2015-09-07 13:46:34,f5276a56-f7f8-49ba-8551-6ca31c6103ef
72.78265,130.500477,7.78,2015-09-07 13:49:05,c1280200-8bd6-4eaa-a438-684300711214
72.77865,130.500655,6.86,2015-09-07 13:51:36,2cda2461-132e-4a88-858b-8bf71a9af0f0
72.774583,130.500635,6.35,2015-09-07 13:54:07,9cd33d6a-81bc-47d3-8b76-1825f180e895
72.77055,130.500508,6.34,2015-09-07 13:56:38,0f49ecf9-c1cb-4ea2-b2d7-39fb2ad4fa77
72.766383,130.500468,6.88,2015-09-07 13:59:09,45fb3263-57d0-492c-a93e-5d0c8abf1f2b
72.762333,130.500498,7.45,2015-09-07 14:01:40,d5f557d6-344b-42a0-a150-f2534377ac6f
72.75825,130.500398,7.77,2015-09-07 14:04:11,7254566e-394a-4d1e-9194-8d88cb8448e5
72.754167,130.500357,9.29,2015-09-07 14:06:42,80afbdd5-ae89-4f89-852c-42a26cd97972
72.750067,130.500195,10.83,2015-09-07 14:09:13,6cf6ea4f-8b49-498e-af72-4ff9598f3260
72.7459,130.500087,11.16,2015-09-07 14:11:44,91517020-6012-4a4f-8cc3-3fa2efe861fd
72.7418,130.500078,11.17,2015-09-07 14:14:16,5df11a20-1692-4d4c-bf2d-dc285aa81f72
72.73765,130.500005,11.13,2015-09-07 14:16:47,b9950579-c53f-4216-beae-91fcf5d7bf25
72.733517,130.499972,11.15,2015-09-07 14:19:18,c35c2573-5567-45a8-ade6-a108196292a4
72.72935,130.500062,10.23,2015-09-07 14:21:49,d978ae4b-9110-4df4-8cb2-04d531c41772
72.7252,130.500275,9.82,2015-09-07 14:24:20,edce1514-dc01-4af0-afef-9e5820ae209a
72.721067,130.50055,9.17,2015-09-07 14:26:51,3b04a08f-d0e8-4fc8-9dad-abccdc607274
72.7169,130.50083,8.48,2015-09-07 14:29:22,42545650-1254-4221-9a88-1dfb1c27c47d
72.71265,130.501138,8.29,2015-09-07 14:31:53,629aff81-29a2-4a0e-adf2-7a7208d3906d
72.708467,130.501402,8.64,2015-09-07 14:34:24,660a3f9b-b0de-4721-8d80-afa30b51c433
72.70425,130.501545,11.06,2015-09-07 14:36:55,90e9d72b-0683-4810-8e82-931e850e5a15
72.700033,130.501787,9.16,2015-09-07 14:39:27,7fec1e12-92a2-46c0-8fa4-f1f7f6ae3cf0
72.695783,130.502065,9.18,2015-09-07 14:41:58,e2f30e40-ae03-4321-be18-5c870270dbf1
72.69165,130.502167,11.48,2015-09-07 14:44:29,49ba0a5d-0143-4bf1-9ee7-7587fd45074f
72.687617,130.502272,11.73,2015-09-07 14:47:00,694c41d7-ab4d-408b-b3df-fbc482d8641b
72.683517,130.502025,11.75,2015-09-07 14:49:31,5aa4910b-9686-4f71-8ec4-54edbc457ca1
72.6794,130.501847,11.75,2015-09-07 14:52:02,78f24734-304a-458d-948f-21c1fceb0028
72.675317,130.501718,11.76,2015-09-07 14:54:33,c5f3f3f8-dba7-46ab-a229-818ab992fe9f
72.6712,130.501678,11.74,2015-09-07 14:57:04,fc477514-e3f4-4d6f-8df1-343ad6ff1686
72.667083,130.501635,11.71,2015-09-07 14:59:36,b724c361-fbb1-4db0-9719-029d8c97abb9
72.662917,130.501607,11.19,2015-09-07 15:02:07,d704718a-95d7-4bf6-ac66-4b693751cb75
72.658733,130.501452,10.69,2015-09-07 15:04:39,98cb33af-5433-48b4-b582-5ff6bb24b551
72.654567,130.501263,11.06,2015-09-07 15:07:10,01949b13-78c0-4b7e-acf9-ea86b15e49cc
72.650383,130.501108,10.01,2015-09-07 15:09:41,77a80b61-9de7-4820-ba9b-cf4b2d074c06
72.64625,130.501047,9.46,2015-09-07 15:12:12,35063e41-d73b-4b85-9c16-7a720988e1dc
72.64215,130.50115,9.12,2015-09-07 15:14:42,d3d990c5-56a2-4c59-833d-4cf3f2c4b87c
72.638033,130.50116,8.83,2015-09-07 15:17:13,de378167-c033-49c0-8cd1-715d750b2289
72.633967,130.501142,8.63,2015-09-07 15:19:44,1d35faeb-1fbe-49b2-92fe-c56dd142b295
72.62985,130.501202,8.59,2015-09-07 15:22:14,f427e744-e876-4d3e-9724-83e6674d30f1
72.62575,130.501203,8.56,2015-09-07 15:24:44,32835513-28aa-42ab-8188-5f2e89dbf799
72.6217,130.501213,8.47,2015-09-07 15:27:15,6d0c6fdc-9336-40ed-b1d0-24ad502189fd
72.6176,130.501162,8.46,2015-09-07 15:29:46,8d218f4b-89d9-4b09-8cde-f75bb638ca50
72.613567,130.501133,8.67,2015-09-07 15:32:16,e7aa1bf3-8403-43c1-bb90-704d2d4215a8
72.60955,130.501228,9.07,2015-09-07 15:34:47,2f4f490e-b65a-47f9-9ab4-b80ec0384fb8
72.6055,130.50124,9.69,2015-09-07 15:37:18,05971b71-e626-49f4-9fda-4fdd9089347d
72.601333,130.50118,10.94,2015-09-07 15:39:50,cc807032-1cc4-43a8-b8fc-ce7cd23408cb
72.597233,130.500983,11.57,2015-09-07 15:42:20,578d0ff3-13c2-457c-abf8-59b04eb3b6a6
72.593083,130.500828,11.63,2015-09-07 15:44:51,6a8891a3-bd35-439a-8ab6-22fe97a56ec6
72.58895,130.50074,11.62,2015-09-07 15:47:22,53004f63-af74-4a27-8e97-1022f63f08ac
72.584767,130.500487,11.61,2015-09-07 15:49:54,13871be9-2c02-46d8-b279-785f6475aad3
72.580467,130.500437,11.58,2015-09-07 15:52:25,d42708d5-f9fe-403b-b576-b51d6cec8d83
72.576233,130.500363,11.55,2015-09-07 15:54:56,09d3525b-3393-4083-863a-7f9e9efc4cfd
72.572133,130.500188,11.51,2015-09-07 15:57:27,b05fddd6-6504-4a4c-965a-e5f53a760c87
72.56805,130.500045,11.48,2015-09-07 15:59:58,352b1f81-07ff-4b44-931b-1db1fa0b60b0
72.563883,130.499883,11.46,2015-09-07 16:02:29,aba147d5-1d32-40df-b5e7-f3861726afff
72.559667,130.499805,11.45,2015-09-07 16:05:00,01286d9e-804e-4e89-ac53-c6ab409e20d6
72.555483,130.499798,11.46,2015-09-07 16:07:31,b895b484-1b7f-4dda-a6f8-68f21d406850
72.551367,130.499787,11.47,2015-09-07 16:10:02,42e41bcc-4d10-4fd9-9b7c-6cb0b75ef23a
72.547267,130.49963,11.5,2015-09-07 16:12:34,778c3bb1-63a9-47b7-88c2-1237b6262aa0
72.543083,130.49964,11.54,2015-09-07 16:15:05,a785eaee-5d2e-4847-9b8e-759b62a6e4b2
72.539033,130.499505,11.6,2015-09-07 16:17:37,295a4de1-d740-42b7-9215-78e2239bac58
72.534933,130.499337,11.59,2015-09-07 16:20:08,70c20f7e-3147-4923-a562-d571f8e6f36b
72.530717,130.499783,11.58,2015-09-07 16:22:39,f181591d-6b5c-4cb1-a7f4-886129f8351e
72.526633,130.499805,11.58,2015-09-07 16:25:10,3ec7472a-0c31-4d19-bece-2f4934d3d635
72.522567,130.49986,11.6,2015-09-07 16:27:41,aea7b95e-342b-456e-812a-b5a81b88a0de
72.518483,130.500057,11.6,2015-09-07 16:30:13,3e17a7a2-cf19-4a3b-adf1-9a3b1a03a436
72.514383,130.500207,10.86,2015-09-07 16:32:44,5e0c0a49-fb02-4731-b8f7-3a0eaf910102
72.510167,130.500408,11.44,2015-09-07 16:35:15,c92962d5-267e-4220-8f01-0208a45537cf
72.506033,130.500612,11.62,2015-09-07 16:37:46,e0beaf40-e4b4-4795-97ba-320029dcdaae
72.501867,130.500975,10.22,2015-09-07 16:40:18,346d4439-2680-49ef-8925-63eb0248461c
72.497333,130.501215,9.44,2015-09-07 16:43:04,8e98c602-6bd4-4b8c-b21a-85d560edb095
72.493133,130.501473,8.99,2015-09-07 16:45:34,68284cfa-1716-4070-a353-d0d66e7bfeca
72.488967,130.501607,9.59,2015-09-07 16:48:05,4746525e-a00f-480a-ad28-600e8151ee5b
72.484883,130.501653,10.04,2015-09-07 16:50:36,60e31d85-3fab-4a45-a5c5-d379ed776200
72.48075,130.501585,9.75,2015-09-07 16:53:07,4df54713-b619-4230-a7b2-e6f105305ef4
72.476567,130.501697,9.62,2015-09-07 16:55:38,a4b8cfb3-fbb9-406e-80f6-604ee130a835
72.472367,130.501733,9.49,2015-09-07 16:58:09,d7493ab8-2ebe-4f0c-a911-8e61e802d3d5
72.468117,130.501738,9.43,2015-09-07 17:00:40,b37852c0-8db2-449d-b70c-dee467d69a72
72.463867,130.501663,9.41,2015-09-07 17:03:11,0b27af77-8612-4e6e-b628-1e2fb7449b1a
72.459617,130.501632,9.48,2015-09-07 17:05:42,93c33f31-5bff-4511-8955-929590dab6d3
72.45525,130.501362,9.73,2015-09-07 17:08:14,3fda58cf-7551-4919-9fb1-b95933cccf66
72.451217,130.501455,9.8,2015-09-07 17:10:45,4ff80631-c450-4262-91bb-94bdeee8557e
72.44715,130.50147,10.06,2015-09-07 17:13:16,a19bd58b-8864-4184-a9ab-c8d8dad9f274
72.442967,130.501263,10.43,2015-09-07 17:15:47,28dc41f4-7f78-4d16-a814-bb0d5e7dd71e
72.438683,130.501273,10.86,2015-09-07 17:18:17,3fb5152f-d999-40cd-bf10-a14f88ff156e
72.434617,130.501163,11.19,2015-09-07 17:20:49,b3b0b072-8a3e-465d-b262-6fc9150564b6
72.430433,130.501145,11.35,2015-09-07 17:23:20,bac8d52c-1c23-42fd-ad24-080116f286a8
72.426117,130.501298,11.66,2015-09-07 17:25:51,6b4a2834-5864-40fe-b262-cdfad8f10dcc
72.421917,130.501388,12.19,2015-09-07 17:28:22,84fd5c4b-720e-4ef5-a67c-b4a3cc2c3aac
72.41775,130.501295,12.44,2015-09-07 17:30:54,533bf141-15d7-4eff-8792-03cebf92ac9c
72.413517,130.501162,12.46,2015-09-07 17:33:25,40be41ca-4ad1-4fac-9a0f-8bea58e07e07
72.409317,130.50113,12.52,2015-09-07 17:35:56,ab18c38b-b716-4776-81bf-dc77199d9202
72.405083,130.501032,12.41,2015-09-07 17:38:27,cfc146b6-b098-4b7f-92cd-47c3c034bd33
72.400783,130.501018,12.31,2015-09-07 17:40:59,17d9f2fb-71c3-40d9-a310-e682c97189e3
72.396517,130.500985,12.17,2015-09-07 17:43:30,a403effe-46be-41d2-b7e5-71660affaf8d
72.391833,130.500788,12.08,2015-09-07 17:46:17,955e2fa0-9622-48fb-85e1-1098bd6df658
72.3876,130.500432,12.12,2015-09-07 17:48:48,216b5054-4eb5-4fbc-bfe2-bf2f1eb6944d
72.3834,130.50035,12.18,2015-09-07 17:51:20,29dc76a9-f243-44de-af59-6cf0f8659564
72.379167,130.500342,12.16,2015-09-07 17:53:51,3bd3cb14-4dff-416b-b3b1-02a6ed15bc02
72.374933,130.500213,12.15,2015-09-07 17:56:22,352929a8-db07-4f13-8b76-1018befcf9af
72.370683,130.499943,12.21,2015-09-07 17:58:53,d26246d0-4c11-424f-9ab6-a4af3182dd97
72.366517,130.499992,12.27,2015-09-07 18:01:24,204523cc-e33f-4a10-850b-c9df7d7a9e14
72.36235,130.499973,12.38,2015-09-07 18:03:56,2161bc43-74c6-4621-a7ec-c7a29b0413d3
72.358167,130.500107,12.59,2015-09-07 18:06:27,0022aeac-a8fe-436c-9b27-2ce18ddd5b1c
72.353917,130.50011,12.5,2015-09-07 18:08:58,baa498d9-d982-4317-92af-c7dfcc2caf14
72.349717,130.500297,12.31,2015-09-07 18:11:29,5feef9fa-788a-4811-bc9b-23eeaab159ba
72.3456,130.50044,12.35,2015-09-07 18:14:00,624dcee3-b37d-462e-8224-cbdd370a579c
72.341417,130.500363,12.42,2015-09-07 18:16:31,2a861cd2-4329-4463-8f8c-0f951bf3694f
72.337583,130.500505,12.24,2015-09-07 18:19:02,6fd35423-ab05-43e5-bf0c-e6c56cdb3197
72.334117,130.500607,12.07,2015-09-07 18:21:34,f32a9676-7d91-4acd-85cc-472d8e4d6085
72.330783,130.500613,11.9,2015-09-07 18:24:05,a0b9b96d-42af-4ba7-ab20-19ef55b4bd6e
72.3275,130.500478,11.76,2015-09-07 18:26:36,39143739-ef2c-4283-95cd-1ee711952eb6
72.32425,130.500308,11.63,2015-09-07 18:29:07,babe3af0-7020-4011-94a4-f4554380a7c4
72.321017,130.500178,11.5,2015-09-07 18:31:38,bff27e1a-f929-47fa-8e1f-ed1a0a9f8be8
72.317783,130.500008,11.45,2015-09-07 18:34:09,484c6da9-ac3f-43f2-90a1-6426802eeee4
72.314233,130.499342,11.38,2015-09-07 18:36:40,9871a39b-d0f9-41b5-9583-bd1e3af7a9d3
72.3101,130.498677,11.27,2015-09-07 18:39:11,fa7f0112-dd68-4c8e-985b-2066328889f5
72.306,130.49871,11.15,2015-09-07 18:41:42,ec264a85-5b00-4e52-837c-65f0b1e06618
72.301733,130.49889,11.1,2015-09-07 18:44:14,f5719b95-a324-4056-9245-06685f4ad64e
72.297567,130.499008,11.06,2015-09-07 18:46:45,8974d9fc-18c3-4894-adf8-a7f1770139d9
72.2933,130.499113,10.99,2015-09-07 18:49:16,add46047-5802-4cc1-a2e8-a2e329116114
72.289183,130.499297,10.94,2015-09-07 18:51:47,7e8b3f91-fb03-4ddc-abda-ce6d96e5ab6e
72.285033,130.499392,10.98,2015-09-07 18:54:19,41dfb607-1ad0-4faa-a8ce-e91bc55352cb
72.280833,130.499352,10.96,2015-09-07 18:56:51,2d249dea-f212-4111-bfe0-d242bab4213d
72.276733,130.499203,10.95,2015-09-07 18:59:22,782af76c-49d6-47c7-a615-4b6d7351396e
72.27255,130.499357,10.94,2015-09-07 19:01:54,48f563b4-ce46-4d8e-adad-f14b251c289b
72.26835,130.499787,10.9,2015-09-07 19:04:25,d5f7e33e-3b39-46da-9d5c-bfc017b71291
72.26445,130.499813,10.87,2015-09-07 19:06:56,3a0cd4ee-4463-4e2a-baea-974fdfa24c74
72.262317,130.499468,12.27,2015-09-07 19:09:27,017b0849-4c6d-40cc-b2fa-bd153b74800e
72.258067,130.497423,13.38,2015-09-07 19:19:02,e3e077f0-2d91-4da8-bd62-0567d700ee76
72.253233,130.4898,11.08,2015-09-07 19:21:33,a2503454-fc93-4ae1-b5ba-8386d0a9c0c7
72.247433,130.480382,10.89,2015-09-07 19:24:05,1685d61b-95e2-40d2-ac37-16ff9852e7b0
72.241533,130.47062,10.89,2015-09-07 19:26:36,1e2ba97c-3b46-4614-9634-219e3f80f199
72.235517,130.460977,10.93,2015-09-07 19:29:07,b78db70f-43a1-40f7-9b85-fe8dc8a0d05c
72.229483,130.451642,10.91,2015-09-07 19:31:38,b350702a-8a3c-41f4-b671-ad576cd5f87b
72.2234,130.442287,10.88,2015-09-07 19:34:09,efe50d36-296d-405b-b15f-e33eee663db5
72.217267,130.433043,11.01,2015-09-07 19:36:40,a6483f87-3dda-4726-ba95-14a4a555c8a3
72.2112,130.42395,11.66,2015-09-07 19:39:11,21a5030c-344d-43cc-97ab-dd29884ffe8c
72.205117,130.41488,12.74,2015-09-07 19:41:42,c91ea01e-17ac-48af-9110-279593ddde0e
72.19905,130.405973,12.91,2015-09-07 19:44:14,a44c2788-74f7-4e53-9ac6-13757c4d0d54
72.193017,130.397138,12.91,2015-09-07 19:46:45,eba1d49f-d328-4d9f-a190-9dcacd9fc343
72.186917,130.388193,12.76,2015-09-07 19:49:16,4e47157e-f4b5-4d9d-86b2-ad528dd10bb8
72.180883,130.379225,12.35,2015-09-07 19:51:47,0c998d29-28d2-4812-ba1c-253fbdba4d73
72.174883,130.370268,11.99,2015-09-07 19:54:18,d2f6ea43-3045-48ca-b98d-768b7eeb0597
72.168883,130.36129,11.36,2015-09-07 19:56:49,69c561bc-e089-4861-8f84-85791d67e487
72.162917,130.352497,10.76,2015-09-07 19:59:20,10bd90b4-a7d2-4460-9844-4c1bd3830419
72.1569,130.343573,10.24,2015-09-07 20:01:51,e9956836-03bb-4dac-b0d9-43727a40139c
72.150883,130.33459,9.88,2015-09-07 20:04:22,560e0906-80b4-4b2d-8888-a12112ad5260
72.144883,130.325667,9.66,2015-09-07 20:06:53,db9b5808-5612-4bb3-8d63-8c1ef03e1d09
72.138867,130.31667,9.7,2015-09-07 20:09:25,e9997fa0-9007-46e9-8ad7-0cd7047501ac
72.132983,130.307738,10.25,2015-09-07 20:11:56,f7f5774e-4b08-46dc-aa37-74b332e6578d
72.12705,130.298647,10.77,2015-09-07 20:14:27,d3299488-57eb-49a9-b67c-d6245bd5e216
72.121067,130.2897,11.16,2015-09-07 20:16:58,67aa2587-88a4-4471-aae1-647314da99f2
72.115083,130.280803,11.28,2015-09-07 20:19:30,e1fd1023-4963-468d-be0a-844cdf016116
72.109183,130.271848,11.67,2015-09-07 20:22:01,aa9637e6-ea55-45b5-abe8-5de2a9266f6b
72.103233,130.263162,11.3,2015-09-07 20:24:33,25051fc2-3962-4405-8b2f-5d7d3a4e0054
72.09725,130.25431,10.85,2015-09-07 20:27:03,16e68c13-c2d5-477c-8c95-974f6ee980cd
72.091333,130.24549,10.4,2015-09-07 20:29:34,fc0332f7-5db5-4e21-a5e5-062d6ec82312
72.0855,130.236882,9.77,2015-09-07 20:32:05,92a3ccfa-86b1-4371-8464-ad46465913e7
72.0796,130.228403,9.35,2015-09-07 20:34:36,1f13781d-bfc9-4c60-8eca-295f0c2fd742
72.073717,130.220053,8.39,2015-09-07 20:37:07,2608ef29-5242-4604-b8c3-72c2fdf93c01
72.0679,130.211595,8.29,2015-09-07 20:39:38,c4d44382-363a-4a0b-ab3e-5429841cde5a
72.06205,130.203352,7.93,2015-09-07 20:42:08,fa7280e4-4510-4f95-afc4-f3b24349652d
72.056117,130.195105,7.4,2015-09-07 20:44:39,cbe652d2-6a96-4e43-ad80-e592cb1f2a48
72.050217,130.186948,7.14,2015-09-07 20:47:10,d8e46795-8b3f-41a4-8e60-769f2166772e
72.044417,130.178643,6.97,2015-09-07 20:49:41,8c325509-e1ff-457f-a37f-5a02c29082d5
72.0386,130.170485,6.69,2015-09-07 20:52:12,f334fb15-6431-48ec-8f2d-579ad78f5a8b
72.0328,130.162375,6.63,2015-09-07 20:54:43,2dea4d51-0174-43a5-9feb-a41af16d99c7
72.026983,130.154327,6.14,2015-09-07 20:57:14,2cfbdb38-9983-4c63-b552-b3ce2501f0f1
72.021217,130.146255,5.56,2015-09-07 20:59:45,9cc890a3-520a-45e5-9361-fff74e50c48f
72.0154,130.138103,5.45,2015-09-07 21:02:17,55c6ab34-b2a5-4f67-92d7-e581fb3d4bdb
72.009833,130.13043,5.12,2015-09-07 21:04:49,89b71e78-acee-4684-a6af-bec4bb943534
72.006217,130.125622,9.44,2015-09-07 21:07:20,7d0c18fc-9020-434c-9273-db5d71450875
72.003917,130.122555,13.87,2015-09-07 21:09:51,ccebac01-3f80-49d5-84e1-883330ddeea7
72.001067,130.118043,14.42,2015-09-07 21:12:21,06a4506b-4a5c-4a3c-87b4-286f611872e1
71.999133,130.11427,14.5,2015-09-07 21:14:52,cda7ecf0-35a0-46c8-96e1-5c171bb5a18d
71.998083,130.109577,15.75,2015-09-07 23:29:58,ab61c8f6-9c6f-49a3-95e6-a0684975213b
71.99975,130.108168,14.76,2015-09-07 23:32:29,13040d7c-4f7c-4415-a5e0-410b42e95ce2
72.002083,130.110305,14.9,2015-09-07 23:35:00,8a094e70-fb6c-4b8b-a249-f16d7d4d4b7c
72.002783,130.11821,15.58,2015-09-07 23:37:31,e753d872-f6c1-4e73-a3d7-4246366520fb
72.002467,130.128355,12.13,2015-09-07 23:40:02,0e0caae1-3a4e-4ec0-93ec-98317ab04310
72.006667,130.136817,14.06,2015-09-07 23:42:33,6b3f2f62-be1d-4271-84f1-b46cd8c281fe
72.012367,130.14496,14.55,2015-09-07 23:45:03,ab1e7307-bd71-4900-8106-e540896e3750
72.01835,130.153233,14.5,2015-09-07 23:47:34,2af197f8-5d4b-440e-8533-eea9164485dd
72.024517,130.161232,14.45,2015-09-07 23:50:05,0ac7b68b-d68a-4a86-8c11-f01c2473e4c3
72.030667,130.16922,14.4,2015-09-07 23:52:36,cb5f3137-986f-4a4f-946e-511bc4cdaf70
72.036867,130.17737,14.06,2015-09-07 23:55:07,26a5e82d-ab5a-421e-96d3-4fb649bd2c5f
72.043133,130.185483,13.55,2015-09-07 23:57:38,85a9464e-b618-45a7-bc2b-83fbc10e41b2
72.04945,130.193625,14.13,2015-09-08 00:00:10,2404bc1f-a1c4-42bb-93f1-a11e9768a8fc
72.05585,130.20186,14.2,2015-09-08 00:02:41,a1ea4e84-27fb-4972-9287-613bb21d1a4a
72.062383,130.210247,14.08,2015-09-08 00:05:12,70843127-7c76-4693-826a-f092303fc3b3
72.068883,130.218667,13.94,2015-09-08 00:07:44,9106e3c1-139a-40ff-9b5b-034d7c72952e
72.075367,130.226962,13.78,2015-09-08 00:10:15,bdf98157-e37d-4854-8715-21ad7d9d8915
72.081833,130.235295,13.21,2015-09-08 00:12:47,524af4b1-1481-4fc9-88cd-b89ec44ef24c
72.088267,130.243567,13.17,2015-09-08 00:15:18,00506a34-5f7b-43c8-affe-4b940baa850e
72.09465,130.251957,11.7,2015-09-08 00:17:49,a13d363a-57c6-4a7a-89b1-bba109fd37fa
72.101,130.260433,10.13,2015-09-08 00:20:20,92890df3-4a8a-41a3-81a2-82ea3b5a6a05
72.107367,130.268907,10.44,2015-09-08 00:22:51,52aa5477-fbc3-46ae-a152-471b0131cc4d
72.11375,130.277092,10.73,2015-09-08 00:25:22,f88d717f-e92b-4818-b208-5c037f77ed53
72.1204,130.28196,10.9,2015-09-08 00:27:53,7685e3d0-1129-4787-8329-183a04cbb1a2
72.127017,130.286292,10.98,2015-09-08 00:30:24,2e351afd-bf90-4836-ad05-adf946800d57
72.133633,130.290828,10.75,2015-09-08 00:32:55,dda3f9bc-a48b-4626-bebf-0f6db36380ea
72.140267,130.295847,10.6,2015-09-08 00:35:26,2b65ef92-3312-4dba-8487-d396cb65e0cf
72.14685,130.30107,10.02,2015-09-08 00:37:57,6c63ac85-9d7e-4c78-90e8-fb0a98291d8e
72.153533,130.306652,9.62,2015-09-08 00:40:29,3d8353e5-2df4-4d9e-b2fe-b5435a8d409e
72.160117,130.312265,9.64,2015-09-08 00:43:00,cbfbe068-edd4-41e3-b54d-c6aab2d67d1e
72.1667,130.317922,9.92,2015-09-08 00:45:31,aeff3f0c-67bc-44f0-bbe7-24d63af8acde
72.173483,130.32373,10.32,2015-09-08 00:48:02,63771d54-6a82-4982-960c-78b40eea2a3d
72.180267,130.329623,10.69,2015-09-08 00:50:33,5407e742-34aa-46ba-94de-d997b6b1f18c
72.187033,130.335245,10.97,2015-09-08 00:53:05,1bafb39f-e1d0-4a37-aa24-b9beb88aa8fa
72.193817,130.341078,11.16,2015-09-08 00:55:36,e6631d52-dd9a-484b-98e2-dc6bd98641d0
72.200533,130.346692,11.41,2015-09-08 00:58:07,84eebc08-debd-40d3-8cf6-e4ae96f2b3ec
72.2074,130.352233,11.92,2015-09-08 01:00:38,2b9c6421-d11a-4877-a21d-e343af934ad4
72.2142,130.35768,12.55,2015-09-08 01:03:09,731b4399-4c11-492e-97c3-594978ab8a4a
72.2211,130.363065,11.67,2015-09-08 01:05:40,f13c367a-aabe-44e9-a7bb-a65880e02dc4
72.228,130.368423,11.14,2015-09-08 01:08:11,0901b293-7b4b-42ff-a988-0640834b63ec
72.23485,130.37361,11.12,2015-09-08 01:10:43,f3a9f53f-6d6a-46b9-91a4-7855d1fe539d
72.241717,130.378807,11.13,2015-09-08 01:13:14,3b13402f-1c48-4aad-bd86-54495340e509
72.248583,130.383872,11.14,2015-09-08 01:15:45,570ec234-5648-41fb-b7b4-0277f56136fd
72.25545,130.38905,11.12,2015-09-08 01:18:17,818274d0-9e1f-45bd-85c4-451d61fd826c
72.262283,130.39409,11.16,2015-09-08 01:20:48,de96141e-9939-4cc6-b322-790f9ae825a2
72.26915,130.39921,11.22,2015-09-08 01:23:19,b3314da6-87b8-4e45-a8b6-32fb9eb9dc74
72.27605,130.404477,11.27,2015-09-08 01:25:50,35526751-0cfd-46e5-b5f2-a43dc8004772
72.282933,130.409723,11.24,2015-09-08 01:28:22,821a90d7-7aa4-406d-9cdf-af2c12bac14d
72.289817,130.415133,11.24,2015-09-08 01:30:53,5c2f9359-2c1e-4091-ac6f-26d52f2aa08e
72.296633,130.42052,11.22,2015-09-08 01:33:24,dddb5ae4-8f20-430b-a0ec-b0639d1d73f3
72.30345,130.425937,11.26,2015-09-08 01:35:55,df09efb6-3160-45b8-80d0-efac0ff93ead
72.310283,130.43138,11.33,2015-09-08 01:38:26,1c26f461-aeb2-4d14-8e65-abf3a0a6661d
72.317117,130.436767,11.49,2015-09-08 01:40:58,ad64ae9b-04e8-48b5-a707-fa708c444886
72.3239,130.442378,11.69,2015-09-08 01:43:29,77fa0130-b3fc-488b-95ee-3972418b54da
72.330667,130.448,10.56,2015-09-08 01:46:00,a49a2d87-97e4-4ec1-abb9-5f0feafac254
72.3374,130.45355,9.59,2015-09-08 01:48:32,ad46dc8c-8b00-43e3-9d17-ac670277f94b
72.344083,130.459202,9.1,2015-09-08 01:51:03,f40209c5-4161-4d9b-950e-a7b843ea1642
72.3508,130.463992,9.02,2015-09-08 01:53:34,9a95e781-230c-43e1-83f6-9d809be3b8f7
72.357483,130.468603,8.97,2015-09-08 01:56:04,b3e84387-8139-4866-b11d-6af2313d5696
72.364117,130.473262,8.97,2015-09-08 01:58:36,1270b92b-eaef-4c1e-91f5-a3309386bbe4
72.370867,130.477413,8.95,2015-09-08 02:01:07,66e57005-dbaa-49bf-b3a7-c34c613cf863
72.377567,130.481388,9.06,2015-09-08 02:03:38,df5977e4-7e87-4b75-8138-d51407a39569
72.384067,130.485212,9.38,2015-09-08 02:06:10,aedbd988-0bc7-46c3-af44-0c2a0eb0f40f
72.388483,130.487653,9.55,2015-09-08 02:08:41,a4f67b39-d825-4953-8c38-49599261510a
72.392033,130.489733,9.64,2015-09-08 02:11:12,602e4771-43c2-4f30-b251-579b5223c116
72.396083,130.492142,9.72,2015-09-08 02:13:44,9c8ca1ef-a259-43e0-8342-b2a12c036617
72.398483,130.49363,9.96,2015-09-08 02:16:15,a35924d1-f221-4420-b742-033e4eb36764
72.40015,130.495115,10.65,2015-09-08 02:18:46,84a4b8de-21fd-45ba-9ff3-4683eb8d1fd0
72.438283,130.503927,10.56,2015-09-08 04:46:13,f49dcef4-f77c-4682-a03f-0badaa4a66ac
72.44505,130.502905,10.4,2015-09-08 04:48:44,44524155-5644-4532-b9f7-05e06020ad25
72.451867,130.501955,10.21,2015-09-08 04:51:15,dadd500e-0fa5-4610-9fd7-9bb577304d65
72.458733,130.501125,10.04,2015-09-08 04:53:47,2d57904e-a497-43fc-b517-89e1ef3749aa
72.465533,130.500333,9.83,2015-09-08 04:56:18,45c7121b-ec9c-47a3-8198-5fde6e34a175
72.472433,130.4993,9.69,2015-09-08 04:58:49,851969e3-5164-4467-9184-dc913086c533
72.4793,130.49839,9.47,2015-09-08 05:01:20,b185ecbc-01d2-4683-9ce5-140aa1319932
72.4862,130.498378,9.23,2015-09-08 05:03:52,3cd9def2-dcbd-4d88-be49-2063ed84cb45
72.4931,130.498245,9.01,2015-09-08 05:06:23,795aab95-58ba-466d-9ee6-a3fb0adc4dc7
72.500017,130.498172,8.87,2015-09-08 05:08:54,267050ce-27e3-46dd-bf83-c9703d11b523
72.50695,130.497923,8.73,2015-09-08 05:11:26,1f61b797-6bbe-4864-bef5-e0578ab454b0
72.513933,130.497633,8.68,2015-09-08 05:13:57,6ef004d5-f138-45c7-84d2-536ef5116a30
72.520767,130.497447,8.59,2015-09-08 05:16:27,de5adc8a-f038-43c8-89dc-de5009718e8e
72.5277,130.497415,8.51,2015-09-08 05:18:59,cff60d4b-7dbb-4b74-98dc-a795657d8df6
72.53465,130.497505,8.48,2015-09-08 05:21:30,840aa797-64b0-4141-9c11-dae90bda6f5e
72.541583,130.4976,8.38,2015-09-08 05:24:01,b330bdd9-127e-4dc4-95b6-67c0be45e846
72.548483,130.49762,8.15,2015-09-08 05:26:32,323d5745-8975-4ae7-aa97-05f739a07675
72.55535,130.497623,8.09,2015-09-08 05:29:02,4bcf26db-7f09-4de4-9a54-f100d54d5e6f
72.562317,130.497553,8.04,2015-09-08 05:31:34,1312911f-7928-47da-861a-66804c00858b
72.569267,130.497658,7.86,2015-09-08 05:34:05,f3714108-4800-46e9-af23-274370d7309e
72.576183,130.497735,7.78,2015-09-08 05:36:36,72a3fed3-f61b-4e52-8be9-be9e2c29bb1d
72.583067,130.497855,7.68,2015-09-08 05:39:07,8882256e-526b-4b2b-a194-a2ffbd3ef524
72.590033,130.497943,7.68,2015-09-08 05:41:38,712cc4ce-7361-43c2-ad87-4fbe9a2b7ca9
72.597017,130.4981,7.8,2015-09-08 05:44:09,e94d7f0d-2d82-4308-a7a1-955008afc3d4
72.60405,130.498283,7.86,2015-09-08 05:46:40,b91e295c-07ed-4ef8-81e5-4843b9a52095
72.611083,130.498665,7.56,2015-09-08 05:49:11,d9bfdc19-f392-4937-9e46-cf607fe7985e
72.618133,130.498885,7.16,2015-09-08 05:51:42,878d1e68-52aa-4dff-9aed-3c5f4006289e
72.6252,130.499008,6.81,2015-09-08 05:54:13,ee443596-5f87-42f4-b73c-d187ea51d6c2
72.632183,130.499392,6.75,2015-09-08 05:56:44,dad236fd-5dff-4405-8710-831710dbe7c2
72.6392,130.499415,6.65,2015-09-08 05:59:15,08bd4c3a-9e30-4b4d-ae4d-468b9dd43890
72.646283,130.499562,6.63,2015-09-08 06:01:47,26bf8587-e1a3-4e57-afbc-ab44d9b21ffc
72.6533,130.49994,6.61,2015-09-08 06:04:18,65bda017-9f15-4c7e-9d71-c6cb89779902
72.660367,130.500282,6.6,2015-09-08 06:06:49,516d6700-b7b7-463d-8c8c-9318079e742f
72.6673,130.501963,6.46,2015-09-08 06:09:20,e79af98d-5a28-41bc-bff7-b6260473f922
72.674267,130.504738,6.27,2015-09-08 06:11:52,e75a5f0e-c7a1-48d2-8c54-b3f8994579d2
72.6806,130.50738,6.16,2015-09-08 06:14:23,62348d16-c214-47d6-9b06-97253041015e
72.68365,130.505605,6.17,2015-09-08 06:16:55,99dfdd70-b174-45fe-b673-b0ecca2b81db
72.707367,130.487177,9.99,2015-09-08 08:16:54,0804abd0-a070-4d7e-9815-50a46e44c4b0
72.714383,130.48768,9.99,2015-09-08 08:19:25,b36d859b-6687-4810-a79b-6d49426dc595
72.72135,130.488172,9.99,2015-09-08 08:21:55,6a2ba2d2-e659-4499-ab46-07010d8ef29e
72.728333,130.488577,9.98,2015-09-08 08:24:26,93761328-4a19-4447-a48c-f48b19fc221a
72.735383,130.489035,9.98,2015-09-08 08:26:57,1657533a-2c3b-4d63-ae62-80d0399249d2
72.7424,130.489608,9.98,2015-09-08 08:29:28,8b82638a-da44-4e36-9ba5-4eb97374c7e9
72.749533,130.490077,9.98,2015-09-08 08:31:58,dac1162a-68d7-4e73-a13c-000fa0bbc134
72.756583,130.49046,9.98,2015-09-08 08:34:29,f1a786ca-1217-453d-8b77-6b833296b89f
72.7637,130.490877,9.98,2015-09-08 08:37:00,f0d1c412-1857-47f3-9c87-e7395a780a3a
72.770833,130.491297,9.98,2015-09-08 08:39:31,ed8ec2dc-4168-47a9-b54a-bc5fc3f21b58
72.777933,130.491717,9.98,2015-09-08 08:42:01,198f300d-0006-471f-b429-fa85ca842335
72.78505,130.491933,9.98,2015-09-08 08:44:32,66fd2170-9665-4201-bd07-f76cc8fc6de4
72.792117,130.49234,9.98,2015-09-08 08:47:02,87cae300-e2b8-447b-9a28-72042579a690
72.79915,130.49272,9.98,2015-09-08 08:49:33,2659bcbb-782c-4976-b108-f12f5fd95f56
72.8063,130.493195,9.98,2015-09-08 08:52:04,d3a4b482-bce2-4f3f-91a7-0d350cb71abe
72.8134,130.493657,9.98,2015-09-08 08:54:35,00b91906-bb18-4b46-9670-3981b54ee27d
72.820433,130.494113,9.98,2015-09-08 08:57:07,6d9236b3-4565-49cc-ace0-b78e95853d71
72.827417,130.494552,3.96,2015-09-08 08:59:37,fe22f1c1-390c-436c-8928-5be80c5fb2f9
72.83445,130.495135,3.63,2015-09-08 09:02:08,02454faa-cb95-4e0e-aef0-873b40e8fa1c
72.841617,130.495703,3.68,2015-09-08 09:04:39,4b83bda9-d9c6-456f-a74a-d160b73f8646
72.848583,130.496203,4.34,2015-09-08 09:07:10,940b996f-2ac9-4dce-9e4f-7f7952af5208
72.855667,130.496648,5.01,2015-09-08 09:09:41,e721a23f-ca1d-4e84-aa8c-af94fce79a40
72.862583,130.49709,4.5,2015-09-08 09:12:12,745f0fef-330c-4327-b3c6-e49662b46698
72.869633,130.497462,4.07,2015-09-08 09:14:43,a2b02a7a-b9ab-485b-8fbb-a87f255230e8
72.876617,130.49784,4.39,2015-09-08 09:17:15,e87d1f0f-abcd-4876-a7f4-ac50f000c12f
72.883583,130.498807,4.59,2015-09-08 09:19:46,cad58d55-0f31-438e-9977-2e18e5a920b4
72.890483,130.49987,4.51,2015-09-08 09:22:17,5545194f-488f-40e0-ba0a-d5975c40179b
72.897467,130.500847,4.3,2015-09-08 09:24:49,e62c85c1-6d83-422a-9f5a-e54dcefa1eda
72.904417,130.501763,4.39,2015-09-08 09:27:20,aa8c8913-0e0e-4ccb-8efc-4a60deb60d93
72.911367,130.502635,4.45,2015-09-08 09:29:51,e8d109b2-8553-4a1f-9164-08dd67f30a9b
72.9183,130.503517,4.35,2015-09-08 09:32:22,42abd75b-9806-494c-baf0-bc0ad39f3524
72.925283,130.504538,4.33,2015-09-08 09:34:53,7300a1ec-037e-4995-b48f-2b18def57a6e
72.9322,130.504623,4.32,2015-09-08 09:37:24,7a063dff-e6ff-4df7-a3d2-946cda41e09a
72.93915,130.50441,4.42,2015-09-08 09:39:55,8f2917aa-a9a2-4eb1-8c5c-e5c9182a26b6
72.94605,130.504358,4.8,2015-09-08 09:42:26,05aadd09-0b1c-4986-aa56-92517475ef75
72.953067,130.504087,5.56,2015-09-08 09:44:57,57b246b8-1efd-4c77-bfff-4a394bfdd35a
72.96005,130.503792,6.59,2015-09-08 09:47:29,7c9d5937-921d-4efd-a3ce-924ed49e5823
72.96705,130.503477,7.14,2015-09-08 09:50:00,3c1ffd2b-e93a-4879-bace-ce4118ad7c62
72.974,130.50292,7.66,2015-09-08 09:52:31,4fc55a03-ea2e-4c5b-9eaa-6f57da75e498
72.98105,130.501973,7.86,2015-09-08 09:55:02,263bd181-e8aa-448e-8d0c-b0a585a03e32
72.988033,130.501707,8.12,2015-09-08 09:57:34,7af2fdf5-c961-4d37-9950-48d4a5ea7ca5
72.99505,130.50171,8.49,2015-09-08 10:00:06,584c9dbf-7e35-447c-a475-0d2114beffc0
73.0021,130.501808,8.87,2015-09-08 10:02:37,b2642ea4-9913-4a97-a03a-080a89718c1e
73.009083,130.501735,9.49,2015-09-08 10:05:08,6bbb1f1f-a6b3-417b-ab51-7e392d10e164
73.016033,130.501813,10.09,2015-09-08 10:07:39,51457027-5fa2-4e05-8ec4-f1e3f94c6fa8
73.022983,130.501978,10.44,2015-09-08 10:10:10,9d4ce95a-844e-472c-8296-305d967473e1
73.02995,130.501657,10.66,2015-09-08 10:12:40,4f71625f-6c1c-4332-938d-37b9dd110941
73.036833,130.501285,10.77,2015-09-08 10:15:11,bf4c7f98-256d-4162-bcc9-7b1cfb009ea9
73.043767,130.501045,10.83,2015-09-08 10:17:42,8d564a5c-aaa3-4c75-a4fc-3a4e4c9b4041
73.050683,130.500838,10.66,2015-09-08 10:20:12,0f370ea0-9697-47b6-b645-62bfe81087df
73.0576,130.500873,10.59,2015-09-08 10:22:43,642d5dba-8a05-429d-80fc-ff28116aaf07
73.0645,130.500747,10.36,2015-09-08 10:25:14,6dc9edc8-15cb-4bc7-bc0d-9638df80d15b
73.071333,130.500677,10.06,2015-09-08 10:27:46,50ea3a56-d7e9-4655-bf2d-7124453d0cc3
73.078217,130.5007,9.94,2015-09-08 10:30:17,8ae25c77-bfa5-438f-867d-b0efd8af0ff0
73.08505,130.500848,9.84,2015-09-08 10:32:48,27612a24-d3c9-4f7d-8e67-f20084099b6a
73.091817,130.500917,9.64,2015-09-08 10:35:20,6eed2551-4890-440f-ac78-6aed2ff382d5
73.0987,130.501148,9.21,2015-09-08 10:37:51,58ecdc12-39de-4658-8df7-523de8c2fd0e
73.105483,130.501525,9.02,2015-09-08 10:40:22,ef20caf4-651e-4f04-910a-198ce68fff95
73.1116,130.502023,8.83,2015-09-08 10:42:53,b3437826-be83-41b4-aee4-3b9d57c463ba
73.11675,130.503472,8.69,2015-09-08 10:45:24,f3bab6be-36ef-4c32-bd60-78ebc429fa4a
73.120267,130.50533,8.6,2015-09-08 10:47:55,3751cba3-eb2a-4bc4-bff7-c8b94b8736e5
73.12255,130.505355,8.56,2015-09-08 10:50:27,f4c43ca6-b50a-40bf-8301-c888671cfbac
73.132067,130.498862,7.94,2015-09-08 12:07:47,5cbf9fab-5722-4a73-a0eb-8277437df7dd
73.1372,130.498533,7.87,2015-09-08 12:10:18,f63583a6-4853-4007-8118-aba536357628
73.142667,130.49796,7.67,2015-09-08 12:12:49,3ccdf9bf-f170-4fde-9c35-cf48f933fa74
73.149067,130.497175,7.58,2015-09-08 12:15:20,a4f777e6-4d4c-4c92-a617-11660a808e90
73.155917,130.496822,7.53,2015-09-08 12:17:52,40efcb03-7c2c-499b-b318-f8f6b68b7530
73.162917,130.496472,7.52,2015-09-08 12:20:23,bcd76410-0049-4d50-bf28-e37c028c570f
73.170217,130.496003,7.66,2015-09-08 12:22:54,6a6615cb-8e39-4bf9-af69-94b321b10985
73.177517,130.495505,7.77,2015-09-08 12:25:26,4f426c63-6c4e-4dea-aab0-e5d853054d75
73.184883,130.494965,7.88,2015-09-08 12:27:57,c5e90789-4686-4d54-b177-ffc14396fa2d
73.19215,130.49446,8.12,2015-09-08 12:30:28,215a9d38-a29a-4494-b158-5fd9277d7110
73.199483,130.494155,8.48,2015-09-08 12:32:59,10b6f12c-c933-43af-89c7-7cca04cade85
73.20675,130.494452,9.36,2015-09-08 12:35:30,a5cd2904-b9ae-4ea2-8671-fd66e845b8f1
73.2141,130.49516,10.88,2015-09-08 12:38:01,cad0a6b4-1c88-4ad0-afb4-2604a258e260
73.221417,130.495922,12.29,2015-09-08 12:40:32,89dc5317-7498-4ba7-bd9b-381200b594ca
73.2288,130.496522,13.45,2015-09-08 12:43:02,5b0d127d-6fc6-4f91-a197-1fc845843652
73.23625,130.496677,13.88,2015-09-08 12:45:33,08e36da7-1351-4dfd-922e-760319e5a2f3
73.243583,130.496867,14.14,2015-09-08 12:48:04,2f35d31d-5643-49c3-9404-86fd38500b74
73.250883,130.497078,14.7,2015-09-08 12:50:35,72b6e32b-0378-44c8-aa30-639a727c8c95
73.258183,130.497073,15.99,2015-09-08 12:53:06,47b8a135-4dc3-4efa-9f17-473a9564d493
73.265433,130.49653,17.52,2015-09-08 12:55:37,6d1825f9-5910-4fbd-b0b5-807c10967e9c
73.272733,130.495965,17.99,2015-09-08 12:58:08,30d29e88-f0fe-4464-9ea1-6247c2c8e5f8
73.279983,130.495425,18.1,2015-09-08 13:00:39,2971ad97-cc3c-4474-879b-2f3747b7809f
73.287267,130.495218,18.14,2015-09-08 13:03:10,d07c200d-9262-4547-b07b-fc71cc53b7be
73.2946,130.495202,18.18,2015-09-08 13:05:40,4d09b833-51aa-4487-8f40-5d731bdcea60
73.301867,130.495503,18.2,2015-09-08 13:08:11,662290ae-8c36-4f36-ac70-8360e3c9b29a
73.309233,130.49573,18.16,2015-09-08 13:10:42,d34d97cb-90df-4f20-95a8-8458e0f60031
73.3161,130.495943,18.13,2015-09-08 13:13:13,309a72cf-2f1e-4e05-b134-bb12cad83676
73.320783,130.496367,18.09,2015-09-08 13:15:44,d6107f16-520d-474e-a1c3-6df99f842f48
73.324217,130.497067,18.1,2015-09-08 13:18:15,e40ae796-a4da-405e-9d2c-2ccd29c11fa2
73.32705,130.497652,18.11,2015-09-08 13:20:46,636254bf-fb11-42d1-b571-701190c784bf
73.329683,130.498178,18.11,2015-09-08 13:23:17,96e3cb4b-a22e-4ce5-887b-be813ebbd1da
73.331833,130.498585,18.12,2015-09-08 13:25:48,f8a05bbd-91c8-4cd1-8447-c07e2a741162
73.333417,130.498082,18.11,2015-09-08 13:28:19,07570712-b0d8-4d2f-b69d-1e77571be106
73.340183,130.49594,18.11,2015-09-08 19:42:20,7bd12c54-393b-45b7-bfda-882ff78bdc57
73.344517,130.495497,18.12,2015-09-08 19:44:51,32054680-833b-463a-9555-882e90d8afc7
73.34995,130.495547,18.1,2015-09-08 19:47:21,f291068d-0a11-441e-ad4f-065cb0bbad43
73.355383,130.49566,18.1,2015-09-08 19:49:52,03115b03-ed70-46d6-a059-447187786207
73.360367,130.496148,18.11,2015-09-08 19:52:23,5c9c499f-ee0b-454e-bcac-0a0da2c670d8
73.365133,130.496458,18.11,2015-09-08 19:54:54,339d35e8-00a5-4a85-be4e-c6706a43519f
73.370017,130.49685,18.11,2015-09-08 19:57:25,ffcbc56e-38d6-4962-9caa-0ffb5c3cdbf4
73.375067,130.497523,18.13,2015-09-08 19:59:56,69446519-667b-4c57-ab30-90c5d5fbe329
73.380017,130.497833,18.16,2015-09-08 20:02:27,e5c99899-8ad7-47a7-81e5-c113439dbbcd
73.384867,130.498075,18.19,2015-09-08 20:04:57,5f04454f-5d8e-47d3-98da-b9dc4cf120a6
73.3898,130.498418,18.2,2015-09-08 20:07:29,8df8204d-c6fa-4825-aaaa-03c77316d281
73.39475,130.49857,18.22,2015-09-08 20:10:00,57d6b94e-62ef-441e-a479-42f78009ec1a
73.3997,130.498898,18.24,2015-09-08 20:12:32,b7673ebd-21e1-4fa9-bb32-4fba5e5f2b89
73.404583,130.499122,18.28,2015-09-08 20:15:02,1a644d15-bd0a-4913-a5c7-fd4844f94141
73.4094,130.499252,18.3,2015-09-08 20:17:33,8c985b47-3790-4998-a2cf-f94906241bc1
73.414267,130.499332,18.32,2015-09-08 20:20:04,c2261dd8-e17d-4178-92c8-4cd76ea239c0
73.419083,130.499587,18.36,2015-09-08 20:22:35,89ef6374-ffe0-4e5b-b0d3-6cc11a245adf
73.423967,130.499287,18.38,2015-09-08 20:25:05,9d0f4e90-d293-4065-a8e4-d5bff6c9107a
73.428883,130.499108,18.37,2015-09-08 20:27:36,f19a14d8-b321-4ad8-b6b0-2397cac9962b
73.433683,130.499108,18.36,2015-09-08 20:30:07,e6fcd88d-2aba-46f6-9bfd-68c4a95feb0d
73.438567,130.498958,18.36,2015-09-08 20:32:38,dc2ae87b-e8ee-4d9d-afc6-669fd4d4dea3
73.443417,130.498902,18.35,2015-09-08 20:35:09,cbb016f1-6e81-4812-8f65-42ca20d4c201
73.4484,130.498862,18.35,2015-09-08 20:37:40,a8beb5ca-1169-4cbe-9ea6-a82cb09ab5fe
73.45335,130.498793,18.35,2015-09-08 20:40:11,d92a9dfa-764a-4de8-a099-917675cb4005
73.4583,130.498817,18.35,2015-09-08 20:42:42,3e23241c-0727-42fa-b180-e0375066ddc4
73.4632,130.498693,18.26,2015-09-08 20:45:13,45b49132-0966-4114-a217-a2b8ea574292
73.46805,130.49855,18.12,2015-09-08 20:47:44,dc6cf79d-3a95-45a9-be31-e3dae0b24bc0
73.472867,130.498465,18.07,2015-09-08 20:50:14,25e22e8e-6b18-4d93-83b5-e842f3196b8b
73.477683,130.498442,18.05,2015-09-08 20:52:45,4325d22e-1334-4b72-94a8-574019a32c35
73.482567,130.498483,18.04,2015-09-08 20:55:16,587b39b2-24a0-4928-a50d-d3c18bcd20cf
73.48735,130.498658,18.07,2015-09-08 20:57:47,cc21c1a1-e1c9-4622-84a6-2d7244c0253f
73.492167,130.498483,18.11,2015-09-08 21:00:18,6a567dc6-ce0b-4a6b-a099-f6f896df0e2e
73.497067,130.498548,18.08,2015-09-08 21:02:49,3262b462-e2f0-4974-9ebd-2a2fefd86e10
73.501933,130.498433,18.02,2015-09-08 21:05:20,e3eb7c2b-0b45-4893-bbc5-d285e7b41dde
73.506817,130.498453,17.98,2015-09-08 21:07:51,1c1a96d4-927f-454f-b55d-e94d9ec123e0
73.511633,130.498523,17.96,2015-09-08 21:10:22,f6e2a5af-a6cb-4ae4-93f0-edf9cd8a0884
73.516533,130.498587,17.94,2015-09-08 21:12:53,c85fda79-a8d6-43f4-9c27-5bf136fcf513
73.521383,130.498673,17.93,2015-09-08 21:15:24,9218dbaa-c788-4e31-a7f7-ab09b4a15c88
73.526217,130.498883,17.93,2015-09-08 21:17:55,3c455460-690d-44ea-9af5-990993962a52
73.531067,130.498883,17.94,2015-09-08 21:20:26,1d15efe1-a180-4713-a1fa-311ad6cc012c
73.535917,130.499028,17.97,2015-09-08 21:22:57,8477183d-fdf0-42af-9eb9-c13675a5c81a
73.5408,130.498978,18.17,2015-09-08 21:25:28,aa39d3ab-4cda-46b8-ab04-a7fef8cd06e2
73.5457,130.498848,18.25,2015-09-08 21:27:59,c678570d-a991-4778-ac8f-dcf8edab469e
73.550417,130.498717,18.33,2015-09-08 21:30:30,cfe1674e-0ee5-449e-a95b-c8b0b92fd7a0
73.555133,130.498807,18.32,2015-09-08 21:33:00,98d2904c-a602-4cf7-9add-968af80531c5
73.559833,130.498773,18.3,2015-09-08 21:35:31,bb68a9fb-4670-429f-990b-509da51abbc0
73.56445,130.498728,18.13,2015-09-08 21:38:03,2815aa05-78df-475d-8fe3-fdb615cbd3c9
73.569133,130.498515,17.95,2015-09-08 21:40:34,7053cd1c-955d-465b-9ac2-30084a762ff3
73.573883,130.498378,17.86,2015-09-08 21:43:05,832d53a2-6b9f-47cb-8e75-097290fb3ae8
73.5786,130.498402,17.83,2015-09-08 21:45:36,ae092ce4-412c-420c-8e80-8ed558dfbcb7
73.583383,130.498603,17.81,2015-09-08 21:48:07,9256c307-1e5d-41d1-b529-c48a726af001
73.588167,130.498972,17.81,2015-09-08 21:50:38,29adee1b-20e0-400b-92d8-d5bfdc8a86c8
73.592933,130.499722,17.88,2015-09-08 21:53:09,55c4741c-947f-444f-bfe0-f326e2519a89
73.5977,130.500505,17.91,2015-09-08 21:55:40,75537f05-eacf-49aa-9673-dfc2079b3399
73.602483,130.501715,18.06,2015-09-08 21:58:11,4e7a6886-2af2-4435-a4dc-d2aae03f0f10
73.60715,130.503197,18.48,2015-09-08 22:00:42,40e700be-ffa9-4392-b6b6-601c55a94fe0
73.611833,130.504775,19.44,2015-09-08 22:03:13,25c08841-6e12-47c8-8c64-77744cfee27a
73.61655,130.506272,19.71,2015-09-08 22:05:44,665ac33c-014c-48cb-991f-1dd9105efeda
73.621283,130.506942,19.95,2015-09-08 22:08:14,6bdef2b7-84e4-42b1-bb1f-0509e773a347
73.62595,130.507227,20.0,2015-09-08 22:10:45,3f7acae6-3c23-4fe3-9a92-08f7a8f8cc6d
73.63055,130.507153,19.98,2015-09-08 22:13:16,4ba16f4e-dc27-4a03-94af-e7ee9db4a56f
73.635233,130.507102,19.9,2015-09-08 22:15:46,4f1a92f6-f77a-43cd-8243-3f618b915f11
73.639917,130.507258,20.02,2015-09-08 22:18:17,65c464e2-ddfb-41d9-99e1-7255a21655cc
73.6446,130.50744,20.14,2015-09-08 22:20:47,231d28f9-1487-466e-998e-0e7e7f3a468e
73.649267,130.507397,20.07,2015-09-08 22:23:18,ac655526-e797-4234-985d-401e6fb51e38
73.65395,130.507487,19.92,2015-09-08 22:25:48,b7a30c67-9509-4e5c-b7b6-2724285ca4ff
73.658583,130.507408,19.67,2015-09-08 22:28:19,b6830cd3-e146-4535-86d9-fa3946c004c5
73.66315,130.507312,19.56,2015-09-08 22:30:50,38e51530-9b9c-4ed2-aa30-2bb419833617
73.667867,130.507303,19.54,2015-09-08 22:33:21,e6652011-8255-429f-99c8-dd8d1dc3d412
73.672767,130.50732,19.51,2015-09-08 22:35:51,403afb24-2205-42de-84ce-02b3cd0fb0b5
73.677633,130.507345,19.47,2015-09-08 22:38:22,6e953eea-7e4d-4ac2-98a9-29729673c8ce
73.682467,130.507455,19.42,2015-09-08 22:40:52,76f4db0b-ac3d-4b39-adcc-48d45579a305
73.687333,130.507623,19.35,2015-09-08 22:43:23,81c948ad-d465-4219-9c17-1020f0fdc6f7
73.692183,130.507882,19.21,2015-09-08 22:45:54,1a856cc5-0464-4497-8e55-f062e2f88a30
73.697,130.50817,19.09,2015-09-08 22:48:25,56d0e4f4-b883-4002-b9e7-8f09aa682f6f
73.7018,130.508542,18.99,2015-09-08 22:50:56,8068e064-3e00-483c-8243-ea9f9f6c0b8e
73.70655,130.508982,18.93,2015-09-08 22:53:27,40a46b78-0996-4967-b6a9-3cd7c3ab27b5
73.711367,130.509335,18.98,2015-09-08 22:55:58,f9c9dba7-252b-424e-a26d-6c92c967bcc6
73.7163,130.509728,19.04,2015-09-08 22:58:29,db7628d5-be89-498e-83eb-b97a7774c6b6
73.721133,130.510105,19.26,2015-09-08 23:00:59,3ec491b1-864f-4a77-8cb4-0942efb39c0e
73.725967,130.510408,19.26,2015-09-08 23:03:30,fad2e228-74ef-415e-931b-9295823b9bda
73.730783,130.510527,19.2,2015-09-08 23:06:00,8e77e7fc-a36b-4152-a275-0cf0274d1c4f
73.7356,130.510525,19.13,2015-09-08 23:08:31,7452328e-a518-46d3-a8f1-35f279e726a4
73.740417,130.510473,19.11,2015-09-08 23:11:02,d8244029-60fc-49fc-83f4-71d73b4fc58e
73.745217,130.51035,19.21,2015-09-08 23:13:33,41ca62c9-0c9e-48d5-838c-9fa762853aff
73.750067,130.510015,19.33,2015-09-08 23:16:04,3253971d-ec1a-4e0c-a713-a0edb4b1786c
73.75495,130.509697,19.41,2015-09-08 23:18:35,a2ee8b58-b55e-49d7-abfc-c73a0440c7ab
73.75985,130.509307,19.6,2015-09-08 23:21:06,88fe8c90-989f-4785-a1e9-b0f1395b458c
73.7648,130.50886,19.75,2015-09-08 23:23:36,5129d900-f49c-4d28-a763-7eb8ded4e37b
73.769767,130.508412,19.79,2015-09-08 23:26:07,58a69f13-a4c7-4be2-977b-5a51150187f2
73.774767,130.507968,19.83,2015-09-08 23:28:38,d6a683d5-51cb-4d00-b01b-72a052b82928
73.779767,130.507435,19.76,2015-09-08 23:31:09,a484ee38-d3e4-40be-bd2d-620f9a6c4f3e
73.784783,130.506795,19.8,2015-09-08 23:33:40,baa8a537-09dc-4e0c-abc9-6ce1a8002c4b
73.789783,130.50571,20.03,2015-09-08 23:36:10,b23fa155-d67d-4722-8c47-07e081b8b20e
73.794633,130.504412,19.31,2015-09-08 23:38:41,5e0743f1-8425-469a-8f04-f28eafaa10e9
73.799467,130.503205,18.6,2015-09-08 23:41:13,2fc6a823-3422-4bac-a49a-f9bd6eccf65a
73.80475,130.502038,18.11,2015-09-08 23:43:59,a0749c74-5961-4505-96ba-0a8a6b0d4bf7
73.809483,130.501037,18.14,2015-09-08 23:46:29,809c53d7-3741-4c0c-8f2b-e5384234c6a3
73.814317,130.500217,18.39,2015-09-08 23:49:00,9c7b2f0b-328f-4cc8-bddd-131eb3c6ceb6
73.819367,130.50002,18.57,2015-09-08 23:51:32,d56948bb-95bd-4583-b831-bc380ebb568e
73.824467,130.499715,18.5,2015-09-08 23:54:02,16505fb8-e541-4ba3-bb4e-94f776d880e1
73.82955,130.499328,18.43,2015-09-08 23:56:34,981afba4-5dec-46bc-85c6-2671361bd327
73.83465,130.499487,18.38,2015-09-08 23:59:05,6a1aee03-b50f-4429-8a34-9a5e8ab2adf2
73.83975,130.499505,18.35,2015-09-09 00:01:36,412abd14-f907-4c3b-87ae-8efed9cb1fcf
73.84485,130.499462,18.34,2015-09-09 00:04:06,2afffdbf-117a-4a49-822d-e7e0ce37b1da
73.849933,130.499683,18.34,2015-09-09 00:06:37,5314793c-83ee-45e7-9a86-aea3abeecdf6
73.854967,130.499785,18.35,2015-09-09 00:09:08,6b5560a5-f9bc-4034-bcb9-b3e1b1217d14
73.859983,130.500002,18.35,2015-09-09 00:11:39,9ca2a92c-947f-4e95-888f-4ca98d474eff
73.864817,130.500383,18.35,2015-09-09 00:14:11,587cc2ba-6888-4fe5-92bd-8589fae96c12
73.86985,130.500807,18.35,2015-09-09 00:16:42,fc10f514-dff3-4036-a5eb-78192cf5a514
73.874967,130.501192,18.34,2015-09-09 00:19:12,a576357a-4c67-4c69-8f05-f509242031f6
73.880117,130.50138,18.36,2015-09-09 00:21:43,a0c1326d-7a76-4bcd-830f-3330539a0c9f
73.8853,130.501522,18.38,2015-09-09 00:24:15,3290157e-b516-4d03-8317-b80d26b4503c
73.89045,130.501887,18.4,2015-09-09 00:26:46,758ad181-cdc5-4212-a08f-9e7dd4974117
73.89555,130.501693,18.41,2015-09-09 00:29:17,42f0babd-f505-451a-a0e7-bb54ddfbee44
73.900617,130.501548,18.4,2015-09-09 00:31:48,93008dda-9230-4a1b-9769-d4e2955038ba
73.905633,130.501592,18.38,2015-09-09 00:34:19,93ade949-e883-4be6-ad85-b537907f7c56
73.910683,130.501645,18.36,2015-09-09 00:36:50,ef72fdd5-72eb-45f0-a7fd-b3ac5f7aa332
73.91575,130.501782,18.34,2015-09-09 00:39:21,9b634f0f-b67c-454e-aad0-682d9b517e02
73.920833,130.50196,18.33,2015-09-09 00:41:53,1c696d0c-2807-4a46-b4f2-7662151595ce
73.925967,130.502225,18.3,2015-09-09 00:44:23,ee4682f8-b9fd-45d1-81b7-42757fa99eca
73.931033,130.502335,18.28,2015-09-09 00:46:55,953c5537-45e8-4436-a95f-7866ecd882c0
73.935983,130.502605,18.27,2015-09-09 00:49:26,78de5a27-4d22-45c1-bcb9-b0f928a03c85
73.940917,130.503117,18.25,2015-09-09 00:51:57,cc6eb823-3c39-4746-86ed-3d8ed0893423
73.94575,130.503412,18.24,2015-09-09 00:54:28,5c2109f7-0937-4505-ba45-ecbc914857f9
73.950683,130.503673,18.26,2015-09-09 00:57:00,de2b6183-b055-4732-99e5-f71a18ec6a4c
73.955583,130.503975,18.31,2015-09-09 00:59:31,ba478f92-a1f8-4125-bfdc-a5e3204a065f
73.96045,130.504345,18.51,2015-09-09 01:02:02,324e18b7-24d0-459a-82e2-f606f0cd0e74
73.965317,130.504308,19.08,2015-09-09 01:04:33,8cd35872-451a-422b-851c-5de7ff33afb5
73.970117,130.504097,18.79,2015-09-09 01:07:04,2d7199e8-7bca-4ce6-a9b5-ea82ef218778
73.974983,130.503718,18.82,2015-09-09 01:09:35,3ea8a513-d843-4eb2-89ed-dde6664219b7
73.979783,130.503365,18.82,2015-09-09 01:12:06,0cf44eae-3332-4671-84a4-12215f2d247f
73.9845,130.503277,18.82,2015-09-09 01:14:37,e76d3c0a-4059-46cf-ab67-a44c6426b2db
73.989217,130.503113,18.77,2015-09-09 01:17:08,51010a9d-2495-4fcf-aa15-f8021340c040
73.99405,130.502952,18.75,2015-09-09 01:19:40,8020630c-24e1-4fc7-8143-264ba7045e5f
73.998833,130.502888,18.72,2015-09-09 01:22:11,dadc7b88-c361-463d-9a7d-e40e4c8115cb
74.003617,130.502997,18.71,2015-09-09 01:24:42,433f03b8-8b11-47f7-b976-6c6344a678cf
74.008467,130.503128,18.75,2015-09-09 01:27:13,9cb0f4b7-e458-4c35-8f79-5fac2ba92bc1
74.013383,130.503208,18.84,2015-09-09 01:29:44,18a90c7a-3546-42a8-8a63-314e0f56e87d
74.018317,130.503218,19.29,2015-09-09 01:32:15,81b19ff7-a8d6-471c-9ec8-88d952bf360d
74.023233,130.503095,19.96,2015-09-09 01:34:46,7b0de970-b7ca-4c57-a0f7-5cdd9bb0a061
74.028117,130.502775,20.38,2015-09-09 01:37:16,5f6ad568-7762-40b7-9c09-3665a4d9d3d1
74.032983,130.502648,20.48,2015-09-09 01:39:47,9a328547-ba70-4aff-a450-569c1d8e01e3
74.037767,130.50271,20.51,2015-09-09 01:42:17,eab458e4-8d07-4575-8be9-d6392aa5e506
74.042617,130.50276,20.61,2015-09-09 01:44:48,b4b39ea0-3439-4cd9-8b80-8802250c24ac
74.0474,130.502647,20.74,2015-09-09 01:47:19,39765970-e407-47a8-a6dc-0a5e4b9c1334
74.052183,130.502433,20.73,2015-09-09 01:49:49,420ee29e-60e5-4d94-a570-64174b99e1f3
74.056967,130.50186,20.8,2015-09-09 01:52:20,1b800ba5-bdf3-425e-aa43-63f3d8ca7cef
74.061767,130.50118,20.79,2015-09-09 01:54:50,6b937875-7843-45c7-b747-f42b18fb3b06
74.0666,130.50038,20.79,2015-09-09 01:57:21,b6898f92-9d09-435d-af1d-ee90102b6490
74.071383,130.499632,20.81,2015-09-09 01:59:51,66f392c9-4967-4f4b-bd8b-a4df178bdf68
74.0762,130.498912,20.79,2015-09-09 02:02:22,a8073f75-708b-4f57-87ad-12a68955b8b0
74.081,130.498288,20.71,2015-09-09 02:04:53,c33997eb-442d-4d08-9e6f-4f7d28ae359f
74.085833,130.49778,20.67,2015-09-09 02:07:23,9158d716-7656-466f-9ade-b1f70a143325
74.090667,130.49786,20.61,2015-09-09 02:09:54,721937bc-a8e0-4406-8700-f3a4fa8f46cf
74.095617,130.498065,20.59,2015-09-09 02:12:25,ce579a1e-68d2-4d98-afc3-36122dd301bf
74.100533,130.498293,20.56,2015-09-09 02:14:55,c6c83ccb-259b-4dee-86bc-9ac98dae5266
74.10545,130.498733,20.58,2015-09-09 02:17:26,8789576a-aa83-4910-a88b-993010e2e4ce
74.1104,130.499227,20.92,2015-09-09 02:19:56,5a1b5675-5ba2-47df-9c8c-10a2a0d2c0ce
74.115383,130.49989,20.8,2015-09-09 02:22:27,7bab49aa-000e-4bb8-bfb5-a0b8052bee33
74.120333,130.500635,20.71,2015-09-09 02:24:57,540daaae-dc4b-4d8e-8775-64bfbbe3593a
74.12525,130.501428,20.8,2015-09-09 02:27:27,0108c80b-8730-4533-9d7e-55de53651a6f
74.130217,130.502357,20.89,2015-09-09 02:29:58,2116ed55-5fc5-4a24-86b6-4a331e5a6d82
74.13515,130.50321,20.97,2015-09-09 02:32:29,8d524a74-da3e-479a-bd78-ad324ab7afd3
74.1401,130.503878,21.02,2015-09-09 02:34:59,449e468f-86c3-4b85-b9a0-1d2a3830f495
74.144967,130.504485,21.02,2015-09-09 02:37:30,35b7c724-2dd1-405f-b258-e956da45c62c
74.149833,130.505032,21.29,2015-09-09 02:40:00,c28e7962-f33e-470a-958e-43980f386d0f
74.154717,130.505538,21.27,2015-09-09 02:42:31,12cff92b-8d96-407c-9d67-ea1108e5cbd6
74.159283,130.50642,21.16,2015-09-09 02:45:02,e1c11eb0-9dc7-4b3e-a907-54346b539088
74.163167,130.508273,21.05,2015-09-09 02:47:33,c8cd8438-cf5b-4d8b-afe9-075278781320
74.167317,130.507492,20.99,2015-09-09 02:50:05,612abe31-a14f-40f6-8c2c-609739e35432
74.172433,130.506442,20.94,2015-09-09 02:52:36,b8a81936-73b1-4c01-8ac2-0219849bd90c
74.177383,130.506527,20.91,2015-09-09 02:55:06,7d69d26c-55ee-4357-8382-b415c54a4e04
74.182367,130.506865,20.86,2015-09-09 02:57:37,6f762e72-22e8-417b-bf58-c2986ccd3371
74.18735,130.507315,20.84,2015-09-09 03:00:08,ec3b8831-3d7a-4954-b889-f9ea344a54dc
74.19225,130.507995,20.83,2015-09-09 03:02:38,ccf410c9-2931-40fc-aa31-02bac08f9626
74.196983,130.508583,20.82,2015-09-09 03:05:09,dc9ab735-502d-49a8-9266-4aaaaca575a8
74.201583,130.508792,20.8,2015-09-09 03:07:39,425f8f6e-b5d3-418e-8ecd-a6e95140e3d4
74.206167,130.50889,20.81,2015-09-09 03:10:10,40981b60-662d-4de7-8039-d8964296cabf
74.2107,130.509055,20.88,2015-09-09 03:12:40,84c66566-422d-4f21-85c2-19b5a8182467
74.215267,130.50874,20.95,2015-09-09 03:15:11,c600f752-b94a-4d7a-b899-2f1ae9bf0832
74.2198,130.50823,20.95,2015-09-09 03:17:41,b1aa9d26-6554-47c5-8c81-336aed3b76b3
74.223783,130.507988,20.96,2015-09-09 03:20:11,132148fc-b90c-462a-b154-0016587ad026
74.227467,130.507863,20.96,2015-09-09 03:22:42,5c2ccc18-aed1-4c98-a014-8756c616ad43
74.231133,130.507818,21.0,2015-09-09 03:25:13,7c177bbb-4d35-4041-a9a3-83d0d3a7dfd4
74.234833,130.507578,21.07,2015-09-09 03:27:43,9530c69f-772d-4bb4-b5eb-cd7fb6f21440
74.23825,130.50682,21.13,2015-09-09 03:30:14,60ab6512-705c-406a-a93e-ce4eb6082b4b
74.2409,130.506642,21.24,2015-09-09 03:32:44,3938c9e2-9b97-4c34-bf6e-4708dca2a4c7
74.243,130.506868,21.39,2015-09-09 03:35:15,5fc39d03-4b6f-48f7-a1f9-b06ed8795d3d
74.244833,130.506678,21.51,2015-09-09 03:37:46,341da664-e4e0-49eb-8930-9ebe6beabfba
74.246483,130.506575,21.65,2015-09-09 03:40:17,01376cbb-5209-4fed-a0e7-542d36d5a051
74.248067,130.506468,21.77,2015-09-09 03:42:48,b6f1edcb-93d4-4108-a33a-a6decd238826
74.2702,130.513265,22.32,2015-09-09 07:52:44,03147e6c-b75d-46ef-980f-8c5fb2b9c4d5
74.276867,130.512242,23.15,2015-09-09 07:55:15,255b30f1-b0f3-4fca-9456-4009ceed2807
74.283483,130.50915,23.9,2015-09-09 07:57:46,b82d0b38-8eb1-493a-963c-ddebe6d1966b
74.2901,130.50684,24.3,2015-09-09 08:00:16,d312757a-1e2d-4c63-96d1-795bb24061ed
74.296683,130.505827,23.38,2015-09-09 08:02:47,3fa344b3-6bbe-45ff-946c-a9add5b23001
74.3033,130.50531,22.78,2015-09-09 08:05:18,1835dbea-dea0-44bc-8415-3f6310d6e02e
74.309817,130.504815,22.66,2015-09-09 08:07:48,0dcff883-200a-4bee-a253-41453ff9bddc
74.316417,130.504362,22.74,2015-09-09 08:10:19,1eb58499-bd10-40c9-a9aa-4425ec0d1285
74.323017,130.504047,22.58,2015-09-09 08:12:49,62390a4b-5724-46c1-af81-dffa7ec6b73c
74.32955,130.503705,22.4,2015-09-09 08:15:20,f6103f1d-24a5-449b-91cb-b646aae36f30
74.336217,130.503178,22.3,2015-09-09 08:17:50,e5354dea-9493-4165-b9be-8a9eaba98850
74.342767,130.502753,22.14,2015-09-09 08:20:21,68dd5f0d-8e4e-4171-96ae-6dc38acf1c57
74.349383,130.50245,22.06,2015-09-09 08:22:51,018b3d78-8e39-4ea7-b80f-1a4029e2436d
74.356033,130.502173,22.0,2015-09-09 08:25:22,c9ab9d9c-e181-4193-b366-a465e487f95c
74.362517,130.501955,21.99,2015-09-09 08:27:53,0802d4f1-ef40-47f1-b32e-604c894ade73
74.369083,130.501737,21.89,2015-09-09 08:30:23,323d402e-eb12-44c5-9c0b-1ef7bbae5d80
74.375633,130.501392,21.83,2015-09-09 08:32:54,6f68f7c2-4c8e-448a-a079-e1ac94f90fb0
74.3823,130.501283,21.83,2015-09-09 08:35:24,9965703e-9cdc-44e4-b284-b3662344e113
74.388867,130.501208,21.93,2015-09-09 08:37:55,3b2cc8e2-fee3-405b-b693-fb37410a8e15
74.3955,130.501085,22.04,2015-09-09 08:40:25,816ce35a-ccaf-4f41-a596-2b11fdb3c5cd
74.402017,130.500968,21.98,2015-09-09 08:42:55,1df06161-ed8f-4725-83fd-155e018f8ac9
74.408567,130.500987,21.68,2015-09-09 08:45:26,94e7a1e5-7777-4092-a0b7-3549dbe86b4e
74.415117,130.501122,21.7,2015-09-09 08:47:56,fb2300b9-38c7-4b91-b55f-4792be81478b
74.421633,130.501073,21.73,2015-09-09 08:50:27,40e2b9ee-6502-439f-abdc-0609b94f24f9
74.428217,130.500475,19.86,2015-09-09 08:52:58,01676df0-5ed7-43b7-889e-76c0506e12ca
74.434833,130.499877,18.94,2015-09-09 08:55:28,c80425d8-d7c7-4209-8764-018e57f53d3f
74.441417,130.49974,18.74,2015-09-09 08:57:59,4c31896c-0e7c-4ae7-ae86-6073dbbea545
74.44805,130.499752,18.67,2015-09-09 09:00:30,3bdb48d0-05ab-4b71-979b-9409309c2bd4
74.468333,130.499598,18.6,2015-09-09 09:08:07,bde46621-25f1-4049-bb0c-048a0bc5cdbe
74.475,130.499552,18.58,2015-09-09 09:10:38,6edf6318-c62f-4420-9c02-8bb622ef6189
74.481717,130.499542,18.54,2015-09-09 09:13:08,0c9af977-9d8f-4d93-8b59-661c3f21e0cf
74.4884,130.499518,18.48,2015-09-09 09:15:38,42e7e2a9-6066-486e-98f4-671ca794cf8a
74.494217,130.499225,18.47,2015-09-09 09:18:09,a0ba8962-3d6c-4588-ba44-bf02f989974e
74.498967,130.498607,18.45,2015-09-09 09:20:40,5cc75366-f4a1-452d-be28-e797d4bf3629
74.503483,130.49838,18.45,2015-09-09 09:23:10,ed29d9af-bafa-4cf6-8efb-a93a9b885d5d
74.50815,130.498133,18.46,2015-09-09 09:25:41,27f653c1-26dc-4d0b-8b39-39857039311e
74.513383,130.498028,18.45,2015-09-09 09:28:11,6ff96f28-d0a1-4e5c-a52b-e3b3aea43e3a
74.519333,130.49805,18.45,2015-09-09 09:30:42,1d51998f-49be-4594-93ee-1731e54e1f06
74.525667,130.498118,18.44,2015-09-09 09:33:13,6005370e-81bd-4c21-ab7d-a09630eab6d0
74.532833,130.498332,18.43,2015-09-09 09:35:43,63d06878-5c7d-4dd0-88fa-b2e5c223e5e7
74.540417,130.49888,18.43,2015-09-09 09:38:14,22922950-4753-4030-a9c1-7fa5bcde8115
74.5481,130.499553,18.42,2015-09-09 09:40:44,0ccb5d2a-d16f-4d55-a3b7-fc4bdda3bc90
74.55585,130.500938,18.43,2015-09-09 09:43:16,221c2e69-55e5-457d-9afb-f6a74ecb8976
74.563517,130.501888,18.48,2015-09-09 09:45:46,b5987f92-94ab-48e5-ba11-df0f57a0fe19
74.571233,130.503048,18.58,2015-09-09 09:48:17,a312c8f9-6018-4cf2-a0a1-5136a8433241
74.578683,130.5038,18.71,2015-09-09 09:50:48,5a651efd-9149-4ec2-9ed6-dd568f12f6e5
74.5861,130.50352,18.73,2015-09-09 09:53:18,5a0f8ea0-beb0-49ad-a2e7-430e6dd42cc6
74.59355,130.503223,18.77,2015-09-09 09:55:49,be373777-b731-4035-b81d-8611f18e66a4
74.601017,130.502915,18.93,2015-09-09 09:58:20,dd592a25-82f7-41f0-ba7f-c2112f4a75be
74.6085,130.502285,18.24,2015-09-09 10:00:51,80a7e36d-b6a8-4509-9df9-0373602a715e
74.61595,130.501717,17.51,2015-09-09 10:03:21,bb34acbf-660e-482b-ac2b-3c378f090a09
74.623483,130.501122,16.99,2015-09-09 10:05:52,9dfaf554-655a-4bed-b5c6-ae83b7bad6d1
74.63095,130.500547,16.68,2015-09-09 10:08:23,dd1d9919-ecfc-466e-bcef-baab82b9e0a7
74.638383,130.500253,16.51,2015-09-09 10:10:54,c7999da7-b904-4901-bd21-c236d4abd763
74.6458,130.49982,16.45,2015-09-09 10:13:25,40af6f26-04b4-4236-a830-2c6edf3d0402
74.653183,130.499525,16.44,2015-09-09 10:15:56,533bc1dd-be9a-44f9-ba66-9489cf758092
74.660583,130.499365,16.44,2015-09-09 10:18:27,58350c08-2d79-4e62-9e70-9f3d4ca62984
74.66795,130.499517,16.42,2015-09-09 10:20:57,7bc3ce88-b8f4-4192-8320-a052992eb18c
74.675367,130.49968,16.43,2015-09-09 10:23:28,3c67f257-50b6-4b82-8f29-9e64ed04eec4
74.68275,130.500123,16.4,2015-09-09 10:25:59,6fc2f284-ca90-4f49-8d0c-7646056b3a57
74.690117,130.500677,16.41,2015-09-09 10:28:30,8a420231-8e21-4868-b881-787e22aeca6b
74.69745,130.501295,16.46,2015-09-09 10:31:00,899ec71c-6256-4bf2-a203-f08d7b693d04
74.704817,130.501828,16.61,2015-09-09 10:33:31,8a8917b5-21c8-4f7e-82dc-df46db5c62e7
74.7122,130.502333,17.09,2015-09-09 10:36:02,800f7150-779d-438b-8755-47afe376b405
74.71955,130.502863,17.01,2015-09-09 10:38:33,7008bc26-b6a3-49d9-b22b-3ba789ee01d3
74.726883,130.503607,16.89,2015-09-09 10:41:04,befcdd39-96a1-4e08-ad43-83613a60439d
74.7341,130.503952,17.32,2015-09-09 10:43:35,f961ed63-8109-427d-a309-19bcf08eb993
74.74125,130.503657,18.19,2015-09-09 10:46:05,dc027995-48fe-4cf4-88db-6bbf68c2c596
74.748417,130.502947,18.72,2015-09-09 10:48:36,49fe8d8b-a1f3-4d84-8e89-fc6564072324
74.755533,130.50149,18.95,2015-09-09 10:51:06,43973b56-2c3e-45ed-9a9a-5f99758ab3a9
74.762617,130.499888,18.88,2015-09-09 10:53:37,a7f73651-7760-4e8a-9270-e7899ead3171
74.7697,130.498943,18.61,2015-09-09 10:56:08,0e33004e-8b65-4d6b-96df-b98e12f2101b
74.7768,130.497837,18.44,2015-09-09 10:58:38,110caff2-8f9c-4037-aa63-1f3e498aca11
74.7839,130.496507,18.41,2015-09-09 11:01:09,8700e947-8722-46c1-b93c-fefbcc9e35a4
74.790933,130.495485,17.79,2015-09-09 11:03:40,24cc83cc-04fb-4892-9f03-373731195298
74.79805,130.49439,16.82,2015-09-09 11:06:11,33783c03-c009-41cc-a001-aaf1509ce163
74.805167,130.494363,16.4,2015-09-09 11:08:41,fdfb012c-824a-46f5-9424-0a90423979cd
74.81225,130.494445,16.26,2015-09-09 11:11:12,6682cb23-e3ba-415c-8439-33efa1b97b2b
74.819467,130.494547,16.19,2015-09-09 11:13:42,4ca46fc7-7937-42cd-9164-fbfeba8858c2
74.870283,130.50051,16.87,2015-09-09 11:31:44,d6eb267a-c3a6-4109-b790-775564e46119
74.877117,130.501532,16.75,2015-09-09 11:34:15,50bd9d5f-f721-42fb-9e4f-3cc55793dea0
74.883983,130.502688,16.59,2015-09-09 11:36:46,dbf6187d-aecb-4de0-8e02-00cd74de66cc
74.890833,130.503907,16.47,2015-09-09 11:39:17,4684b9c4-5949-4368-b455-cf85e974c89b
74.897567,130.505267,16.4,2015-09-09 11:41:48,de14999d-9b65-43ae-b48c-cf73ef2758f4
74.904017,130.506547,16.36,2015-09-09 11:44:19,d5bb4985-9a10-423d-8d2d-d32f44715bf7
74.91005,130.507263,16.32,2015-09-09 11:46:50,5163da8f-7a9f-441b-a726-81f562678d3c
74.914317,130.507015,16.32,2015-09-09 11:49:21,3a41b219-17f8-4b5c-8bc3-e9c6de4eaa4c
74.918933,130.454775,16.32,2015-09-09 13:54:41,3ecb59e9-720f-48cf-8931-5ce0d9c55899
74.92535,130.45452,16.33,2015-09-09 13:57:13,6d1f5b95-0168-4c76-8d71-5516d5fbe76e
74.932067,130.454598,16.37,2015-09-09 13:59:44,b1937a6a-f17f-41ec-9695-c902ea0b3192
74.939,130.455063,16.62,2015-09-09 14:02:15,c9578d06-b240-4df3-a2df-7c447cc6c6d2
74.945983,130.455657,16.64,2015-09-09 14:04:46,0a442b03-9e31-41c6-b98d-cadab3b394c1
74.952883,130.45633,16.65,2015-09-09 14:07:17,6c534cf9-8a6f-4cf6-8665-284326829041
74.959717,130.457182,16.66,2015-09-09 14:09:47,572e6374-ae37-4c2c-9544-fd7ff25c5f3b
74.966567,130.458127,16.66,2015-09-09 14:12:18,48d83ae4-53e5-47ae-a6ff-c92c5538531f
74.973383,130.459225,16.67,2015-09-09 14:14:49,b7fc62f6-556a-4adc-8baa-9f037a3a2b08
74.980233,130.460218,16.67,2015-09-09 14:17:20,80cbfa4c-6cca-4db4-b11b-f015a26d0dd5
74.9871,130.461128,16.68,2015-09-09 14:19:51,21efcbbf-3726-42bd-b5c2-1558eb253b42
74.994,130.462012,16.69,2015-09-09 14:22:22,1cd387bd-4e7b-4792-8596-3f95704e021b
75.000967,130.462793,16.71,2015-09-09 14:24:54,5b5ab038-9cfb-49cf-99d9-4d088f909a25
75.00795,130.463588,16.73,2015-09-09 14:27:26,eaae508e-c382-4d58-b04a-6ba6f16a61ab
75.014917,130.464343,16.79,2015-09-09 14:29:57,517a0e03-7d2c-4c4b-a423-efe231c2b45c
75.021933,130.464888,16.8,2015-09-09 14:32:28,dfc4cea5-449d-42d0-8af7-f7eccd8dc65d
75.029067,130.465248,16.79,2015-09-09 14:34:59,1ef2fb0f-ac88-4118-8c2d-fd55c2e726c3
75.036317,130.465372,16.79,2015-09-09 14:37:30,b3854bd7-9a53-4d30-b3af-ef179f14612c
75.043633,130.46535,16.77,2015-09-09 14:40:02,4637c09c-e953-4ebe-a43e-a7211dd60cb1
75.050933,130.465178,16.76,2015-09-09 14:42:33,32423882-a834-471d-ae91-0ed5d68d217c
75.05835,130.464408,16.69,2015-09-09 14:45:04,396f7472-b9ce-40dd-9a5b-4b78e9f15998
75.065767,130.464027,16.64,2015-09-09 14:47:35,ea024655-58c3-42e5-bc18-5c7665d7da12
75.073267,130.463217,16.58,2015-09-09 14:50:06,44f3df8f-8dbe-466a-97d2-567ade3f2c01
75.080783,130.462323,16.52,2015-09-09 14:52:37,1f5a16a1-f5fd-4b7d-8dc5-7bc671772281
75.088433,130.461542,16.53,2015-09-09 14:55:08,0c011635-9f49-4b02-b6c6-6252d27c44f6
75.096067,130.460917,16.84,2015-09-09 14:57:39,2abdfffe-3c9d-4d7f-b2e5-26673118434d
75.103517,130.459743,17.25,2015-09-09 15:00:10,108578ba-f4ea-4856-88e4-d2730e2beee2
75.110983,130.458602,17.62,2015-09-09 15:02:41,832693d2-7e9d-48ef-b412-63fad925fd56
75.118533,130.458722,17.87,2015-09-09 15:05:13,7af75cbd-9e6f-49a4-86ca-0429a4895f66
75.126017,130.458913,18.15,2015-09-09 15:07:44,48d4b5a9-85a0-4916-bcc0-514c798f329b
75.13355,130.45902,18.13,2015-09-09 15:10:15,d319aef8-ee01-4c12-9e1d-e7b5dc84d7e8
75.141083,130.459213,18.03,2015-09-09 15:12:46,6f37d1bb-217c-4517-8002-8a1e59aca88c
75.14855,130.459528,18.08,2015-09-09 15:15:17,15b099a0-a172-4d99-9af2-482e944a114f
75.155983,130.460285,18.58,2015-09-09 15:17:48,7bb0a240-ad6e-4b4d-be1e-68e862d031b1
75.163467,130.461478,19.16,2015-09-09 15:20:18,854cbbb9-1896-4470-8624-8c955b37ad4c
75.170933,130.462875,19.39,2015-09-09 15:22:49,f8093725-f21d-4e5f-9669-9fe805c9ae55
75.178433,130.46458,19.18,2015-09-09 15:25:20,34f9d724-50c1-42ce-95f7-86a69a0a7387
75.185883,130.466133,19.24,2015-09-09 15:27:51,0c4e6097-95b0-4ec9-97b8-f554b7bbb053
75.1933,130.467798,19.12,2015-09-09 15:30:22,58f27197-f976-4c0f-8663-25b94d4e1dac
75.20065,130.469497,17.83,2015-09-09 15:32:53,aef2b557-11d5-49c2-b5bd-412ec541884e
75.208017,130.471292,17.5,2015-09-09 15:35:23,18305564-8817-4c62-8ec8-fa31adf9570a
75.21545,130.472987,17.53,2015-09-09 15:37:54,07d97691-6501-4bee-a4e5-0fa4810cf826
75.222883,130.474917,17.49,2015-09-09 15:40:25,28f18b12-44d2-489d-9f26-cab1ce1ce41a
75.230283,130.477012,17.43,2015-09-09 15:42:56,9557f8d4-26be-4f3d-a905-ca4f1f84e823
75.237767,130.47915,17.36,2015-09-09 15:45:26,37d348f1-2a7d-45a4-a808-a21079e153dd
75.24545,130.481202,17.33,2015-09-09 15:47:58,d03bc6b6-f33b-425c-b67b-ba2dca7c2d44
75.2531,130.48341,17.34,2015-09-09 15:50:28,c5b0ae3a-cdc8-40f8-9125-fba2aa376c27
75.2608,130.485713,17.39,2015-09-09 15:52:59,3aec8dfe-9546-4407-853f-6041972f63aa
75.268417,130.487983,17.51,2015-09-09 15:55:29,1f7cc6eb-64aa-4200-9084-3af1990e09ac
75.27605,130.49034,17.74,2015-09-09 15:58:00,28c53d64-1fe9-47ee-b48a-7edeaa11136c
75.283783,130.492168,17.99,2015-09-09 16:00:31,bcbe22b2-1222-4435-8e56-0e25d43c73be
75.291533,130.49398,17.96,2015-09-09 16:03:03,30187e96-3d91-4945-8e34-42af52aae576
75.299267,130.495558,18.06,2015-09-09 16:05:34,0d9fd7ec-39e0-4ec3-a665-ff553ca4803a
75.306983,130.496157,18.12,2015-09-09 16:08:05,a3d65d35-da4a-4279-a513-a4875c76ba6f
75.3147,130.496277,18.14,2015-09-09 16:10:36,a794e13d-c6af-49c5-9ec4-4105cb3f6167
75.32235,130.496212,17.88,2015-09-09 16:13:07,2baf0b3a-3c42-49eb-9166-f7d8f1c892d3
75.329917,130.496202,17.98,2015-09-09 16:15:38,25498257-dfc2-4148-b8b1-99ddc2a521a1
75.33745,130.49625,18.47,2015-09-09 16:18:09,3c99937e-6b8e-40db-94e0-4f6c9062db73
75.34495,130.496437,18.75,2015-09-09 16:20:40,375aaaae-1dc3-488c-96f1-aa2d42b6f59a
75.3524,130.496483,18.16,2015-09-09 16:23:11,7d92b25a-86ea-41d5-8d24-3cb45d69af74
75.359833,130.496628,17.08,2015-09-09 16:25:42,a51d01d7-e3a6-49b3-a57e-fb7f73f84645
75.367233,130.496683,16.78,2015-09-09 16:28:13,9b795067-57f6-4b23-aebf-f4a6c69cfea5
75.374583,130.496862,16.6,2015-09-09 16:30:44,f8932e7f-b3e0-4ac5-b453-d23e447881b4
75.381867,130.49722,16.45,2015-09-09 16:33:15,9530bc1a-e10e-4b79-80e7-4fae0fa22c94
75.38905,130.49771,16.3,2015-09-09 16:35:45,263e76cf-2c63-4409-843a-8535df5cb101
75.396283,130.498392,16.25,2015-09-09 16:38:16,6456653f-b4d3-4ed4-a96e-2d3cffb951c1
75.403517,130.499295,16.16,2015-09-09 16:40:47,789b19ee-dea3-42dd-9fbc-f450230525c2
75.410717,130.50001,16.16,2015-09-09 16:43:18,b5688d13-97c8-481f-aea7-0311ed8cc254
75.41795,130.500733,16.11,2015-09-09 16:45:49,4ae4c659-3023-4889-a714-b3dcd6596305
75.4252,130.50143,16.09,2015-09-09 16:48:20,f46470e8-b407-4394-a92e-91964ec7e8f3
75.4324,130.501818,16.05,2015-09-09 16:50:50,b4699c04-0fdf-479c-bfe3-7c510d61745f
75.4397,130.502023,16.02,2015-09-09 16:53:21,471a0cc8-aab6-41ba-8aac-9e480bc14b0d
75.44705,130.50211,15.98,2015-09-09 16:55:52,7ebff447-c018-4daf-99ec-b06ebdacf1ee
75.454317,130.502173,15.95,2015-09-09 16:58:22,b28559a8-c9c9-40f5-b168-ee4c53fc1838
75.461767,130.502362,15.95,2015-09-09 17:00:53,9828e9c4-f0b7-49fe-90e9-316e2dca7984
75.46935,130.502273,15.93,2015-09-09 17:03:24,087056d3-d786-4b71-9697-0796ec5a1534
75.476933,130.502215,15.92,2015-09-09 17:05:55,c11cc0d3-f4d4-41bd-b3df-c82ec3ed9eb0
75.4845,130.501935,15.9,2015-09-09 17:08:26,9c56b7e7-9881-45c1-bcef-52a6a4ce11a7
75.492083,130.501782,15.89,2015-09-09 17:10:57,d4b8c1fd-c7ab-4cbb-8051-7b6bef651841
75.499717,130.501535,16.07,2015-09-09 17:13:28,ca91db23-f7ae-45bc-a9bd-690c53751831
75.507333,130.501462,16.1,2015-09-09 17:15:59,d7ee1411-fa64-4cfe-8dac-87079b7df14e
75.515017,130.50157,16.11,2015-09-09 17:18:30,53fc3a34-dee3-4c59-a844-c3b733358adf
75.522767,130.501697,16.13,2015-09-09 17:21:01,543fe962-2fcf-4129-b898-6abf77c3c10b
75.530533,130.501785,16.16,2015-09-09 17:23:32,0b504ee7-c546-4dfe-bbfb-359374f32f0b
75.538283,130.50199,16.18,2015-09-09 17:26:03,b3062a47-2ccc-44ae-84df-d5f586b5f575
75.545733,130.502138,16.21,2015-09-09 17:28:34,2835545d-ed78-449b-8884-22e9533575b1
75.553283,130.50225,16.26,2015-09-09 17:31:05,b3ecf725-641a-4458-8d55-a4afeaea2ce1
75.56095,130.502333,16.32,2015-09-09 17:33:36,7056b7f1-cef9-4f05-abbc-4dd945714f3f
75.568633,130.502035,16.32,2015-09-09 17:36:06,50ed3160-b622-4cee-b5c0-ad721c90a8e4
75.576367,130.501932,16.35,2015-09-09 17:38:37,121dc8a9-8928-4736-8e66-e00869b784af
75.584067,130.501755,16.42,2015-09-09 17:41:08,9db77425-2782-494a-ba3d-b50b3b3647e0
75.5917,130.501418,16.76,2015-09-09 17:43:38,568d8a35-b447-4b6f-9cd6-220b1cbe5a7e
75.599317,130.501295,17.08,2015-09-09 17:46:09,d05a0d45-ae00-4cc1-b6b4-85c82acf692b
75.606917,130.500843,17.13,2015-09-09 17:48:40,5cd6ad9e-7b80-4e11-82ac-e204585de9d9
75.614517,130.50063,17.15,2015-09-09 17:51:11,2285ef61-4897-41d6-a568-4d71bad1780b
75.62215,130.50035,17.09,2015-09-09 17:53:42,54318a18-b313-4943-a760-ca918a8c63ad
75.6298,130.500103,16.78,2015-09-09 17:56:13,a8d7aa59-6d5a-430d-8e95-70e6645b4b0e
75.637433,130.499778,16.53,2015-09-09 17:58:44,93c6e113-0457-4e48-a98d-8a534fc7e6b3
75.645083,130.499745,16.44,2015-09-09 18:01:15,56dd2a13-a4a6-499b-ad78-e500cab36714
75.652633,130.499717,16.49,2015-09-09 18:03:46,8e48d32f-40a8-4ffa-9f05-8a6e7d06aba5
75.660917,130.499522,16.74,2015-09-09 18:06:32,c1705acd-70f5-4026-ad55-77a6ddce8e2e
75.66835,130.499333,16.73,2015-09-09 18:09:03,bf35a237-3279-4e5e-95cc-edfe221df0d5
75.675883,130.499133,16.59,2015-09-09 18:11:33,421af3d2-230f-4ac6-8e88-c4a1bbc004de
75.683417,130.499208,16.51,2015-09-09 18:14:04,86ed2bde-2fb7-4542-94d6-4bdf61a057ce
75.690967,130.499288,16.45,2015-09-09 18:16:35,1a4decee-dee0-4501-9109-a136f59c6f6e
75.698667,130.499368,16.46,2015-09-09 18:19:05,e2d579c5-118f-4de3-bb53-bf2d35f3bd21
75.70635,130.499385,16.41,2015-09-09 18:21:36,1c276ced-15dc-48f4-866f-4c2377a86df0
75.714067,130.499163,16.27,2015-09-09 18:24:07,8ae73601-2105-48c0-9930-81c65e3f998e
75.721733,130.498875,16.09,2015-09-09 18:26:38,6dba895b-2efa-4664-8a1a-9ba4f2cd826f
75.7294,130.498987,16.01,2015-09-09 18:29:09,c3713288-a0d3-40ef-8537-ab263dd180a3
75.737067,130.499027,15.97,2015-09-09 18:31:40,b5e9d430-e5c3-4065-a5ce-9bb2ffb10259
75.74475,130.499307,16.0,2015-09-09 18:34:11,1e65146f-1c10-4ca2-843e-5b48f15a8fd4
75.7524,130.49964,16.08,2015-09-09 18:36:41,14c7a9b7-7702-48de-88b0-ad05a66b3ca4
75.759983,130.500162,16.08,2015-09-09 18:39:12,ca55d936-6d0a-4f62-9ab3-46b5b6811365
75.7676,130.500203,16.17,2015-09-09 18:41:43,c78bf5d4-9d22-48ae-9182-f99432167900
75.775167,130.500148,16.29,2015-09-09 18:44:14,f9f1aeb7-6211-48e7-b771-11287aadc327
75.78275,130.500038,16.31,2015-09-09 18:46:45,0d99fd05-4829-4512-9a28-9251df811078
75.790267,130.500642,16.32,2015-09-09 18:49:16,a5bc9c1a-c6fb-4cbc-97a1-1454eb35fc53
75.797083,130.502395,16.32,2015-09-09 18:51:47,60228031-f39a-4fd1-8a6b-c57551517d2d
75.80235,130.503818,16.28,2015-09-09 18:54:17,1d5aed3c-3981-42f4-af49-72468f1097d0
75.806517,130.504935,16.22,2015-09-09 18:56:48,9446b208-51c7-47d9-8439-d30b7256aa94
75.828117,130.508545,14.26,2015-09-09 22:23:32,d9e0fd6a-0626-4ab4-bd3d-404728d55818
75.833483,130.507825,16.16,2015-09-09 22:26:03,f60a6efb-cb88-4037-8455-554ca36d6830
75.839233,130.507167,16.27,2015-09-09 22:28:33,8492e82b-7797-489b-81ab-12bb67101cfe
75.845267,130.506508,16.3,2015-09-09 22:31:05,c138cb13-c6dd-4ea2-9277-25ca6239d185
75.851867,130.505912,16.28,2015-09-09 22:33:36,2c4b291f-f3f0-49ae-82f1-d7cf952bfdc8
75.858617,130.505573,16.27,2015-09-09 22:36:07,1ab58501-0a7c-4f3b-a903-813f4e7fc845
75.8654,130.505388,16.3,2015-09-09 22:38:37,ad814b92-87cf-4ccc-9693-6582b90a732d
75.872083,130.505218,16.33,2015-09-09 22:41:08,35bc8e04-f9c0-4c19-a7e0-3555cff47dd8
75.87875,130.504932,16.37,2015-09-09 22:43:39,3fad1631-86e9-4f76-8493-58590d26471e
75.885383,130.504925,16.48,2015-09-09 22:46:10,99b418d4-c403-4bbd-8a20-e11b83103815
75.891917,130.50469,16.58,2015-09-09 22:48:40,a956073d-e705-4203-a657-27b6a4e8f2dc
75.898567,130.504333,16.59,2015-09-09 22:51:11,8751128a-1722-4dff-b9e6-473d07fb136b
75.905267,130.503973,16.58,2015-09-09 22:53:42,91fecc3c-409a-4987-b121-519bfd1cba4b
75.912033,130.503363,16.68,2015-09-09 22:56:12,f594fd1c-cb5f-4197-9c95-5829bcc048fb
75.918717,130.50272,16.67,2015-09-09 22:58:43,3cad0c27-c177-4342-ad8e-f4f8200f3e12
75.92535,130.502702,16.69,2015-09-09 23:01:14,687566a8-d30c-407a-ac6a-2ee9ca4ce486
75.932017,130.502495,16.76,2015-09-09 23:03:45,3225f679-5563-4605-82af-3c40a825d17c
75.938667,130.502085,17.25,2015-09-09 23:06:15,e2c9cc30-3c8d-4089-ba3c-7ff386b34861
75.945317,130.501797,17.57,2015-09-09 23:08:46,4fd39b05-0898-43eb-83c6-10e2a3e774e0
75.951883,130.501348,17.52,2015-09-09 23:11:17,b7a7ef56-fcd2-448b-8439-e94a8ea1e3b4
75.958483,130.500807,17.35,2015-09-09 23:13:48,2a4fbfaa-2753-40c1-ba4a-8d7add6613e9
75.96505,130.500068,17.26,2015-09-09 23:16:18,699bc8c6-6cff-4263-adde-4caa98da2ca9
75.971617,130.49925,17.03,2015-09-09 23:18:49,ba24c089-a2c0-4df0-a48e-0eacdf694871
75.9781,130.498558,16.83,2015-09-09 23:21:20,842d0c29-ff47-4826-8ae4-14621d87febf
75.984617,130.497752,16.69,2015-09-09 23:23:51,dae1333e-6167-4163-a690-d079ecf65df5
75.991083,130.496942,16.63,2015-09-09 23:26:21,c52a5c14-5fe1-4169-a265-d69c80884d94
75.997317,130.497287,16.63,2015-09-09 23:28:52,55157b71-1dc6-4af1-ae06-fa0a1f5d96c1
76.003683,130.497307,16.64,2015-09-09 23:31:22,7de663f1-9fd0-4278-8080-56eb45a7cb14
76.00995,130.497335,16.63,2015-09-09 23:33:53,98d10ede-5a4e-4469-986f-11a47ce3f6b7
76.016467,130.497062,16.64,2015-09-09 23:36:24,618c03ce-bf6d-4756-a4ee-7151fe84aa95
76.022883,130.496625,16.66,2015-09-09 23:38:54,9f54ccf2-5d7c-457f-950c-22604f3abba8
76.02915,130.496128,16.63,2015-09-09 23:41:25,df0f456c-bfbb-4e04-9b68-b2b857d63e59
76.035533,130.495263,16.59,2015-09-09 23:43:55,a0af1cce-307b-4862-aaa7-f58add8e1803
76.0419,130.494492,16.57,2015-09-09 23:46:26,af69a085-a450-4306-8603-099a6fb2ed4e
76.048283,130.493605,16.56,2015-09-09 23:48:57,d5be1e08-2c04-44c1-9277-d22b99ade019
76.054633,130.492633,16.58,2015-09-09 23:51:28,100e8fef-3cdf-48d3-aac9-d2c33be13f10
76.061033,130.492232,16.55,2015-09-09 23:53:58,60882f7e-59a3-4cbf-b593-3c73a4d41fd6
76.067467,130.492025,16.5,2015-09-09 23:56:29,3adfd70a-cf14-4b2b-9b1f-34f56001241e
76.0739,130.491757,16.48,2015-09-09 23:59:00,33defee6-bd47-4d92-b505-90ab08def94e
76.080383,130.491583,16.52,2015-09-10 00:01:31,877d4b26-60de-434b-bd0e-d69c04263520
76.086733,130.491837,16.52,2015-09-10 00:04:01,3a6a6b73-8ffc-4d00-bc5e-74dadc4550e5
76.093233,130.492182,16.63,2015-09-10 00:06:31,ca9d5215-f9f9-4fd4-9094-a9e924bfa839
76.099717,130.49278,16.94,2015-09-10 00:09:02,d3b18653-91a3-4636-a847-d60c81704705
76.106183,130.493127,20.15,2015-09-10 00:11:33,ed6f21dc-dd5a-4127-af9e-190be8480307
76.112717,130.493163,17.34,2015-09-10 00:14:04,4934eb3a-7a0a-49cf-ab27-cdebfcbf45c9
76.119283,130.494105,16.99,2015-09-10 00:16:35,7fdab72d-5d4b-4de7-8ee2-f131d07435b8
76.125833,130.49525,17.17,2015-09-10 00:19:06,da3eb416-fb8c-41c4-a048-46d90d8f50cc
76.132283,130.497152,18.84,2015-09-10 00:21:37,f30a76a8-c6b6-4064-9aef-583f7df9a652
76.138683,130.499202,20.26,2015-09-10 00:24:08,eb2a2a5e-4edb-4067-8349-0447f48db2ed
76.145117,130.500362,20.61,2015-09-10 00:26:39,b675416c-710f-40dd-b335-b1cdeb4bf803
76.15165,130.501207,20.72,2015-09-10 00:29:10,9012b933-0c5e-42f0-a785-78cbbb733bd5
76.158217,130.501957,20.79,2015-09-10 00:31:41,0e711a2f-f970-4398-bd98-6fdbae7a8b0b
76.164867,130.502172,19.67,2015-09-10 00:34:12,af8f00a3-7ff4-48d2-a3bf-7dbe8746e913
76.17155,130.502052,19.28,2015-09-10 00:36:42,fe10196d-a839-4a20-ae14-107b544f994e
76.178217,130.501838,19.48,2015-09-10 00:39:13,94a404bf-36c8-4b8c-a11d-c4aecff1f128
76.18485,130.501355,19.33,2015-09-10 00:41:44,b94be36d-9a30-4bce-8cef-52a46a2d9602
76.191517,130.501195,19.16,2015-09-10 00:44:14,bd3ddb01-1257-4f06-a378-c29bc5dc79b3
76.1982,130.50097,19.05,2015-09-10 00:46:45,f550fd36-a095-48ef-b6ed-b7c6c14e82ee
76.204867,130.500668,19.2,2015-09-10 00:49:16,1e50bda3-5d20-44c6-8e64-92d88f9613b6
76.211517,130.500413,19.51,2015-09-10 00:51:46,40fc8011-80f5-4d1c-82f9-93e41f31129b
76.218117,130.500405,19.8,2015-09-10 00:54:18,5d975d42-ebeb-4dc6-a9ca-f06108f9c1d9
76.224717,130.500137,20.28,2015-09-10 00:56:49,7b627091-552a-4414-9c2c-7c4779776ed5
76.2312,130.500122,20.58,2015-09-10 00:59:20,ce4b6027-1397-456c-8674-65fc4371ba2e
76.23785,130.500238,20.75,2015-09-10 01:01:51,cd916fbf-8e80-46d3-9162-7fe03403e117
76.24435,130.500332,20.76,2015-09-10 01:04:21,3d84966e-7344-4184-a548-b709924ca36d
76.2509,130.500287,20.75,2015-09-10 01:06:51,836c6472-0ddc-4537-91d4-941da3060886
76.257517,130.500105,20.75,2015-09-10 01:09:22,e87d480a-7f8f-4029-bc5d-5dee644e825b
76.264067,130.500293,20.76,2015-09-10 01:11:53,4f81701e-d4e4-49f2-a0ab-029485e63ee1
76.270633,130.500902,20.76,2015-09-10 01:14:24,5c9cf60c-6a9f-433d-9f1d-f6cc344dd343
76.27725,130.501018,20.79,2015-09-10 01:16:54,a50a5555-a6aa-40d6-853e-037fd9787c6d
76.283917,130.500687,20.85,2015-09-10 01:19:25,1a958aa2-57be-4173-a162-0bf7e8da2d83
76.290533,130.500033,20.94,2015-09-10 01:21:56,79ae57c2-9327-4621-a666-9f5c9db9edf4
76.297033,130.499543,20.94,2015-09-10 01:24:26,f2c18ab6-47cf-40fc-9dfb-1e6fa358b967
76.303567,130.499085,20.8,2015-09-10 01:26:58,b4f4774c-f6bd-4466-ba23-37a0490da13a
76.310117,130.498737,20.8,2015-09-10 01:29:28,3d633602-2bfc-41ec-8fc7-42aa0c371195
76.316667,130.498195,20.88,2015-09-10 01:31:59,fc8cb22e-ebf4-43f8-aba7-e7723e7a2752
76.323167,130.497645,20.82,2015-09-10 01:34:29,d20a9413-2502-433f-82e4-0f685dbfff1d
76.329733,130.497542,20.8,2015-09-10 01:37:01,dc811ecc-f4ae-47f4-a554-c684faa38b6d
76.336283,130.497405,20.79,2015-09-10 01:39:31,d13873fd-befc-4f76-9a3a-83b115525df4
76.342817,130.496988,20.83,2015-09-10 01:42:02,7e86ab52-d4ef-4f0d-a018-ae22881bbecf
76.349483,130.496422,20.82,2015-09-10 01:44:33,bdf89b6c-5907-49e3-a8ca-0d27b7d8799e
76.356117,130.495737,20.8,2015-09-10 01:47:03,c74fe415-62ca-47ed-8eab-db7b6198b53f
76.36275,130.495128,20.84,2015-09-10 01:49:34,06c6d518-9627-44de-ba0a-f087d07ffca0
76.369483,130.494205,20.91,2015-09-10 01:52:05,16fd63dd-109b-4985-aedd-2b63f8a4cbd5
76.37615,130.493012,20.9,2015-09-10 01:54:36,34acca7d-6746-4fb2-b035-1c7f968f8be4
76.38275,130.491885,20.9,2015-09-10 01:57:06,53e96170-2348-463b-b71c-798a20a01cc2
76.389367,130.490763,20.88,2015-09-10 01:59:37,a616adb8-c579-469f-9c23-21ec6a29f366
76.396017,130.489967,20.85,2015-09-10 02:02:07,d06124cb-3627-4db4-a0e2-96cd2a86866f
76.402633,130.490388,20.85,2015-09-10 02:04:39,e3b43bf6-2422-4c2d-9114-e3ab805df33b
76.409233,130.491212,20.85,2015-09-10 02:07:10,5b112497-3177-4e18-a1a2-176401522013
76.41585,130.49157,20.86,2015-09-10 02:09:40,2476a9f4-5cd7-497a-a42a-3b0e40bd15b7
76.422567,130.491512,20.91,2015-09-10 02:12:11,c7dfa67e-419b-4674-81b4-cbd136e51c5c
76.4293,130.491293,21.05,2015-09-10 02:14:42,405afb91-926f-4201-b66e-ac4ceec91393
76.43605,130.491838,20.99,2015-09-10 02:17:13,785a2937-270c-43d3-a5dd-ba17ce318252
76.442783,130.492883,20.93,2015-09-10 02:19:44,dedce2a5-4454-4de8-840a-f5ff4d952db2
76.44955,130.494095,20.94,2015-09-10 02:22:15,d440561e-d654-49cd-91ae-c5a322717941
76.4563,130.495677,20.94,2015-09-10 02:24:46,a7b55684-6193-49ee-b368-35749e62dcb6
76.461333,130.496537,20.93,2015-09-10 02:27:17,294c3449-6ed9-4481-b7d5-6b356d1c8d56
76.464767,130.496725,20.93,2015-09-10 02:30:03,803c1505-4f92-4546-bdc9-d44b10ee5b9d
76.4672,130.497093,20.92,2015-09-10 02:32:34,4c993dd2-52b2-46bd-948d-ff4441d3ce00
76.509533,130.617732,20.18,2015-09-10 13:27:21,23d1e3f2-e418-49f2-9a83-094b8d520514
76.511733,130.614992,20.3,2015-09-10 13:29:52,c055d90e-8d92-405b-820c-5c81d0b372e9
76.51515,130.613083,20.28,2015-09-10 13:32:22,4c53c9f3-e62a-4fbc-a0a0-65e8dfd22a3a
76.519017,130.611218,20.34,2015-09-10 13:34:53,8a3489e3-635d-4423-886a-b39a36a614ff
76.523417,130.608722,20.35,2015-09-10 13:37:24,7b8199e1-36b0-4e24-bc6f-83933f0bb308
76.528567,130.606048,20.33,2015-09-10 13:39:55,1841de1e-7682-4b69-9480-a15425264f04
76.534133,130.604268,20.35,2015-09-10 13:42:26,35e37587-9c81-48b0-92d0-e0878c373fca
76.5399,130.602453,20.56,2015-09-10 13:44:57,2aa13a1b-c177-4d04-9f5e-acc06904a66b
76.546233,130.600592,20.81,2015-09-10 13:47:28,162744e6-91d6-42a5-a646-a3a851698944
76.552967,130.599043,20.86,2015-09-10 13:49:58,cab516a5-a2e3-479b-ae7c-673f20dc06de
76.560017,130.597415,20.88,2015-09-10 13:52:29,ad60b40e-105c-4fde-a124-7a120a06023c
76.5674,130.595835,20.88,2015-09-10 13:54:59,282794f9-4842-4364-841a-2b45b38928de
76.575,130.59447,20.87,2015-09-10 13:57:30,33fe3883-9134-4b02-af70-c3c86e15e77f
76.582733,130.593093,20.83,2015-09-10 14:00:01,bd8f49c9-5c6a-4b6c-97ab-86d3a2178eba
76.590467,130.591873,20.8,2015-09-10 14:02:32,6e332204-77e3-4706-9300-aad4ae119262
76.5982,130.590528,20.93,2015-09-10 14:05:03,964384ee-727d-46a9-a9df-bb6d15765d22
76.605967,130.589455,20.94,2015-09-10 14:07:34,3d998546-8735-44c0-9f1f-c0b0fd8892ba
76.6139,130.588338,20.99,2015-09-10 14:10:05,298839e5-8a9b-4f0e-92a3-d823f832d16d
76.6219,130.587172,21.16,2015-09-10 14:12:36,bf449c8e-0f99-4005-a8f8-cb4738dd2e7a
76.629933,130.585825,21.16,2015-09-10 14:15:07,b4ef8297-1358-41af-8037-e0f5b72f444c
76.6379,130.584315,21.16,2015-09-10 14:17:38,11cfab4a-9772-4a91-bd75-50627d2e6194
76.6459,130.582138,21.21,2015-09-10 14:20:09,e49b21ea-82bb-4d8b-bd4c-e10c0c9ec434
76.65385,130.579792,21.18,2015-09-10 14:22:40,86731d1a-36b7-4c06-bac8-2b45726b447f
76.66195,130.577315,21.2,2015-09-10 14:25:10,f981310b-15e8-4281-86ff-089c0440c67b
76.670067,130.574255,21.23,2015-09-10 14:27:41,314d1b06-883a-4cc4-a493-b7cc12d20948
76.67805,130.57119,21.23,2015-09-10 14:30:11,741e7966-8768-40f0-b2f1-ccefdd994414
76.686133,130.568152,21.21,2015-09-10 14:32:42,69474d88-0253-45d5-b9be-49950c28634e
76.694167,130.564962,21.12,2015-09-10 14:35:13,01e7630a-e29d-4e36-9232-9397a668d362
76.702233,130.56184,21.15,2015-09-10 14:37:44,86c82250-580a-4012-9db5-f9a6cc948fb3
76.7103,130.559005,21.23,2015-09-10 14:40:15,591d860e-e83f-4109-a55e-019fce470041
76.71825,130.556135,21.46,2015-09-10 14:42:46,b07e7b49-0c5d-4b82-9535-fbe8d161a469
76.726183,130.552837,21.52,2015-09-10 14:45:16,7bc430de-ebb7-4818-ac4c-227e89fc60b8
76.7342,130.549592,21.48,2015-09-10 14:47:47,30a0fc6f-2f06-4a5b-91b8-74e39dc8e037
76.742217,130.546353,21.43,2015-09-10 14:50:18,1130b306-6bf9-469a-9653-b6984db4d091
76.750333,130.542382,21.61,2015-09-10 14:52:49,fd1bb67b-e5ec-4ac9-a683-e5c9bf8158b1
76.758417,130.538875,21.86,2015-09-10 14:55:20,f22dfe5a-f56c-42be-bd50-9b6e36e43fc0
76.766567,130.535562,21.81,2015-09-10 14:57:51,a576fad2-3790-431c-90ef-c3f6080dc273
76.774717,130.532417,21.77,2015-09-10 15:00:22,be133c92-65d3-4a0a-ba22-6445a4a45879
76.7829,130.52939,21.65,2015-09-10 15:02:53,8830a23b-ac85-419c-b176-382eb9304f9d
76.790967,130.526587,21.58,2015-09-10 15:05:23,192e5f7d-505f-444b-acec-1c32c57b318e
76.799133,130.52385,21.53,2015-09-10 15:07:54,eeb66c04-579a-4528-84a7-41be5ac1b55e
76.807267,130.521075,21.5,2015-09-10 15:10:25,e49982e8-4f09-4820-b086-90b591f2d7bf
76.815383,130.517758,21.48,2015-09-10 15:12:55,60b315d2-7df9-44ab-9211-4e93daef01d9
76.8235,130.51444,21.46,2015-09-10 15:15:26,d8e3dd87-f6b4-4a22-94b8-0aa0d4487e3f
76.831583,130.511177,21.39,2015-09-10 15:17:56,0a29e9d2-fae8-448e-9dbe-757ac0cfdd7e
76.839783,130.507628,21.49,2015-09-10 15:20:27,8e8bf737-33ca-4b8a-a902-40d22d0dc704
76.848017,130.505017,21.71,2015-09-10 15:22:58,2a7b6c9e-c4a5-45d6-9de9-b86b3ebf633e
76.856283,130.502717,21.83,2015-09-10 15:25:29,b0dd0a31-280d-4a73-98de-bf5109fd7086
76.864583,130.501252,21.99,2015-09-10 15:27:59,38cef92e-4459-46f3-af4b-843944d98e12
76.872833,130.500565,22.22,2015-09-10 15:30:30,0ef20029-bd26-4572-b89a-331991f0a4b8
76.881133,130.499925,22.28,2015-09-10 15:33:01,f1df3684-6d9c-4c64-b2d0-a56d9f2e0622
76.890233,130.499393,21.86,2015-09-10 15:35:47,932ae834-fe7b-4a0f-84b7-536b9a364440
76.898517,130.49896,21.75,2015-09-10 15:38:18,cc249561-e7ba-44f1-8b5d-ff735ae22400
76.9065,130.498735,21.75,2015-09-10 15:40:49,77ba6e56-cfc2-432a-b47e-d0b90f17f29e
76.9143,130.498578,21.8,2015-09-10 15:43:20,d35498ce-c81d-46d3-9a4c-9e9eb543a2f8
76.922,130.498672,21.74,2015-09-10 15:45:50,0a9bc891-bc14-4af9-893c-d01b08e4cf0e
76.929867,130.49872,21.7,2015-09-10 15:48:22,d89d8c75-a1bf-45d3-8810-899158e4ef13
76.937633,130.498825,21.73,2015-09-10 15:50:53,8cbbe9cb-d3cb-41d6-92c3-cfe7f5263fae
76.945433,130.498978,21.8,2015-09-10 15:53:23,e6a6f873-7408-4c87-b9a1-3fc90e6ac3e8
76.953267,130.499243,21.93,2015-09-10 15:55:55,ae6d15ad-dee9-4666-84d2-81dfb6e8b3a2
76.961167,130.499123,22.21,2015-09-10 15:58:25,3f9437e8-3b07-44c7-82d3-e7b7708eadab
76.969167,130.499125,22.27,2015-09-10 16:00:56,61bd54a7-582f-4fc7-966b-845074470343
76.9771,130.499333,22.25,2015-09-10 16:03:27,114b40ad-feea-40c9-976e-2e1603b7d64b
76.984883,130.499787,22.23,2015-09-10 16:05:58,9c32b018-89c7-4875-bb66-8bae879aa04a
76.992583,130.500255,22.36,2015-09-10 16:08:28,c1135acd-e165-42bb-97e8-96c85ba51c73
77.00115,130.501008,22.47,2015-09-10 16:11:14,3ead83c7-6ddb-43f9-8f04-d5ac009bcb66
77.008883,130.50187,22.54,2015-09-10 16:13:45,c745b496-751d-47cc-a028-c29c25cbdbd1
77.0166,130.502817,22.65,2015-09-10 16:16:16,2daa00ce-f5ed-4364-b74c-9dbeddcbc3aa
77.023983,130.50385,22.77,2015-09-10 16:18:46,a2be806c-5dfc-4366-a582-a7d5f92ff439
77.030433,130.504818,22.87,2015-09-10 16:21:17,cb94481e-1022-44c5-876e-4e4aeed590b2
77.036033,130.505828,22.79,2015-09-10 16:23:48,d25367eb-6f9c-4167-964c-40294975b5b5
77.0414,130.50466,22.67,2015-09-10 16:26:19,c4fcb5ea-7ec2-4b8f-a4d4-f7766908ad28
77.04685,130.503033,22.66,2015-09-10 16:28:49,139fcf3a-e7da-4156-862c-41142edd0949
77.052917,130.501088,22.62,2015-09-10 16:31:20,a15e879a-4b56-48ed-a373-df127d4465c3
77.0592,130.499028,22.38,2015-09-10 16:33:51,ba596c19-6dfa-4412-af74-b9de95858bf4
77.0647,130.498285,22.13,2015-09-10 16:36:22,80ed9cdd-af2a-45f8-8795-0e629578b1cd
77.0691,130.497807,21.99,2015-09-10 16:38:53,ae23682f-f7e2-4578-be41-8bb5d725700f
77.07305,130.49803,21.92,2015-09-10 16:41:24,75b28a7e-ddd5-47d9-8843-28195b7ba06c
77.076983,130.498985,21.89,2015-09-10 16:43:54,dbb453ec-7e04-41d4-ad5e-8f30fe09739a
77.081,130.500118,21.88,2015-09-10 16:46:25,6b8135f0-6e75-4111-b946-1eada3395686
77.085767,130.499743,21.88,2015-09-10 16:48:56,68fdab7c-d43f-4da4-9036-36c6114f3b8a
77.089717,130.499013,21.88,2015-09-10 16:51:27,d020449e-62cc-4913-9e6e-3d54ac5d1c5c
77.093233,130.498908,21.89,2015-09-10 16:53:58,c1357651-a387-483c-a190-263a342b068c
77.096583,130.498917,21.92,2015-09-10 16:56:29,992aa5a9-6da4-4b63-91ea-779a821c98d5
77.098867,130.498747,21.93,2015-09-10 16:58:59,34ca81c6-62d7-4edb-8142-825b8243876c
77.1014,130.493972,21.92,2015-09-10 17:04:16,26de4a39-07a6-4199-8ad7-99da85db621d
77.12005,130.542772,22.16,2015-09-10 19:16:34,b0c3dbbd-c27e-4b9e-b1cb-3e212032660f
77.123417,130.53936,22.6,2015-09-10 19:19:05,0dd591a9-3234-4002-9926-3735b0e27cbe
77.1288,130.539315,22.61,2015-09-10 19:21:36,74bd1704-3d92-41d1-a1f6-31d433654390
77.135183,130.53832,22.62,2015-09-10 19:24:06,69ec5b49-f458-4406-8118-b2fe84ae4971
77.142067,130.53698,22.71,2015-09-10 19:26:37,51a79ddc-07a8-43b1-8236-d8647338e08b
77.149083,130.535797,22.81,2015-09-10 19:29:07,6451553e-8d4e-42ad-bfdf-003c120b893a
77.156067,130.534685,22.7,2015-09-10 19:31:37,28c8e2c9-1658-4713-b035-a4d7547e5f7a
77.163117,130.533727,22.47,2015-09-10 19:34:08,ada8ce4c-0b1b-48cd-92f5-fec483126f80
77.17015,130.53245,22.23,2015-09-10 19:36:40,987e21aa-d87e-453f-8601-399835972e7a
77.177217,130.531437,22.02,2015-09-10 19:39:10,f366dea1-33d8-421d-8586-df64bdf4a8c7
77.18425,130.530428,21.96,2015-09-10 19:41:41,b2c76fb1-4e30-49d2-9534-11094dc2923d
77.191317,130.529453,21.97,2015-09-10 19:44:12,092f75ea-84ae-4b71-bbfd-39ac6aa50d56
77.199067,130.528527,21.96,2015-09-10 19:46:58,9643a845-4b4a-4471-862f-7cc010327e3e
77.206133,130.527577,21.99,2015-09-10 19:49:29,1e76137c-23c4-4945-adb4-ddfce5d048ce
77.2132,130.526855,21.96,2015-09-10 19:51:59,0c6fcf3b-014b-434d-a474-128ae68d5618
77.2202,130.5261,21.92,2015-09-10 19:54:30,f35a53c7-6922-4a1a-be4f-83be6a6b1276
77.22715,130.525267,21.88,2015-09-10 19:57:01,91fa21e4-5b66-4fc4-9c00-2540454d78d4
77.2341,130.524272,21.85,2015-09-10 19:59:32,969124ac-69ca-4eb3-9169-3e036a4b8a24
77.24105,130.523242,21.86,2015-09-10 20:02:03,670e137a-dbe7-455f-b6d7-2fbea7f31028
77.247983,130.52203,21.94,2015-09-10 20:04:34,a8efb493-020b-4697-a41f-0cae3982c9c7
77.254883,130.52086,22.0,2015-09-10 20:07:05,aff359a6-81a5-46ce-9e72-b778c86ee5d8
77.261817,130.519702,22.14,2015-09-10 20:09:36,ba0a0dd2-f610-45aa-89d5-10e7adafd108
77.268683,130.518738,22.33,2015-09-10 20:12:07,24861352-e753-4b21-bcf4-339b6af07448
77.275617,130.517885,22.5,2015-09-10 20:14:38,7cc907dd-bc3d-4adc-ac72-dbab695ef9fe
77.282517,130.516793,22.71,2015-09-10 20:17:09,8f27027c-5aea-4fb9-953f-30af65008e6b
77.289333,130.516222,22.8,2015-09-10 20:19:40,c64d941a-baae-4615-bae1-41b9ade711b8
77.296317,130.51552,22.83,2015-09-10 20:22:10,3e03fa12-270c-411e-b122-eaa878789170
77.30325,130.514825,22.79,2015-09-10 20:24:41,1ca700ff-9330-4ff0-8600-a5f03e3a80c1
77.310083,130.514312,22.85,2015-09-10 20:27:12,edc26fa6-6bba-40ac-8df5-eae8090dc939
77.31695,130.513532,23.06,2015-09-10 20:29:42,d187fafa-c0c0-410d-af91-3375099d25a7
77.32375,130.513015,23.3,2015-09-10 20:32:13,155ad406-7c20-4a4f-8980-03d7b5dd4c67
77.330633,130.512117,23.47,2015-09-10 20:34:44,9e9dadde-abe9-4353-b066-592acc3707bd
77.337417,130.511282,23.77,2015-09-10 20:37:15,4f4de60d-b374-4e2a-9eac-df33b58aea8d
77.3442,130.510718,24.09,2015-09-10 20:39:46,36e7a820-c3da-439c-b950-ade18f5589e8
77.35095,130.509825,24.29,2015-09-10 20:42:16,a736b4cd-88d2-4af6-b54f-1b4c79b47525
77.357733,130.509033,24.4,2015-09-10 20:44:47,1c93995c-2c41-4338-be3a-982581cc7891
77.364483,130.508248,24.45,2015-09-10 20:47:18,a52826c7-c601-4698-bc2f-33dc4ea5aa8e
77.371283,130.507535,24.46,2015-09-10 20:49:48,b735b85f-4595-4f53-bb27-ade6938f7cb7
77.378,130.507052,24.49,2015-09-10 20:52:18,32c77d1c-ac1c-4bc4-bc6c-986e1c027c03
77.384767,130.506365,24.55,2015-09-10 20:54:49,9092e4ce-2af7-4de6-90b7-c77d8e52a2f5
77.391583,130.505433,24.49,2015-09-10 20:57:19,384e5a3f-32e6-40ea-8806-7fb5316b3189
77.398333,130.505442,24.23,2015-09-10 20:59:50,c0c1e1d5-3431-4fc3-a2af-5d0350e4c696
77.40515,130.506137,24.07,2015-09-10 21:02:21,61be41e9-83a5-4dae-98b7-8410882fa6a2
77.411883,130.505607,24.06,2015-09-10 21:04:51,5315aeb8-34fb-4a3d-9c0f-3387be5b31fb
77.41855,130.504688,24.2,2015-09-10 21:07:22,92acea31-22b4-448f-b360-74139f84bc14
77.425283,130.503928,24.35,2015-09-10 21:09:53,78994bbe-e1e1-415f-b725-33f2c158d3d4
77.431933,130.503015,24.52,2015-09-10 21:12:23,c5fd3663-cb17-45cf-acac-a79a7e29e93f
77.438517,130.501383,24.58,2015-09-10 21:14:54,ccfb97a6-5f98-425a-81cc-bcce867fb224
77.445017,130.499145,24.58,2015-09-10 21:17:25,89a3039f-10fa-46ad-b53c-b5867aeac042
77.451433,130.497152,24.62,2015-09-10 21:19:55,1fd01e88-dbbf-4727-ad29-a8ef9d30a37a
77.455533,130.497367,24.67,2015-09-10 21:22:26,c7b3c103-c27c-4b06-9bdb-7374d3474644
77.461533,130.510538,24.73,2015-09-10 21:36:14,b7eca84b-adc9-47bc-8871-880b63c87470
77.46375,130.507518,24.76,2015-09-10 21:38:44,d6abc12d-d6a9-4eeb-a3c7-b845c4ccddb3
77.465933,130.504695,24.8,2015-09-10 21:41:14,adfebb94-957c-4298-be65-0b4f0df6ef76
77.46805,130.502178,24.84,2015-09-10 21:43:45,b6b24915-c7d1-4502-9fe3-9f9b9a834f8d
77.471133,130.50076,24.9,2015-09-10 21:46:15,88b6ef07-5803-4524-9188-02b03867db96
77.474483,130.499765,24.95,2015-09-10 21:48:46,30a7eab3-085b-4261-8cc3-cbc4525ecef0
77.477967,130.499292,24.98,2015-09-10 21:51:16,c60dc5b2-daf5-4667-8d83-88b160cdfc6f
77.48145,130.499092,24.98,2015-09-10 21:53:46,619d781c-f898-48c9-8a35-6258cc974c5d
77.48495,130.498975,25.0,2015-09-10 21:56:17,937916ff-3672-4b4a-8c2e-819ff36c7f56
77.48845,130.498587,24.99,2015-09-10 21:58:48,037eccb8-58b8-431b-9cc2-bfe63aeb7c86
77.4919,130.498595,24.97,2015-09-10 22:01:19,d5867d3e-d331-4b0a-8f9e-2bf7f4c3f782
77.4953,130.498623,24.98,2015-09-10 22:03:50,957ecb39-e522-4ea4-8423-4a3883960f87
77.49865,130.498738,25.01,2015-09-10 22:06:20,2d629835-83bc-44ac-a9d7-e7f7f42b244a
77.50205,130.498858,25.04,2015-09-10 22:08:51,13178d8a-7157-4f7e-b2fb-d323fa1371bb
77.50545,130.499023,25.05,2015-09-10 22:11:21,4728c5be-4e28-492e-adc3-2b1d3a08fc3c
77.508867,130.499033,25.08,2015-09-10 22:13:52,0a19a853-bbde-49c0-b51d-4260eeb3241d
77.512267,130.499127,25.12,2015-09-10 22:16:23,e93c5282-5af1-46ee-94ca-f464d588dea3
77.515633,130.499148,25.16,2015-09-10 22:18:54,d6f944d8-0916-4293-8ac4-d8dfeff6983e
77.518967,130.499352,25.2,2015-09-10 22:21:24,3c0b2316-c674-489a-887d-91822f1966c5
77.522317,130.499723,25.25,2015-09-10 22:23:56,f9d5482f-1796-48bf-acb8-949a2f4ac8c2
77.525633,130.500132,25.31,2015-09-10 22:26:27,e845cc0a-c260-4a21-b8ca-f7b158c6518c
77.528933,130.500252,25.36,2015-09-10 22:28:59,4ba01a25-22e3-43fb-8567-d046bf8686b4
77.53225,130.499995,25.48,2015-09-10 22:31:30,5b031d40-74c2-4766-98f7-4a099aed6b8c
77.535633,130.499845,25.52,2015-09-10 22:34:00,be358203-48ff-4991-8732-4a74c4970101
77.538983,130.499778,25.51,2015-09-10 22:36:31,bbf41372-80cf-4aa0-a32a-5ddad1c9449f
77.542383,130.499567,25.5,2015-09-10 22:39:01,e2f42ecf-591a-419a-a6d8-2ab8c00389d5
77.545817,130.499217,25.5,2015-09-10 22:41:32,e148efd3-5561-4974-967f-24304cd33738
77.5492,130.498838,25.47,2015-09-10 22:44:02,24a625c1-7932-46f3-860b-f7a1f4881dc9
77.552583,130.498478,25.54,2015-09-10 22:46:33,ad35167e-e708-46f5-808f-caab74c95c26
77.555983,130.49844,25.48,2015-09-10 22:49:04,a297e405-982f-40c8-879b-6490c317d92f
77.55945,130.498307,25.46,2015-09-10 22:51:34,11d6f6db-b3aa-40a8-bf92-0df429bd7360
77.5629,130.498238,25.53,2015-09-10 22:54:05,746a1944-adf5-41c1-a30c-afbab93ea31a
77.566317,130.498218,25.5,2015-09-10 22:56:35,88712080-5c99-4dd3-9e5b-2f0b027ed05d
77.56975,130.498488,25.56,2015-09-10 22:59:06,0ddf76dc-e366-4abc-9a36-97f3b1521b63
77.57315,130.49903,25.59,2015-09-10 23:01:37,2a73dfd0-63c0-4412-99b1-dada6612bb53
77.576567,130.499118,25.63,2015-09-10 23:04:07,b017aedd-f61d-47b2-ae9e-2bc6ecf423d9
77.580017,130.499248,25.66,2015-09-10 23:06:38,0da47adc-de7c-48ad-adc7-bac985465bce
77.5835,130.499212,25.68,2015-09-10 23:09:09,c0bd6627-30a2-4890-ba87-e249d1e83397
77.587017,130.499388,25.7,2015-09-10 23:11:40,62a9739e-0d2d-4f00-8762-9352b20aaf2c
77.590533,130.499343,25.67,2015-09-10 23:14:10,b4445387-ea55-425f-9db8-76231eac285e
77.5941,130.499447,25.61,2015-09-10 23:16:41,2cb56ae4-0459-457f-9763-f14c4f4d9775
77.597583,130.49983,25.59,2015-09-10 23:19:12,aa9950c7-9950-4ea0-948b-50c83cbeead0
77.600933,130.50034,25.61,2015-09-10 23:21:43,22d2e274-f92c-40eb-bbce-860141b67602
77.604367,130.500905,25.65,2015-09-10 23:24:13,7422b591-3c00-432d-8391-d5e017475f5c
77.607833,130.501693,25.72,2015-09-10 23:26:44,850c0302-4c0b-4476-805a-a74fcc270eec
77.611233,130.502592,25.61,2015-09-10 23:29:14,c0b1818a-406f-4663-bfe1-ccdd780c3296
77.6146,130.503397,25.53,2015-09-10 23:31:45,dc0381c1-c4c9-4e51-85b7-6388eed16a7b
77.617933,130.504073,25.6,2015-09-10 23:34:15,f0adc567-9f9d-4e1b-ba76-c13ce27a00bc
77.6213,130.504378,25.72,2015-09-10 23:36:47,86185006-7cd4-43bc-ba4c-525e31125fbe
77.6247,130.50446,25.84,2015-09-10 23:39:17,b91abaae-454a-426b-b504-f446ec0013e8
77.628083,130.504212,25.95,2015-09-10 23:41:47,dc5c0e41-8aea-40ee-8c6e-fce206fb003b
77.631483,130.504052,26.04,2015-09-10 23:44:18,42040f32-3799-40c2-9c14-ca344e878c36
77.634783,130.503862,26.07,2015-09-10 23:46:49,009cae35-2511-44ca-9089-02b080ed778d
77.63815,130.503642,26.18,2015-09-10 23:49:21,12250b84-e570-4952-991d-67efed8b5d19
77.64155,130.50323,26.24,2015-09-10 23:51:51,df681bdb-00e1-4b3d-b802-c3e2e54c972c
77.644867,130.503062,26.3,2015-09-10 23:54:22,29f0cbf0-7dce-44a7-99b2-5c771f48c72f
77.6486,130.502603,26.38,2015-09-10 23:57:08,6afb604c-de66-4579-8bf2-f09dd7c19801
77.651933,130.502242,26.37,2015-09-10 23:59:39,0f6b360e-9fc9-4f98-8f5e-c3190ab969c0
77.655333,130.50141,26.51,2015-09-11 00:02:09,c9b4b0a5-97ef-4d31-bd06-bf8ba497383e
77.658783,130.50082,26.61,2015-09-11 00:04:39,dc872f8d-e2c0-4377-92f9-4321116aae47
77.6623,130.500337,26.77,2015-09-11 00:07:10,ffa67eeb-bdd2-4cd3-9653-3ff8a6a8f146
77.6658,130.499738,26.78,2015-09-11 00:09:41,75c526dc-78f7-4286-9b04-b766debf0fc2
77.6693,130.499292,26.75,2015-09-11 00:12:12,227f3cb0-9928-4395-8bf2-387557e4402c
77.672767,130.499268,26.73,2015-09-11 00:14:43,87ef9af5-481d-4ef5-bf70-11137e8dd343
77.676167,130.499462,26.71,2015-09-11 00:17:14,228e94cc-3215-40bc-813d-597e801cd43a
77.67955,130.499692,26.73,2015-09-11 00:19:44,95d7a89e-1105-4fbe-9832-aa9c2bd84723
77.683,130.499887,26.72,2015-09-11 00:22:15,97b3cb67-e209-4c54-a5b0-b86f1d4931da
77.686417,130.500383,26.74,2015-09-11 00:24:45,163c48f2-77b3-4993-9f1d-d8e2425b3bb3
77.689733,130.500945,26.77,2015-09-11 00:27:16,d36334ca-7a61-4980-8c53-6a13feeecb9d
77.69315,130.500832,26.79,2015-09-11 00:29:46,1bd0e5ab-ee4e-4d74-8ee7-0ed438081bb6
77.696617,130.500783,26.78,2015-09-11 00:32:17,2c12fa97-e1f1-4099-bede-3bcfb41a238c
77.7001,130.500552,26.77,2015-09-11 00:34:48,b3fc45ec-1117-4aa8-98f1-cd1155461c24
77.7036,130.500353,26.77,2015-09-11 00:37:18,07c092f2-1e9d-4fe9-a8c0-30bd607bfbb9
77.707017,130.500218,26.78,2015-09-11 00:39:49,f393db25-9356-48a5-bade-23c110f39a1b
77.7105,130.49995,26.8,2015-09-11 00:42:20,e839f9d1-6a1d-4f73-9984-f48ab03c64d6
77.713983,130.499907,26.82,2015-09-11 00:44:51,96e88ca4-f2a3-45cf-b90f-8a4ac2c5592b
77.717417,130.500088,26.9,2015-09-11 00:47:21,80175829-50a0-48d8-9026-1123cc1c2372
77.720983,130.499815,26.93,2015-09-11 00:49:52,8dfeeb4e-bd1a-49fd-9ef1-86fc05518a2d
77.7245,130.499353,26.96,2015-09-11 00:52:22,9e5c30f3-d256-464d-bbbf-bae5007c8d05
77.72795,130.499068,26.98,2015-09-11 00:54:53,a5ffd330-e089-4ad6-a32c-5f215f54e904
77.73135,130.49904,26.97,2015-09-11 00:57:24,21ab49c3-4d5f-4948-9c2f-da6f0d64bb3e
77.734767,130.498502,26.99,2015-09-11 00:59:54,c0d15848-b42c-4617-896f-22477179d722
77.738167,130.498207,26.99,2015-09-11 01:02:24,eecd75cf-3ea9-452d-b526-da847c506279
77.741583,130.498188,26.96,2015-09-11 01:04:55,ede4f2e3-e5df-4d47-97aa-0636b9ccbce5
77.74495,130.498108,27.0,2015-09-11 01:07:25,87e3ff0a-fbf3-4c66-9da0-3c35c32c8ff7
77.748317,130.498055,27.03,2015-09-11 01:09:56,ae87d2fc-c98f-411c-9cb0-f5e46ece9d57
77.75165,130.497943,26.98,2015-09-11 01:12:27,9a2157c5-be3b-4d31-a7d6-9c76291033e0
77.754983,130.497915,26.91,2015-09-11 01:14:57,d800ec64-a025-4c3c-911a-1d006904e90c
77.758333,130.498015,26.93,2015-09-11 01:17:28,4133a680-6cf9-4f84-a7d1-61e528197e14
77.761617,130.497992,26.95,2015-09-11 01:19:58,ba71563f-9210-4903-b1db-33425dbd7907
77.764883,130.497793,26.95,2015-09-11 01:22:30,e06e8095-cb84-43d5-b50c-0e1a1a174bbc
77.768083,130.498347,27.01,2015-09-11 01:25:00,afc2e96e-8fab-4e6e-8475-a5504dd37a80
77.7714,130.498757,27.01,2015-09-11 01:27:31,18ba2c67-fef1-422c-9288-9ff9c388f05e
77.774783,130.4992,26.89,2015-09-11 01:30:02,8f6313d0-3a30-405b-8101-8b081fb80142
77.77815,130.499755,26.77,2015-09-11 01:32:32,85dc69f6-e4e8-4f55-8987-c8cccd4fa253
77.781583,130.500382,26.7,2015-09-11 01:35:03,4ff07a95-f9d1-4c17-ae96-c23a8ac8e040
77.78495,130.50103,26.62,2015-09-11 01:37:34,2fd86642-6801-4993-af4f-820196efa508
77.788383,130.501607,26.53,2015-09-11 01:40:05,c44c6662-d236-4548-94de-82547a6f2509
77.7918,130.502238,26.53,2015-09-11 01:42:35,59222cfa-78ec-4c54-840f-59f1628e111f
77.795267,130.50301,26.51,2015-09-11 01:45:06,1d12e641-63c6-4d6e-b9aa-d728eb9051e7
77.798667,130.5042,26.53,2015-09-11 01:47:37,3a441f9c-c9a0-4edb-971a-873aafed7164
77.802067,130.504967,26.55,2015-09-11 01:50:08,c51cdc55-c3bb-4e21-a2ab-0e68b29ec7d9
77.805417,130.505772,26.55,2015-09-11 01:52:38,dd7bd4b5-1115-43ff-ac52-b265080880a9
77.8088,130.506432,26.57,2015-09-11 01:55:09,5dd1d995-2050-43fb-9c85-70ba10c353e4
77.81225,130.507038,26.57,2015-09-11 01:57:39,35376076-6eec-4d9f-953f-9f1c0492865a
77.815667,130.50692,26.53,2015-09-11 02:00:10,d1056d61-fbde-4817-afb3-5e0fdf39ab36
77.81905,130.506913,26.51,2015-09-11 02:02:40,901cf12f-91cd-460a-8153-eeadad9f97d5
77.82235,130.506832,26.51,2015-09-11 02:05:11,4489f3b8-e7f1-40bd-86a3-459752300cc4
77.8257,130.506542,26.5,2015-09-11 02:07:42,29875270-285f-4637-bbe4-fa53d26809af
77.829,130.506717,26.48,2015-09-11 02:10:12,b1a9a36a-cf1e-4820-95a3-db33cc16f723
77.832317,130.506632,26.47,2015-09-11 02:12:43,a1e14564-77cc-4092-83a9-ca9cad9beef3
77.835717,130.506533,26.44,2015-09-11 02:15:14,700e130f-1969-4394-b3ae-29e0bb205423
77.839133,130.506347,26.42,2015-09-11 02:17:45,5053031a-c1bc-40c9-b340-e95d5a7ab1c1
77.84255,130.506075,26.42,2015-09-11 02:20:16,43108393-9b0f-4106-bb3e-8cc94c836d8e
77.84595,130.506143,26.42,2015-09-11 02:22:47,68598286-1d32-4c35-83b4-a3d41262b3d2
77.849333,130.506037,26.4,2015-09-11 02:25:18,86d2fdcd-bfb8-41f8-9d68-8c3594fd931e
77.852683,130.505907,26.39,2015-09-11 02:27:48,6b8a1014-1e19-4765-a937-99d4101746b2
77.856117,130.505767,26.39,2015-09-11 02:30:19,8625c58d-1ee8-4e62-9611-0a81390be946
77.859583,130.506028,26.34,2015-09-11 02:32:50,af4743f8-e44b-42a6-a0b4-9119257612f5
77.863033,130.506097,26.34,2015-09-11 02:35:21,3f43d41a-2ac4-43bd-a14e-f580fb4b0a45
77.866517,130.506283,26.36,2015-09-11 02:37:52,4837b6f9-bd11-4d37-a328-a66f6a09ffe4
77.869917,130.506108,26.39,2015-09-11 02:40:22,789130c3-a380-448d-9714-7b6ee7fd6462
77.8734,130.505935,26.4,2015-09-11 02:42:53,45e55043-e09c-41ed-8672-04f1e0b16b21
77.876917,130.50566,26.38,2015-09-11 02:45:24,071e4830-fe92-4b99-be46-a66947550904
77.88035,130.505483,26.36,2015-09-11 02:47:54,f031af3b-fc24-4c96-b364-4a6439dfdfef
77.883683,130.505602,26.27,2015-09-11 02:50:25,49cd8d5b-3e13-4118-abd4-f8cf0b532dff
77.887117,130.50563,26.19,2015-09-11 02:52:56,efeefd36-73b2-4d09-94ea-26221f0bdb5b
77.8906,130.505448,26.17,2015-09-11 02:55:27,ea81e88f-b6a3-47d5-a625-ef49469d5de9
77.894133,130.505452,26.17,2015-09-11 02:57:57,49ca65d0-70b9-4aea-b016-eb2903cbbfcd
77.8976,130.505467,26.15,2015-09-11 03:00:28,8f3270e1-a5ef-47dc-a9cc-48ac42b2d811
77.901,130.505753,26.17,2015-09-11 03:02:59,fc888965-0b4a-4665-b34b-b532ccb494b4
77.904383,130.50586,26.17,2015-09-11 03:05:30,e6a64f6d-e6f8-4c0d-b226-f3a057a58e17
77.907783,130.505648,26.15,2015-09-11 03:08:01,b64a8a3c-b5a3-4b45-8af2-69d4255d67c1
77.911233,130.505447,26.15,2015-09-11 03:10:31,40b8d014-011f-4bee-97ac-2d041384ff8f
77.914667,130.505032,26.15,2015-09-11 03:13:02,c1702cd0-ed46-4a7d-914e-ec04ab3ff2ec
77.918217,130.50445,26.15,2015-09-11 03:15:32,3d6e88a5-6c93-446c-a56c-3b3e3b819225
77.921733,130.504262,26.15,2015-09-11 03:18:03,afe03e9b-6f7f-435b-9e32-78314d13b0b5
77.925217,130.50379,26.2,2015-09-11 03:20:33,92df38f0-8011-485e-be15-881755424d43
77.92865,130.503437,26.21,2015-09-11 03:23:04,782fe8f9-8198-4ce6-8a14-f5819d6db59d
77.932183,130.502977,26.24,2015-09-11 03:25:35,37c78900-d516-4477-8d6f-172f3ac2f290
77.935667,130.502785,26.24,2015-09-11 03:28:05,dadcfc30-7311-4559-a3d1-af9d4322b259
77.93925,130.502592,26.24,2015-09-11 03:30:36,d224dbb6-8f1f-4b1c-a9b5-22bfdbd97617
77.942833,130.502602,26.28,2015-09-11 03:33:07,409cfa08-67fe-412a-bb5e-d29b4dbca53f
77.946317,130.502998,26.3,2015-09-11 03:35:38,1416dbbd-7a2f-45ee-83c1-ca4284c51fbf
77.94975,130.503365,26.3,2015-09-11 03:38:09,9be243a5-699b-4ae3-8d0a-29a5856b6d19
77.953217,130.503758,26.32,2015-09-11 03:40:39,a9f54095-92e3-4985-a8bf-e75b891d7791
77.956783,130.504313,26.35,2015-09-11 03:43:09,9964290b-2cf4-42da-ae95-38a93113e977
77.960383,130.504783,26.39,2015-09-11 03:45:40,10114872-8217-4888-9425-12c04a2633a7
77.963967,130.505238,26.42,2015-09-11 03:48:10,25909606-3ba6-4d05-a65a-6111f8ad14cc
77.967583,130.505702,26.45,2015-09-11 03:50:41,8c3af61a-bfc9-4906-9c90-77fe70ca0bba
77.9711,130.506168,26.49,2015-09-11 03:53:11,c299734d-05b8-4f01-83fc-d54f49d8e493
77.974633,130.50652,26.51,2015-09-11 03:55:42,97496d9c-b197-4fc1-bf22-93f6c7969d6e
77.97815,130.50675,26.55,2015-09-11 03:58:13,db9cdf2e-c077-41d1-8417-d144a3ee1e4c
77.981633,130.506747,26.6,2015-09-11 04:00:43,8c734001-a865-4885-8c20-e5ad0e31a813
77.9851,130.50708,26.68,2015-09-11 04:03:14,0e568f9e-b7fe-4390-9a10-79d2bf6b2bf3
77.9886,130.507475,26.72,2015-09-11 04:05:45,42c09e95-0535-4e92-bf05-21a860bf6e0a
77.9925,130.507713,26.82,2015-09-11 04:08:30,5e7275f9-9fa2-49c4-ba65-885fc15004a5
77.995983,130.508308,26.95,2015-09-11 04:11:01,512cb40f-6157-46e1-9bba-7d95e671f46f
77.9995,130.508737,27.04,2015-09-11 04:13:32,f080065f-7d1c-49e3-8add-0dad0900c9a2
78.003067,130.509215,27.15,2015-09-11 04:16:02,87956f6c-d4f9-4dc0-8002-6f5d2d494860
78.006617,130.509952,27.27,2015-09-11 04:18:33,973a143e-71cf-4845-a072-61685142bf25
78.010133,130.510673,27.35,2015-09-11 04:21:04,fe4b50a8-b16c-4c7c-a641-a3a3aefde9f6
78.013583,130.510518,27.47,2015-09-11 04:23:34,c5c24e27-1a36-4108-ab34-490d07bbfd2c
78.017,130.510763,27.61,2015-09-11 04:26:05,1e4b51d9-6a0b-4195-99a8-e75ca36b3473
78.0204,130.510785,27.69,2015-09-11 04:28:36,0e22e788-1740-4d03-a049-4edeef56d5b8
78.0238,130.511048,27.8,2015-09-11 04:31:06,ab8460cd-3c3c-4aa9-8431-88e8ebbd1ff9
78.02725,130.511002,27.96,2015-09-11 04:33:37,b0870bf8-e8b4-4597-bc20-bee6f5437e6b
78.0306,130.51095,28.09,2015-09-11 04:36:07,45d369a5-df92-4802-a67b-13362014d86e
78.03395,130.510923,28.11,2015-09-11 04:38:38,b54fe8ef-0aea-44fb-b977-495373f6340e
78.037367,130.510997,28.13,2015-09-11 04:41:09,ab550b2a-72c7-4ef2-8bdf-f171b4f048da
78.040783,130.511178,28.12,2015-09-11 04:43:39,2643a5fd-fa6b-47f7-a6e0-746ee590c26c
78.04425,130.511443,28.12,2015-09-11 04:46:11,cc5da6ae-26fd-4a40-9124-2223b9b87cd0
78.047717,130.511627,28.15,2015-09-11 04:48:41,091fef75-e9b6-4e30-91b8-fb8eda380857
78.051167,130.512245,28.17,2015-09-11 04:51:11,7794ea39-bec1-4546-bd80-64fcc66e408a
78.054567,130.512777,28.19,2015-09-11 04:53:42,d468e356-11eb-4e1d-9c4d-9cd97f176660
78.05805,130.513135,28.25,2015-09-11 04:56:12,422182fc-7cd4-4a47-befe-976598315f2d
78.061483,130.513288,28.3,2015-09-11 04:58:43,6f43701d-396c-43ca-914a-525f7a774fbf
78.064867,130.513568,28.32,2015-09-11 05:01:13,c67852f5-2460-46ad-978f-b3eae32bace9
78.068267,130.513748,28.35,2015-09-11 05:03:43,4bc1546f-4adf-4a9f-b53e-769c44cf18b5
78.071667,130.513402,28.36,2015-09-11 05:06:14,de38fb49-96a5-4aca-bb96-43f22bedc613
78.07515,130.513333,28.39,2015-09-11 05:08:44,a945ce50-1900-402e-9b11-6fb9604ac0fc
78.07855,130.5131,28.38,2015-09-11 05:11:15,54f81931-482b-4a45-8c19-bb6e86ac1513
78.082033,130.512692,28.39,2015-09-11 05:13:45,5ef7a9e3-cf3e-4078-a9b9-d98e31bfd5ab
78.08555,130.511518,28.4,2015-09-11 05:16:16,6eec5870-e049-48a3-80de-f77e08c74f8e
78.089067,130.510823,28.4,2015-09-11 05:18:46,3e0aeaf5-ca67-45c3-b679-63707a0c0762
78.092567,130.510465,28.42,2015-09-11 05:21:17,3abcf4b3-0c6d-45a3-804d-201fa7578f39
78.096067,130.51013,28.42,2015-09-11 05:23:47,0387b073-c95b-48a2-858c-f892d0461c2d
78.099583,130.509772,28.38,2015-09-11 05:26:18,de6d3763-bd8f-41f8-92fc-3cf201f93185
78.1031,130.509303,28.32,2015-09-11 05:28:49,a37967f0-e733-4a52-ad80-6eb455a48580
78.106633,130.509133,28.28,2015-09-11 05:31:19,ead660de-89a6-4069-8ece-7ee14a3e9bf1
78.110083,130.509317,28.34,2015-09-11 05:33:50,1be0fb17-5b5c-49a9-8608-152531efedae
78.11345,130.508857,28.39,2015-09-11 05:36:20,e0283b28-526d-417c-92fe-97100aa5ec95
78.116917,130.508652,28.41,2015-09-11 05:38:51,1496cfac-5887-419f-b143-d137df2b97a1
78.12045,130.50816,28.39,2015-09-11 05:41:22,d8018866-b3f5-4204-96ff-6055efb8a34e
78.124017,130.507773,28.28,2015-09-11 05:43:52,04231e2b-2631-4285-b2ca-40fa00660f25
78.127567,130.507693,28.17,2015-09-11 05:46:23,e7ea7209-926e-4fd7-82da-74f24162d6bc
78.131033,130.507267,28.14,2015-09-11 05:48:54,3a47ca49-51fd-4663-a032-31f5de113994
78.13445,130.50723,28.07,2015-09-11 05:51:25,98f8d3c1-ae66-4c2d-8c5b-bb54e2ce8b2b
78.13785,130.506778,27.99,2015-09-11 05:53:55,908bb584-25e3-47af-8977-ad45cd56db4e
78.1414,130.506233,27.96,2015-09-11 05:56:26,60f5271f-595d-4447-b932-db33cc8fd6e4
78.144817,130.505863,27.85,2015-09-11 05:58:57,6a731636-dfb8-4e79-8610-24af86953d77
78.148233,130.505548,27.73,2015-09-11 06:01:27,513704dc-fce9-4d5c-ae1f-cc86c3b29c1a
78.151617,130.505402,27.62,2015-09-11 06:03:57,1ae9be3b-2a05-4340-af5c-4d1dde62f160
78.155,130.50543,27.59,2015-09-11 06:06:28,47912e38-c327-4ae9-ab70-d8a344e03f35
78.158383,130.505847,27.54,2015-09-11 06:08:59,d5a8b050-6f4a-40a4-a563-f3bdd4922843
78.16185,130.505812,27.52,2015-09-11 06:11:29,3e570912-5c84-4982-b460-0abe91b99ee8
78.16535,130.505848,27.54,2015-09-11 06:14:00,47822e90-090d-4176-968c-5c04a536d308
78.168833,130.505953,27.52,2015-09-11 06:16:31,d55c67b2-a9e6-4c91-95a0-8e0b94509738
78.1723,130.506193,27.52,2015-09-11 06:19:02,87df64a6-71d6-4eb9-9408-a76625a68fb8
78.175733,130.506455,27.56,2015-09-11 06:21:32,860dba1f-0222-4446-98b6-20d1bc30684e
78.179233,130.506725,27.6,2015-09-11 06:24:02,f86647db-b062-4f61-801d-4e6f17fc5159
78.182733,130.506612,27.67,2015-09-11 06:26:33,9bc1de71-51e9-4720-8777-5f2e93e7211f
78.1863,130.50639,27.78,2015-09-11 06:29:04,6d7fd70e-b5e6-4164-87c7-0cfe7cd8e0bc
78.189767,130.506407,27.9,2015-09-11 06:31:34,b4459d58-e1e1-48d2-bfc7-f29384a888c5
78.193133,130.50672,27.96,2015-09-11 06:34:05,270e2534-d95e-4b39-be88-e90dc253b18f
78.196483,130.506938,28.04,2015-09-11 06:36:36,ab17e414-adf6-4bfe-aef4-89dd47299ce2
78.199933,130.507073,28.14,2015-09-11 06:39:06,2053d0c1-3765-4c5f-8550-ebe873b0651f
78.203517,130.507163,28.22,2015-09-11 06:41:37,cbdfcfe0-7688-4bf2-8fe3-c4de4e453fdb
78.207017,130.50725,28.3,2015-09-11 06:44:09,0ab7b499-cfa8-43eb-8ff6-35ee2a85067d
78.210483,130.507138,28.4,2015-09-11 06:46:39,5f319348-9c1c-4585-ad08-c54df703eacb
78.2139,130.50679,28.51,2015-09-11 06:49:10,a61e3afa-60ec-4648-8a27-1f687a673342
78.2173,130.506895,28.6,2015-09-11 06:51:40,c1b206c2-f1f4-4042-91e0-d5097ff68495
78.220783,130.506992,28.66,2015-09-11 06:54:11,fa75ea36-8085-4c4a-8de4-38f6baf18949
78.224417,130.50697,28.74,2015-09-11 06:56:41,04b09695-8300-45a3-b0f6-9800c106fb58
78.22805,130.507147,28.82,2015-09-11 06:59:12,9d09e457-9ad8-4879-a469-412f45832246
78.231533,130.507608,29.0,2015-09-11 07:01:43,645cf9f8-fdc5-4fd6-b120-6f41dc8734fa
78.2349,130.5073,29.16,2015-09-11 07:04:13,c6f561a0-cb7e-4726-bdb0-b959264d6ba1
78.238267,130.507045,29.27,2015-09-11 07:06:44,5242b513-7f26-430d-adfc-61f1b3f1371d
78.241733,130.506758,29.31,2015-09-11 07:09:15,8c52b2f3-980c-48b6-86d4-165cfe262d10
78.2452,130.506557,29.42,2015-09-11 07:11:45,e94b599e-c3a0-4778-ae11-2b0c116e2066
78.248567,130.507118,29.52,2015-09-11 07:14:16,61a160e9-93ce-4ae7-998b-419e87a81756
78.251967,130.507152,29.61,2015-09-11 07:16:47,3eb7d15d-46aa-45b9-b93b-06b6ebdea98c
78.255367,130.507103,29.71,2015-09-11 07:19:18,5982f0f6-294c-410d-804c-4030ba6edeac
78.258833,130.506823,29.82,2015-09-11 07:21:48,2081c75b-cfa8-49ee-af07-0261e6127518
78.262367,130.50569,29.95,2015-09-11 07:24:19,2208277b-b1f3-45b6-bd7e-be1d0e84a01d
78.2659,130.50433,30.1,2015-09-11 07:26:49,f911904f-0a75-4daa-8fd7-df2469d9d80e
78.26945,130.504198,30.1,2015-09-11 07:29:20,267cb064-146f-4d6d-b1ba-76b915a5aa3e
78.2728,130.504008,30.06,2015-09-11 07:31:51,4fc953e1-9ad8-473a-9087-b51730d83db5
78.276283,130.503417,30.03,2015-09-11 07:34:22,2c0e7732-4308-47db-a157-3666d1ab9d85
78.2797,130.503092,30.02,2015-09-11 07:36:53,1a647184-2613-4718-80d0-efbf317b78c9
78.283167,130.503067,29.93,2015-09-11 07:39:24,a8a59427-fc8a-4487-9ac0-d25f0373c7c9
78.286583,130.503343,29.76,2015-09-11 07:41:55,8703627a-9496-4248-a8a4-d3b1f9abd4f2
78.289333,130.50409,29.68,2015-09-11 07:44:26,e88e94b3-4bd1-43f9-b11a-1ddda4bcc640
78.29775,130.528703,29.62,2015-09-11 08:06:05,241125bb-4402-485a-947f-25ad334313ba
78.299533,130.523387,29.56,2015-09-11 08:08:35,e7e3fbcb-13dc-490c-95fd-5fc93c3e897a
78.301533,130.521555,29.52,2015-09-11 08:11:07,c784f60d-6688-45ff-ba82-7fb1b7c0bb53
78.302883,130.524175,29.53,2015-09-11 08:13:37,d6cb5a91-65ac-4da1-b9a7-bff725795e27
78.305183,130.526312,29.55,2015-09-11 08:17:24,cbe42c66-528b-4866-b16a-b22e05703888
78.3073,130.527508,29.57,2015-09-11 08:20:10,f5af13eb-8742-4af4-84d2-950d21aaa785
78.308833,130.530062,29.61,2015-09-11 08:22:41,fe949c0c-417e-4532-96f4-94cd17938304
78.310283,130.533808,29.6,2015-09-11 08:25:12,3a8a73cf-32b1-4a40-8406-bfe7633743d6
78.3121,130.539985,29.63,2015-09-11 08:27:43,300965c9-6852-483d-bc38-ef6a95d404de
78.31385,130.545065,29.64,2015-09-11 08:30:13,61436ff8-eaa9-4588-a340-ebe6f375988c
78.315583,130.547303,29.7,2015-09-11 08:32:45,5f3f1f9b-2fd6-410c-bafa-b620428287f2
78.317617,130.5525,29.69,2015-09-11 08:35:16,44ae580c-1504-4a59-8c09-b2708fc4a294
78.3182,130.563022,29.7,2015-09-11 08:37:47,0632abc4-1cae-4d00-8274-e9cac0cd1929
78.317467,130.571733,29.71,2015-09-11 08:40:18,c7359b0b-e9f7-4e20-a603-1be4f665e19c
78.312367,130.566642,29.62,2015-09-11 08:53:53,c481fe87-3cfa-4e7b-90b7-639469fa78a2
78.30275,130.541123,29.61,2015-09-11 09:19:35,2b62a3c5-de9b-44b5-b810-6eb57809d37d
78.301367,130.53735,29.59,2015-09-11 09:22:22,f836ef16-4174-4b4d-8c0c-8709467b3a6d
78.2999,130.533615,29.59,2015-09-11 09:25:08,e8b72590-f497-4ad1-9a30-54edc8da7ff2
78.2983,130.52919,29.6,2015-09-11 09:27:39,c6a81d87-1eda-485b-9070-c56fdfc0ed8e
78.296333,130.524137,29.59,2015-09-11 09:30:10,ca37decf-2e4f-4b6b-b149-99e0fc366ffa
78.294167,130.520202,29.6,2015-09-11 09:32:42,bbb7ece2-2fc7-42f1-841d-618ec6bc74f3
78.292083,130.515265,29.62,2015-09-11 09:35:13,ff9307f0-8314-4e1f-ae96-5f60c62f6dea
78.290033,130.512298,29.66,2015-09-11 09:37:44,62b49fff-cf7d-49f7-8b12-167e7da84067
78.287517,130.510508,29.73,2015-09-11 09:40:15,a7fdc197-1df8-4a76-9c0c-2e9c3d007cf0
78.285067,130.508798,29.81,2015-09-11 09:42:46,818e4a78-2d0c-47a0-a71a-4353c0bc039a
78.28245,130.505382,29.86,2015-09-11 09:45:17,9f33bf62-eb0f-451b-a4c7-cef075b257b9
78.280083,130.502932,29.99,2015-09-11 09:47:48,5a68dfe3-a97e-471e-a9df-095f66285cd0
78.280767,130.491138,30.11,2015-09-11 10:01:37,0b4b8a8b-a051-4f5b-9568-d6e9b135578d
78.282617,130.486018,30.07,2015-09-11 10:04:08,9dedf540-28fd-4e59-9fcf-cd13986ef185
78.2845,130.486168,29.99,2015-09-11 10:06:39,f4288410-3955-4217-9fd0-dba00b0ad655
78.286417,130.491345,29.9,2015-09-11 10:09:10,6126f94f-3ece-442e-bd34-a408de8c899c
78.289567,130.496408,29.8,2015-09-11 10:11:41,c9fda74e-eed4-4750-a07c-46eeac648208
78.29295,130.49677,29.69,2015-09-11 10:14:12,a198b773-96cf-4a52-bf57-3efe588f791c
78.2963,130.497252,29.65,2015-09-11 10:16:43,0c97cf3a-c5c5-45dc-8377-372df3cb0dcd
78.29965,130.497973,29.66,2015-09-11 10:19:14,eb5b6927-bed3-4497-9eb5-ad4377c46f00
78.30305,130.49872,29.67,2015-09-11 10:21:45,62e08e13-bef7-4c0d-848c-1b7049ea9a65
78.30655,130.499245,29.74,2015-09-11 10:24:16,2e6e3f9e-5953-4dc4-be8f-1d397ea868b6
78.31015,130.499488,29.77,2015-09-11 10:26:48,951bdc16-d4ab-4e61-8516-e1a88804d292
78.3137,130.500062,29.8,2015-09-11 10:29:19,75022012-15e7-4bde-8463-24edf04aedca
78.317083,130.500712,29.84,2015-09-11 10:31:50,95ce3358-3a9f-4079-980f-e9031befb8a9
78.32045,130.501247,29.85,2015-09-11 10:34:21,a7cbcb9f-1b0b-4215-8baa-ff28b4edfa0f
78.32385,130.501028,29.79,2015-09-11 10:36:53,05a1792e-7b80-42f9-b59f-4edc881568ea
78.3273,130.500582,29.75,2015-09-11 10:39:24,a4d81f9c-2492-4ff3-bf92-7e3f6d2b9da8
78.33085,130.500155,29.73,2015-09-11 10:41:56,face7950-df90-4044-9a09-015f8e8dd46e
78.334367,130.500018,29.77,2015-09-11 10:44:27,1c19d570-1397-41ab-a604-b7a3a84724a8
78.33775,130.4999,29.78,2015-09-11 10:46:58,c9e62894-7498-438b-9bdc-714c609f3836
78.341033,130.49944,29.62,2015-09-11 10:49:29,0eb52d5b-3718-4d0d-8c91-804d260706e4
78.344483,130.498832,29.57,2015-09-11 10:52:01,d5a507d6-6eae-4153-a953-f804c8b510c0
78.347967,130.49847,29.55,2015-09-11 10:54:32,098c59f4-8f09-4350-aaa9-b26e6b1a63a5
78.351467,130.498273,29.58,2015-09-11 10:57:03,d97900a3-b0fc-4574-b5a5-4fb01e6855a9
78.3549,130.498297,29.62,2015-09-11 10:59:34,0f036d0a-d9cf-4d6b-aa98-ea1ab926ad13
78.358367,130.498107,29.64,2015-09-11 11:02:05,7a354def-162b-40a1-8c22-1073de99e918
78.361767,130.498067,29.66,2015-09-11 11:04:36,9a2741de-dfe5-4543-aac2-136fcca97a9d
78.365183,130.498083,29.73,2015-09-11 11:07:07,0c84f3cb-7e7e-4c8f-8489-0c2c590b2918
78.368567,130.498115,29.76,2015-09-11 11:09:38,ce2ac1e1-a2d5-4bf8-a3c5-29aa21a60fd7
78.372067,130.497892,29.8,2015-09-11 11:12:09,dabc8971-a9f8-40a9-a729-c0e628a4a3a1
78.375617,130.497685,29.77,2015-09-11 11:14:41,b6c257fe-45d5-4480-9975-535b5fc3a75c
78.379017,130.497685,29.78,2015-09-11 11:17:12,3a7bc064-a756-4e2a-926b-c7ccd064d8bf
78.382367,130.49761,29.8,2015-09-11 11:19:43,981f1dd5-9d72-48b0-b2f7-9320cb29d95f
78.385717,130.497793,29.84,2015-09-11 11:22:14,bb14f00b-977c-40d5-a222-a74dfbaea94a
78.38915,130.49746,29.88,2015-09-11 11:24:45,9fbf8a04-15b5-4a43-a236-1625f3a8d055
78.39255,130.497223,29.93,2015-09-11 11:27:16,783541ea-1095-4728-92a4-3228d306b6e6
78.39585,130.497308,29.91,2015-09-11 11:29:47,ee71770a-78f5-4ae2-b3d0-87db01189a04
78.399133,130.49713,29.91,2015-09-11 11:32:18,5a05a494-9e98-4035-abb6-a78e78c57e74
78.402367,130.497015,29.91,2015-09-11 11:34:48,75049b2d-d432-4fd4-9bef-5643a84c1fa8
78.405667,130.496808,29.93,2015-09-11 11:37:19,e85a78cd-e519-44e1-a3df-9d7b5994c603
78.409083,130.496337,29.96,2015-09-11 11:39:50,a8c27999-a887-4f40-9a1b-5f18524133f3
78.41245,130.496402,29.99,2015-09-11 11:42:21,a1554ab8-1b00-4c7c-b6c6-4d0ee7dd632c
78.415917,130.4962,29.98,2015-09-11 11:44:52,83853b89-6c36-4486-8ff8-7be1cca6bca1
78.419367,130.495848,30.01,2015-09-11 11:47:23,48d641b6-4433-4ecf-a30c-e73bacce6e8c
78.42285,130.495972,30.03,2015-09-11 11:49:54,26e6fad1-4cdc-4693-83f3-1b414e6bed58
78.42635,130.495675,30.12,2015-09-11 11:52:24,8245c041-a29d-40ad-b3fb-f1c523515c5c
78.429733,130.495673,30.16,2015-09-11 11:54:55,39a58a1f-95bd-4135-8247-8e40c7499c0c
78.433133,130.49583,30.18,2015-09-11 11:57:26,d1b36c98-f1b9-41f5-9e4f-a97be18ee69b
78.43645,130.496037,30.15,2015-09-11 11:59:56,77ab321a-8370-49d5-9fe1-8e251ecdc28a
78.439817,130.496153,30.13,2015-09-11 12:02:27,6a55a66d-bd97-4a3a-a0d0-f66aad68229f
78.443283,130.496063,30.15,2015-09-11 12:04:58,f654052b-b054-40b2-9b9c-bd8133c125bf
78.446817,130.495762,30.17,2015-09-11 12:07:28,4c8f9db3-1184-4855-a590-8878384dca36
78.450217,130.496343,30.16,2015-09-11 12:09:58,57c424c4-3be7-467d-bb0b-be50e1aa845e
78.453733,130.496617,30.14,2015-09-11 12:12:29,a228792a-acb2-4af2-b42e-ed15d93e8433
78.457233,130.497017,30.11,2015-09-11 12:15:00,17de13c8-ea9a-4987-88bd-1154a76bc5a4
78.460783,130.497177,30.12,2015-09-11 12:17:31,3276c860-cd17-4f91-8038-193c21907524
78.46435,130.497713,30.11,2015-09-11 12:20:02,0689ba75-e8c4-4997-9d3e-84fb065fb022
78.467933,130.498508,30.12,2015-09-11 12:22:33,3a57cef2-5b89-44d6-b131-2290fffdea9b
78.47155,130.499192,30.14,2015-09-11 12:25:04,8ef17562-1f34-4f06-96da-641aff974689
78.475067,130.500213,30.15,2015-09-11 12:27:34,2a8c97fe-8c63-42a5-8e28-70d2e090bc1d
78.4786,130.50108,30.23,2015-09-11 12:30:05,a4743037-501f-4b45-8050-7bc3ae2b4996
78.4825,130.502193,30.27,2015-09-11 12:32:51,ee4d5068-8fb9-4f8a-87ed-7bef2639792d
78.486033,130.503248,30.29,2015-09-11 12:35:22,6af4c311-94f2-472c-8fd0-3836e94ebd13
78.489583,130.504042,30.27,2015-09-11 12:37:53,123deeb7-4547-4729-abe6-fa49ed071eaa
78.493017,130.504568,30.27,2015-09-11 12:40:23,c5565bfd-1d24-445e-9ef8-8100d96d0eaa
78.496367,130.505045,30.25,2015-09-11 12:42:54,c8838830-d0b3-442e-8d47-f65b8c21c51a
78.4997,130.505182,30.25,2015-09-11 12:45:25,ba4eedb1-09fe-4e37-bf77-fe53e91fbb95
78.5031,130.505137,30.25,2015-09-11 12:47:56,844bccc6-0a23-4752-a819-ef9295c67978
78.5066,130.504595,30.27,2015-09-11 12:50:27,44067e98-b435-4ca6-b924-bb46b7cd3387
78.510033,130.504113,30.3,2015-09-11 12:52:58,8d16b5cb-2ff7-4534-ab2b-ef8afccd80bc
78.513433,130.503683,30.32,2015-09-11 12:55:28,225c4d02-8099-43dd-ad01-325e5dffd071
78.51685,130.503218,30.35,2015-09-11 12:57:59,b90f5708-2bfe-4a84-b2d0-cf70a3789411
78.5203,130.502533,30.35,2015-09-11 13:00:30,0c042f35-c1dd-4305-9e8f-dbf6c4e7d96e
78.5238,130.501567,30.33,2015-09-11 13:03:00,1f34436e-2275-49ab-a212-d94d65ed79a4
78.5274,130.500512,30.31,2015-09-11 13:05:31,1a3cdab1-f366-4026-a0aa-d924b7f90ff9
78.53095,130.499508,30.31,2015-09-11 13:08:01,b0026c51-970f-46bc-b9d8-7e31fde5749f
78.534517,130.499343,30.32,2015-09-11 13:10:32,21a5a132-d05d-4344-8f31-3246e898e9eb
78.538,130.498948,30.36,2015-09-11 13:13:03,72ed153d-ee24-4b7c-b832-2200d6ab5098
78.541383,130.498538,30.36,2015-09-11 13:15:34,f5042a14-b9d8-4386-ab70-c6e763284073
78.544817,130.498527,30.36,2015-09-11 13:18:05,a5a52f1a-43a4-41c1-87bb-6d3535059608
78.548233,130.498698,30.27,2015-09-11 13:20:36,98f5b3d7-7de1-4ee2-8264-51d3f68c1340
78.551667,130.498705,30.12,2015-09-11 13:23:07,db2e72a9-8d11-4eb7-9793-577957dcbc43
78.555067,130.498583,30.08,2015-09-11 13:25:38,7821085b-208b-435a-9f31-41a1c99fc819
78.55845,130.498552,30.04,2015-09-11 13:28:09,866ebab1-99b8-4f31-a776-83942f177520
78.352417,130.7678,30.09,2015-09-12 09:37:52,b73b623c-f595-43e7-96ab-3cbaad8846e1
78.349617,130.768335,30.12,2015-09-12 09:40:22,f915413e-d9c6-4711-a336-d147e80e08c5
78.345217,130.765002,30.11,2015-09-12 09:42:53,cdbfc565-d8b1-4e90-906f-c0b1c9a1e8d3
78.340133,130.761603,30.08,2015-09-12 09:45:24,ec1568f5-84b0-4a87-8bda-71a6249e29d8
78.334517,130.75747,30.06,2015-09-12 09:47:54,42225994-a259-4ada-8fc1-ebd9df63b4f3
78.3286,130.753292,30.07,2015-09-12 09:50:25,b82b1d81-3c02-4507-b593-86f3d9713f51
78.322583,130.74893,30.07,2015-09-12 09:52:55,848c3111-6a88-4234-9bd7-affe70d9efac
78.316317,130.744452,30.06,2015-09-12 09:55:26,df36d76e-e2ed-4b0c-a6af-d347b91384cd
78.309933,130.739802,30.08,2015-09-12 09:57:56,4e8ef727-b37e-4b73-99c8-8691c2b20188
78.30345,130.734933,30.11,2015-09-12 10:00:27,2b934068-6348-4c74-80ba-fbb1c6c4aaf7
78.297,130.729857,30.14,2015-09-12 10:02:58,151d4c7d-b96e-431e-8e8d-afad2dd63890
78.290683,130.725308,29.97,2015-09-12 10:05:29,257c6b21-2fc2-4e91-8e78-1d2963517f77
78.2844,130.720928,29.66,2015-09-12 10:08:00,6698391d-9b3f-4bdc-9af8-a7cde569491c
78.278133,130.71646,29.36,2015-09-12 10:10:30,ecd5336e-2174-431b-982e-5436faef70d6
78.27175,130.711778,29.23,2015-09-12 10:13:01,1722219f-d4d1-40d1-b280-f396e5bbde4c
78.265467,130.706677,29.12,2015-09-12 10:15:32,0c4a061e-9de5-41f2-a2ac-cf309e50b9ca
78.259117,130.701417,29.07,2015-09-12 10:18:03,1ce3f615-b33c-4780-b9fc-71cc0783d61f
78.252733,130.695963,28.98,2015-09-12 10:20:34,cdb9619c-c312-49f3-9720-cd278a325336
78.24635,130.69025,28.84,2015-09-12 10:23:05,585f231c-6dc3-430f-9ab8-b18248f2c81f
78.23995,130.683935,28.7,2015-09-12 10:25:36,fb9b037a-7d73-43dc-bd69-620288b87012
78.233533,130.677742,28.6,2015-09-12 10:28:07,17675b69-9111-469e-9ba4-1cb0b95aa167
78.22715,130.671518,28.52,2015-09-12 10:30:38,2f3e9c58-8aba-40a7-a007-a881a5ec3263
78.220617,130.666277,28.47,2015-09-12 10:33:09,6c99d506-b624-473f-a931-1f0aaa692956
78.214083,130.660903,28.42,2015-09-12 10:35:40,97aa850e-6f00-4bb3-a9bd-4f5c406fdfb9
78.20755,130.656138,28.42,2015-09-12 10:38:11,96a26882-0eb0-445b-8b1b-10f06ff19dcc
78.201,130.651088,28.36,2015-09-12 10:40:42,d6ce23bf-c8d9-4b18-9ef7-0ca8d267c953
78.194517,130.646245,28.31,2015-09-12 10:43:13,efce570f-dff4-4504-a950-1f534052f5a0
78.188017,130.64121,28.32,2015-09-12 10:45:44,b46a7c02-91fe-4a14-b50c-f6f94360ce26
78.181617,130.636312,28.32,2015-09-12 10:48:15,58d8d04b-7395-4e10-a022-72609378096f
78.175067,130.631643,28.35,2015-09-12 10:50:46,3d7c45dc-648f-4825-8686-0eb7528387ca
78.1685,130.626887,28.36,2015-09-12 10:53:18,d12b52c4-9f6f-4101-a2d1-d3833c66fa84
78.161967,130.622087,28.4,2015-09-12 10:55:48,99f6b5b3-a215-423e-8602-ebe4b56d7685
78.155417,130.6173,28.41,2015-09-12 10:58:19,1cd42d2d-27c7-4c2b-bd6e-bed1b1523ed9
78.1489,130.612617,28.44,2015-09-12 11:00:51,ddaacf89-f26b-440e-8ea2-4b27e590147b
78.142333,130.608248,28.52,2015-09-12 11:03:22,61473f94-59eb-4a48-ab9b-51212e811883
78.135733,130.60426,28.57,2015-09-12 11:05:52,812e0055-dce6-4d02-a382-0a67572a4767
78.1292,130.599803,28.46,2015-09-12 11:08:23,17932bf9-456e-45c3-95a7-8b1dab88158a
78.12255,130.596045,28.42,2015-09-12 11:10:54,b6251c02-944f-4a24-9dfc-37392896d2df
78.1159,130.592455,28.37,2015-09-12 11:13:25,e6270cbb-646f-4195-b4a5-db7054ae1ab5
78.109217,130.588853,28.34,2015-09-12 11:15:56,134894a2-3cde-4d05-a587-4e53a20d9dd9
78.1026,130.584843,28.35,2015-09-12 11:18:27,a641e6b6-ba37-4958-bdcb-ffdb990b49f5
78.096017,130.580573,28.32,2015-09-12 11:20:59,69fe2b12-ca50-4c4f-ab77-21ceb2a55510
78.089533,130.57622,28.32,2015-09-12 11:23:30,86f5abac-2a99-4668-b255-1804b4ff0f87
78.083,130.571862,28.32,2015-09-12 11:26:01,b45c97eb-99b4-4a79-bac8-59c65d84d1c9
78.076483,130.567463,28.3,2015-09-12 11:28:32,6d2baa03-92a1-409a-a831-395f7169ee17
78.069917,130.563173,28.28,2015-09-12 11:31:03,a1ed2c8b-7466-4453-b9b8-5c5f92ef5355
78.063383,130.558545,28.24,2015-09-12 11:33:34,c1b98994-3eb9-4b00-8399-4ebc354f1b9e
78.056817,130.554207,28.22,2015-09-12 11:36:04,4c68b4c6-a95c-4516-ab78-9adb4ca175fb
78.05035,130.549905,28.22,2015-09-12 11:38:35,f6927b92-f938-424f-aaff-89a726c47485
78.043717,130.545547,28.21,2015-09-12 11:41:06,da5aed5d-eaf6-44f2-89e8-c6cb741e648d
78.036967,130.54123,28.23,2015-09-12 11:43:37,f991d137-0c27-409d-b59f-54023e61079a
78.030283,130.536615,28.22,2015-09-12 11:46:07,fdd1a0a2-c4a8-40dd-8de2-809ade5928da
78.023567,130.532227,28.22,2015-09-12 11:48:39,c3810e7e-ba71-4e4d-bc2f-f5264f279487
78.016867,130.528232,28.25,2015-09-12 11:51:10,51f05bc7-6bf5-4d79-8995-c96b6684db46
78.01015,130.524112,28.26,2015-09-12 11:53:41,979037a8-0661-4eaf-980d-b2a62d8b1bde
78.003433,130.519735,28.3,2015-09-12 11:56:12,a641648e-1577-4c39-8d85-bc8513ede417
77.996667,130.515337,28.29,2015-09-12 11:58:43,9cd6a3d4-5182-4447-9c68-d1a3ab5d7f82
77.990033,130.511262,28.34,2015-09-12 12:01:14,d5fff3f0-eb5c-4978-929c-2800e2718250
77.983333,130.507663,28.23,2015-09-12 12:03:45,9a071c1c-e360-40be-978b-9cd6910da680
77.976717,130.503753,27.94,2015-09-12 12:06:15,f23bc5f0-3956-4461-ba9f-9d21a98487f9
77.970183,130.500313,27.69,2015-09-12 12:08:46,9faaf6f8-242b-4f40-acb7-dc2b626da9c7
77.963683,130.496642,27.4,2015-09-12 12:11:18,54bafb79-b0c8-4397-8f00-b5c34d2d2097
77.9571,130.492787,27.18,2015-09-12 12:13:49,fabe32c9-1d96-4b47-bc28-275f1c316c7d
77.950633,130.488785,27.0,2015-09-12 12:16:19,f8973503-fa7c-46b0-a4e2-29f2f72dbf35
77.9444,130.486337,26.86,2015-09-12 12:18:50,b877ff4c-29e2-4473-a3b9-addc41a2f7c6
77.938167,130.48341,26.74,2015-09-12 12:21:21,d427c05a-f4ed-40ac-90bd-e03e14ce2b05
77.9318,130.481928,26.64,2015-09-12 12:23:52,bb97184c-5f73-41ee-b94d-11788ad87fd7
77.925867,130.484802,26.59,2015-09-12 12:26:23,dd271e6f-5ee2-4713-b45e-3e44dd3669d6
77.921783,130.489777,26.52,2015-09-12 12:28:54,0e48f69e-6ae8-4e57-bdfb-025f1ba97eff
77.918617,130.493623,26.46,2015-09-12 12:31:24,7b2f901a-b29f-40cc-8243-bd12c4d2e243
77.915217,130.496797,26.44,2015-09-12 12:33:55,90e822ab-a649-4c38-8d89-28e19c96adb2
77.912033,130.500123,26.42,2015-09-12 12:36:26,a1abc677-4261-4d3a-8a39-e5288d4129ca
77.908717,130.501377,26.39,2015-09-12 12:38:56,9ab865f5-ea09-4f66-b211-c350a864f066
77.905283,130.501472,26.36,2015-09-12 12:41:27,3856b09f-1c60-4f8c-ba4b-4127dc41962e
77.90195,130.501013,26.36,2015-09-12 12:43:58,85d795dd-2c05-4b90-87de-492078a29153
77.89855,130.500627,26.34,2015-09-12 12:46:29,3fb00856-ab73-4a45-af0b-72eb68bc7c74
77.895233,130.499928,26.33,2015-09-12 12:49:00,070b7a33-f197-40b3-b5df-16628fbf0c3e
77.891567,130.50091,26.35,2015-09-12 12:51:30,9e37010a-fc3c-4657-9a2d-a744662ed437
77.841517,130.518683,26.3,2015-09-12 17:01:42,21db65dc-7277-4791-a21d-b48b2c74bb07
77.849067,130.517413,26.3,2015-09-12 17:04:19,75ea6b39-d178-4636-96d5-434a40eacc69
77.8563,130.516642,26.28,2015-09-12 17:06:50,1d9de065-d87a-470c-97eb-7d4093ae0b77
77.8635,130.516082,26.3,2015-09-12 17:09:20,e77b081a-fd60-4b33-8088-3d51b0a6a567
77.8707,130.515643,26.3,2015-09-12 17:11:51,87f033b7-0de1-46b7-b256-eb74298029a6
77.877817,130.515242,26.29,2015-09-12 17:14:20,c6a29e44-c3e1-41a3-a426-7f7869d3f748
77.888583,130.514653,26.58,2015-09-12 17:18:04,b258559d-4fbf-4047-ac63-c3b2f3e0c97d
77.896917,130.514453,26.59,2015-09-12 17:20:53,fafdcf65-d8b9-481b-957d-f2b0d568364f
77.904617,130.51396,26.53,2015-09-12 17:23:25,e9a2c2e0-436c-42d4-939a-9dd58498cb4e
77.9123,130.513377,26.47,2015-09-12 17:25:56,835b2065-7a27-4e97-bb96-55520d998f2f
77.919933,130.512983,26.46,2015-09-12 17:28:27,901f2e9b-42a9-4d62-a957-b271702a29ba
77.92755,130.512518,26.29,2015-09-12 17:30:59,d682b23b-daad-4117-94c6-460ddc105c32
77.9351,130.511583,26.35,2015-09-12 17:33:30,78908dc9-f402-45d8-9d68-307abe63c981
77.94265,130.510572,26.33,2015-09-12 17:36:01,5e7ae5e6-f53e-4703-a488-70ab25f8595e
77.95025,130.50954,26.36,2015-09-12 17:38:33,51a645c3-6994-4237-9e75-a163e9cba9da
77.99115,130.504428,26.74,2015-09-12 17:52:13,81f9cdbe-9430-48e3-b859-95e63eeb69e3
77.998717,130.50368,26.82,2015-09-12 17:54:44,7a0b917d-194f-4bcd-bf5b-30aa58fa769e
78.07485,130.491087,27.83,2015-09-12 18:19:54,4e0fe1bf-7727-4ba9-baa8-653f5e933d08
78.081783,130.489398,27.92,2015-09-12 18:22:26,0705822e-4970-4295-a2f5-b2d9a9c51446
78.08725,130.488222,28.3,2015-09-12 18:24:57,44128a01-8d41-4726-9548-e369c937d05b
78.09105,130.494397,29.75,2015-09-12 18:27:30,48fc1964-36f5-45dd-942d-a6b1b809dfd0
78.10755,130.593403,27.4,2015-09-13 21:30:48,4489eaed-f0b6-4317-a237-9af9db3cabc3
77.580033,130.091712,26.49,2015-09-14 10:45:23,0dd152b2-1f4a-4b13-8d71-602ba82299a8
77.575883,130.066972,25.81,2015-09-14 10:47:53,3317c318-9005-4af7-89f1-348f265d4ff9
77.5717,130.04249,26.2,2015-09-14 10:50:24,a5d24cce-05a3-435d-a173-0755a162974f
77.567517,130.017695,26.49,2015-09-14 10:52:54,f878a688-da9f-4147-9767-75d2485f5351
77.5633,129.992947,26.58,2015-09-14 10:55:25,8ebf1a7f-559b-4e40-8537-2b030421cd51
77.559,129.969022,26.72,2015-09-14 10:57:56,2e9cf916-a114-4196-a835-b6cd1da57ff5
77.554733,129.945328,26.54,2015-09-14 11:00:27,727f8042-ebee-4919-9875-7e00809b2078
77.550683,129.922352,26.67,2015-09-14 11:02:58,8a452e17-f52d-48c4-8622-981e067ed902
77.547233,129.902353,26.92,2015-09-14 11:05:28,bc67bdb9-b666-447e-8bfe-7ea33f47b824
77.54435,129.885017,26.95,2015-09-14 11:07:59,db4ef9a3-c93b-4720-98bb-6c68346f70a9
77.541583,129.868075,27.12,2015-09-14 11:10:29,42992317-3dd5-4c88-b858-85dba24c4322
77.53835,129.848947,27.24,2015-09-14 11:13:00,50fee9d1-9370-4b94-a736-028deaec7479
77.534333,129.826918,27.33,2015-09-14 11:15:31,93322e91-2d9b-4dce-b8b2-d0a1de8dfb4d
77.5298,129.802998,27.53,2015-09-14 11:18:02,d16d120d-54de-47c5-8c14-e0392a5e9346
77.525033,129.777658,27.64,2015-09-14 11:20:32,c94bd02c-bc3a-4a12-8559-747425973a71
77.520667,129.753772,27.59,2015-09-14 11:23:03,750daefb-8b67-4d26-96ad-5758b3bdcf40
77.516833,129.733107,27.44,2015-09-14 11:25:34,eadc5a0e-53a2-48d8-a88e-bb0eefcaf320
77.513517,129.715332,27.5,2015-09-14 11:28:05,5bef4f45-dee7-4158-acce-84301af2fac6
77.5104,129.698383,27.61,2015-09-14 11:30:36,fd3babf2-87c4-4482-94e7-98f8fb35cf28
77.507067,129.679938,27.82,2015-09-14 11:33:06,5f4aacd6-b994-4e8f-9edd-c681b700ea15
77.5031,129.658668,28.01,2015-09-14 11:35:37,4fc7c4cc-f355-4374-a5fb-d07ce0d74b4e
77.49875,129.635722,28.11,2015-09-14 11:38:08,e79fcd06-df46-483b-802e-cb6c8e44584e
77.494167,129.612532,28.12,2015-09-14 11:40:39,5af14d26-d825-4c80-a68a-46da34985096
77.489517,129.589143,28.24,2015-09-14 11:43:10,3e5ef429-bee3-4e91-af7b-0072fc581327
77.484883,129.565822,28.4,2015-09-14 11:45:40,382b28ee-8c68-4348-abc4-0817f26c975b
77.480333,129.542537,28.62,2015-09-14 11:48:11,ff75520a-ef41-4625-a6eb-2c3218865a31
77.475867,129.518512,28.87,2015-09-14 11:50:42,0242d09f-319b-4743-a653-2ed9ddd8ebcc
77.471517,129.494833,29.2,2015-09-14 11:53:13,9aecf24d-0850-45a0-8e30-57d1821f5784
77.4672,129.471355,29.34,2015-09-14 11:55:43,1f81b9a6-fa3b-410c-b5e7-cb0993f715a9
77.462867,129.44786,29.47,2015-09-14 11:58:14,d921a590-3b2f-41d3-a651-36438238c626
77.458667,129.423812,29.59,2015-09-14 12:00:44,8a356c30-c924-4a3b-87d3-52d3cfa71847
77.454467,129.399948,29.73,2015-09-14 12:03:15,6c7b4eec-bcf5-417e-a975-5b302ef7541d
77.45035,129.376477,29.71,2015-09-14 12:05:45,151ae503-9d41-4497-a2fd-bd014dd4c0f1
77.446233,129.353033,29.71,2015-09-14 12:08:16,4f0dc149-54b3-4780-bcbe-76ccac35f04e
77.4421,129.329117,29.71,2015-09-14 12:10:46,211f86a0-e011-4ddd-b13e-e187ab35823c
77.437967,129.305277,29.64,2015-09-14 12:13:16,384e2fd4-8ec0-48fa-9767-abaa5f56c70b
77.43385,129.281608,29.68,2015-09-14 12:15:46,19892583-c070-4b02-8774-deb84fc0384f
77.429683,129.257663,29.69,2015-09-14 12:18:17,e322339c-d308-4258-98e1-6261fb809d58
77.425533,129.23413,29.73,2015-09-14 12:20:47,bc396f6e-1015-4b19-a90b-bcb00a879486
77.4213,129.211097,29.84,2015-09-14 12:23:17,97380b71-c2a9-439d-84b7-f7445a18a0c9
77.416917,129.18786,29.87,2015-09-14 12:25:48,0c2c5f4c-f096-4d7e-a753-652abf31c8b3
77.412517,129.164613,29.86,2015-09-14 12:28:18,fb1153a7-c032-46c6-ae64-4c76baefbaab
77.408067,129.141368,29.73,2015-09-14 12:30:49,73fa0d02-36ce-4fc6-bf29-553d7a42fabc
77.403617,129.117733,29.74,2015-09-14 12:33:19,3802592f-4293-45e4-b73f-9a2b60e63ee4
77.399167,129.094155,29.8,2015-09-14 12:35:49,d01e571b-f8b9-42a1-9a28-e7f8a49e3824
77.395083,129.070762,29.38,2015-09-14 12:38:20,fdadf86a-b57c-4ebb-856e-228afc8911a7
77.391067,129.047677,28.75,2015-09-14 12:40:50,989da9d9-e6ae-4430-bd7f-2788d628c767
77.387117,129.024348,28.67,2015-09-14 12:43:21,dcc9ff02-693d-469d-83bb-9081b6ddcc53
77.383167,129.001085,28.7,2015-09-14 12:45:52,0eab0001-da22-43e6-b99c-7927e29ff684
77.379167,128.97785,28.33,2015-09-14 12:48:23,52a49d7b-e2d5-41bf-a823-61cefcd639ea
77.376783,128.964282,27.88,2015-09-14 12:49:53,b7ef9c3f-b7d7-450d-a645-0a363cecacd1
77.375183,128.95518,27.72,2015-09-14 12:50:53,ab057707-6da0-4723-bc67-6dcd94e33b33
77.37275,128.941547,27.65,2015-09-14 12:52:24,eb414afc-e783-411f-a114-c657e9662c66
77.371167,128.93247,27.74,2015-09-14 12:53:24,19ce96ff-c5b0-48d0-9add-4f114bb74b18
77.368833,128.91883,27.86,2015-09-14 12:54:55,2014e345-e47d-4631-83ca-fb8bc9d001f1
77.36735,128.909988,27.9,2015-09-14 12:55:55,e42d0392-4178-45af-b060-a9ce682728ea
77.365083,128.89708,27.96,2015-09-14 12:57:25,1774b88d-5502-48d2-8951-507f26d130c6
77.363567,128.8883,27.91,2015-09-14 12:58:26,00d2cfb0-da7c-4a30-965b-3e6c0c8e581f
77.3613,128.87523,27.86,2015-09-14 12:59:56,a38d737d-ccc4-419a-957b-8747d4e0572a
77.359767,128.866445,27.8,2015-09-14 13:00:57,1024279b-c7f1-4a80-a2fe-98f68299922a
77.357417,128.853033,27.72,2015-09-14 13:02:27,bb4da154-e9dd-473d-b179-39d6fb035eea
77.3559,128.844218,27.64,2015-09-14 13:03:27,c42a13fd-8305-46c6-83fc-3c532ad1a752
77.35355,128.83099,27.67,2015-09-14 13:04:58,c9243fd3-8543-4c2e-ae2d-5e55999c861a
77.351983,128.822147,27.7,2015-09-14 13:05:58,a99c74a0-872f-46f0-96be-ea78d49214f8
77.349667,128.808718,27.64,2015-09-14 13:07:29,cf383d54-8e25-4c31-8998-6d99029c5626
77.348117,128.79987,27.65,2015-09-14 13:08:29,264f06b0-a841-42e2-884d-e5040d034674
77.345817,128.786522,27.57,2015-09-14 13:09:59,34d71f24-6a73-4038-856a-acc732484b8c
77.344283,128.777445,27.49,2015-09-14 13:11:00,ea5a9de8-4c25-4e86-b229-4dabb3dbae31
77.341983,128.764227,27.47,2015-09-14 13:12:30,13e3a878-0e43-47fb-8a79-711a16f6ca29
77.340433,128.755573,27.42,2015-09-14 13:13:30,37447e49-46ec-47d5-9549-e24c62fa4851
77.338117,128.74212,27.32,2015-09-14 13:15:01,254f797e-a112-46a5-8c5e-3c2a50ddc523
77.336633,128.733812,27.25,2015-09-14 13:16:01,cd7f35c0-d43f-4468-aa07-db8a5b08aaa4
77.334683,128.723053,27.19,2015-09-14 13:17:32,5e259a89-1fe2-49e9-bc9f-d034e983cb18
77.333517,128.716427,27.19,2015-09-14 13:18:32,d94773a5-1c60-4e6e-a0a4-3dff56039960
77.331817,128.70694,27.18,2015-09-14 13:20:03,3562f119-9127-40fb-b392-f128f1bd4e41
77.3307,128.700795,27.16,2015-09-14 13:21:03,6b0bfd44-1e00-4a32-be6f-4a8f3290fc35
77.329,128.691238,27.16,2015-09-14 13:22:34,059b0815-0687-4f33-baae-5c57a40f508e
77.327883,128.684777,27.15,2015-09-14 13:23:34,d73ddc99-2788-4aa1-ba0f-f8bf4a930f26
77.3262,128.674943,27.09,2015-09-14 13:25:04,3ed716a9-75cc-43b8-9baa-fef796adff72
77.324983,128.66763,27.03,2015-09-14 13:26:05,05133302-16f2-496a-b729-e01ede4629a8
77.322817,128.654895,27.01,2015-09-14 13:27:35,c23cbcff-f816-458a-b923-efe2b3491aed
77.3212,128.645768,27.01,2015-09-14 13:28:35,472eac29-e1f4-4f61-be63-bc1b4d81169d
77.318767,128.631473,27.03,2015-09-14 13:30:05,86232297-46a2-463d-98c6-5b664f8366ff
77.317,128.621452,27.03,2015-09-14 13:31:06,5f3b1488-18c3-4ef7-ba81-386986fd1cc3
77.3144,128.606515,26.98,2015-09-14 13:32:36,96f17c13-10ba-4dfa-b9d2-ef9cbf173c25
77.312583,128.596792,26.96,2015-09-14 13:33:36,822513cd-cb49-48f8-9f56-7f41fc8f09b7
77.309917,128.58218,26.93,2015-09-14 13:35:06,d190f9c0-059d-4cfa-847c-483d9d0c36c7
77.308117,128.57247,26.94,2015-09-14 13:36:07,0d0123e0-4c06-4713-8411-57c24996a80f
77.3054,128.557962,27.0,2015-09-14 13:37:37,e430aa48-2369-461d-a993-4299d11f62d8
77.303567,128.547992,27.02,2015-09-14 13:38:37,bc30e0d6-4e20-48f3-b669-0f0c8be4fea7
77.300783,128.533043,27.06,2015-09-14 13:40:07,c5589bff-4978-4d72-8247-d0f0c13d0730
77.298867,128.522802,27.03,2015-09-14 13:41:08,716866dc-4170-4f11-b618-4ff046865aa1
77.296067,128.507578,27.08,2015-09-14 13:42:38,a594478e-5ecd-434e-a512-b4a14860d039
77.2942,128.497608,27.06,2015-09-14 13:43:38,1fa9c229-982e-490e-831e-2a5cc904690c
77.2914,128.482363,27.03,2015-09-14 13:45:09,d56f0a66-583f-4bfc-90a1-0d14bd9cd2a3
77.289583,128.472328,27.03,2015-09-14 13:46:09,fa4effd2-8055-4433-aff8-4bd9f50d2987
77.286817,128.457245,27.11,2015-09-14 13:47:39,300ce5b9-6a0e-4c0e-8a3d-7086c92d0c61
77.285017,128.447342,27.14,2015-09-14 13:48:39,fab51f70-324f-44e6-8e66-0861d31ac3ae
77.282333,128.4326,27.19,2015-09-14 13:50:10,20def6a5-4813-48d0-9477-333d05e73b89
77.280567,128.42291,27.25,2015-09-14 13:51:10,33bfbc9d-ba11-4ded-982c-5ba5bf3331ee
77.277883,128.407865,27.32,2015-09-14 13:52:41,e4d5641a-a018-47ee-9a42-be536b23c8c2
77.276067,128.398092,27.36,2015-09-14 13:53:41,eabc640f-9822-42a2-a1a3-3dcb419957d1
77.273383,128.383373,27.41,2015-09-14 13:55:11,93c39791-19fe-4eef-93e5-9a84c8e2a134
77.271567,128.3734,27.47,2015-09-14 13:56:12,0e945129-7582-4ae0-8821-f0d03f7f15d3
77.26885,128.358517,27.58,2015-09-14 13:57:42,20150f92-fb36-468e-a309-954fd84bc397
77.267017,128.34871,27.73,2015-09-14 13:58:42,6631816b-4796-4582-9fea-73cd498ab513
77.26415,128.333715,27.69,2015-09-14 14:00:13,94adae1b-e878-4e23-8921-39cd95e77a01
77.262267,128.323845,27.61,2015-09-14 14:01:13,fe07812a-b5c9-4df8-b741-7cf993f80998
77.2594,128.30905,27.5,2015-09-14 14:02:44,058cd7cb-c20f-4266-ab36-f352f80ee3ef
77.257533,128.299183,27.39,2015-09-14 14:03:44,549cf609-b602-4bce-90a9-a31de79f8b69
77.25485,128.284505,27.31,2015-09-14 14:05:14,73ea94e5-796d-423a-9840-1a1dc8d5aef9
77.252933,128.274595,27.25,2015-09-14 14:06:15,a45edd36-e431-45bc-8a2a-a17a4a63ea50
77.250133,128.260158,27.2,2015-09-14 14:07:45,d4ee90fb-1e47-4d26-96e8-87c3d2e5db37
77.248267,128.250278,27.18,2015-09-14 14:08:46,5ec0f8b8-52fc-49e5-9a5b-533ed110a3dd
77.245483,128.235432,27.12,2015-09-14 14:10:16,87a3fd37-f3ff-4d8c-9207-0349ab362c53
77.2436,128.225477,27.11,2015-09-14 14:11:16,74949cd0-e514-408c-96be-8c9e321609a7
77.240767,128.210847,27.09,2015-09-14 14:12:47,0bb22bd2-2598-4c73-808f-a20a49b2774e
77.238933,128.201103,27.05,2015-09-14 14:13:47,5bfca9a9-9edc-41e8-8ecb-af3f5187cd26
77.236183,128.18662,27.01,2015-09-14 14:15:17,42b1825b-26ae-4a17-baca-a421e70ec54c
77.23435,128.176927,26.97,2015-09-14 14:16:17,815960f9-fc3e-4eb9-9540-69cbb30a0c38
77.2316,128.162155,26.9,2015-09-14 14:17:48,b7c941c0-9b21-441f-97bb-b5a470a49732
77.229783,128.152613,26.83,2015-09-14 14:18:48,9972f6d3-8c5c-441b-aa25-9ddd1885f88c
77.22695,128.138148,26.81,2015-09-14 14:20:18,2c992d97-426a-424c-92ef-550c26fbba80
77.22505,128.128402,26.76,2015-09-14 14:21:18,68534a35-cd38-445d-97d1-99db777dfd5d
77.2222,128.113365,26.59,2015-09-14 14:22:49,8487353c-fadc-4188-be65-d56b29c7fdf2
77.220333,128.103727,26.52,2015-09-14 14:23:49,5366b788-843c-43e9-9fda-d4d281d8e577
77.217483,128.089153,26.33,2015-09-14 14:25:20,45f9b1a5-02ba-4b5c-9bed-6814d07f1ee2
77.21565,128.079582,26.24,2015-09-14 14:26:20,dde5d748-c88e-4ad7-b9cf-606a4813746c
77.21285,128.06521,26.16,2015-09-14 14:27:50,871f7eeb-b362-41fa-b6ab-b63cc2ef9a2b
77.210933,128.055477,26.08,2015-09-14 14:28:51,4be30bfe-18fa-462d-808d-c47d0b6ca2e8
77.208233,128.040955,25.96,2015-09-14 14:30:21,187e5ecd-0c96-465d-b37a-596908987617
77.206367,128.031393,25.89,2015-09-14 14:31:21,f928805f-45f5-4038-96e9-a6a9241d978a
77.20355,128.016972,25.79,2015-09-14 14:32:52,334576ba-cc66-45c4-8be4-c12878ddd2ff
77.201767,128.007377,25.76,2015-09-14 14:33:52,f9e27387-a5fe-4119-9bcd-d9c50055f09e
77.199033,127.993087,25.73,2015-09-14 14:35:22,6f97120b-7fcf-473c-9e05-c5f7ee2450ed
77.19715,127.98329,25.75,2015-09-14 14:36:23,e855a810-1a15-426a-a40a-73b8641ddcc2
77.19445,127.968547,25.73,2015-09-14 14:37:53,f5e30c32-2afa-4aa2-8eeb-8d52a8e0ad32
77.1926,127.958988,25.72,2015-09-14 14:38:53,be07e040-2008-44d6-899a-51efe7e3838a
77.189817,127.944825,25.7,2015-09-14 14:40:24,21d7618b-902a-4c04-a7eb-f319213677b3
77.187983,127.935163,25.68,2015-09-14 14:41:24,0e442e2e-287b-40a6-9ad3-eec51d1e6085
77.18525,127.919948,25.67,2015-09-14 14:42:55,0f10d458-4680-456b-9f4a-e09936936b6e
77.183467,127.909973,25.68,2015-09-14 14:43:55,f165b9a1-a5ca-442d-af67-96b8b88734fb
77.180783,127.895083,25.7,2015-09-14 14:45:25,4794c43d-d66c-460d-8207-0a4050467f11
77.178967,127.884995,25.75,2015-09-14 14:46:25,2184e7e9-1138-45bd-a5be-8efe587460bb
77.176367,127.869972,25.89,2015-09-14 14:47:56,c00e98e2-5ce4-4c4b-868a-b9ea64899779
77.1746,127.860152,25.96,2015-09-14 14:48:56,800d128f-847c-4ff8-91ba-39dabc20c488
77.171983,127.845048,26.03,2015-09-14 14:50:27,229c1b9f-016d-4f12-8cae-de47674479c5
77.170183,127.835203,26.1,2015-09-14 14:51:27,1e95c939-e7d6-4f0d-a5b5-03fcfa565dda
77.16745,127.820198,26.18,2015-09-14 14:52:57,70bd9d42-778e-41c9-bebc-10729e5e8d0a
77.165633,127.810247,26.27,2015-09-14 14:53:58,45957e10-3742-4749-b50e-d060deec3622
77.162467,127.792815,26.42,2015-09-14 14:55:43,99a70b7a-0329-41c6-979c-2e5717900315
77.160617,127.782775,26.58,2015-09-14 14:56:44,04ba7341-f9b0-486b-ab41-86617401dc2e
77.157967,127.767777,26.77,2015-09-14 14:58:14,d411c2f8-bfd0-4a88-9cff-145841490a95
77.156133,127.758103,27.0,2015-09-14 14:59:14,1535d56f-9d7d-4d8a-872f-ac6348bc4d0a
77.153317,127.74338,27.05,2015-09-14 15:00:45,e4f31522-3638-4a1b-8ea1-e5d552c608d4
77.151483,127.733433,27.06,2015-09-14 15:01:45,c72a1736-44ec-4ab9-9195-fd1a1d9136d9
77.148633,127.718762,27.3,2015-09-14 15:03:15,5267ac47-0ee4-4384-a2be-eb13535bf194
77.146717,127.708803,27.35,2015-09-14 15:04:16,26ed6358-ff83-4191-b4b4-ce43152ebcc6
77.143917,127.694025,27.31,2015-09-14 15:05:46,f7af20b1-3cc4-486c-8eaa-8993a9b1b016
77.142,127.683973,27.32,2015-09-14 15:06:46,cd668faf-2972-4498-b2ef-00ffd8c893d4
77.139183,127.66925,27.32,2015-09-14 15:08:17,10f24bd3-4207-48d9-92ce-7d477f9ee308
77.13735,127.659262,27.32,2015-09-14 15:09:17,6824e7d4-218e-490e-8c14-5a70a4afd4cc
77.1346,127.644538,27.24,2015-09-14 15:10:48,81f838d9-bb34-4a56-b8fe-bba843be1df5
77.132817,127.63476,27.24,2015-09-14 15:11:48,283073cb-735b-497a-b4cf-0e57449affa7
77.130017,127.620065,27.24,2015-09-14 15:13:19,ca8a3013-5238-4e93-a651-b513ce9c29ab
77.128167,127.610252,27.12,2015-09-14 15:14:19,663d863b-e2e1-4cb3-8352-41817efb9142
77.125467,127.595703,27.15,2015-09-14 15:15:49,f0948738-eeb8-4a5b-8586-1c1838879d47
77.1236,127.585708,27.23,2015-09-14 15:16:50,cd5ce98a-0c4b-4883-b50a-d41e239f9d97
77.1209,127.570847,27.39,2015-09-14 15:18:20,9f07410a-b27e-40b1-8bfb-bdab39e4b0bf
77.119033,127.561232,27.47,2015-09-14 15:19:20,40439c83-8a5f-48b3-bcd3-93db772e53e2
77.1161,127.546387,27.55,2015-09-14 15:20:51,472acb40-666a-4120-af9f-74dc73d69129
77.1142,127.536442,27.56,2015-09-14 15:21:51,63c809ab-2f8e-4dca-bbdd-0c062af8735c
77.111367,127.521105,27.57,2015-09-14 15:23:22,8d1754ce-a22f-416a-aa05-0e956ddd15de
77.10945,127.511298,27.54,2015-09-14 15:24:22,762d2191-90e8-4fa3-98ff-bdb8d1387462
77.106617,127.496552,27.46,2015-09-14 15:25:52,35f5ee1b-c6fd-4132-b192-b82c7f8ac0f8
77.104733,127.486498,27.41,2015-09-14 15:26:53,00be0041-f419-4b6e-b2bf-df1ab12c24bc
77.101917,127.471573,27.26,2015-09-14 15:28:23,17912245-c78b-4faa-92ce-7c3a5c9cb1ea
77.1,127.461458,27.22,2015-09-14 15:29:23,311af45a-b2c0-4a68-a9cc-431dcb7bbf64
77.097217,127.44668,27.12,2015-09-14 15:30:54,f048a51d-d458-4283-9e11-906853663593
77.095383,127.4368,27.06,2015-09-14 15:31:54,9b2413be-4194-44d6-9628-fbe100bb8132
77.092683,127.42145,26.98,2015-09-14 15:33:25,040a523b-e2ff-4abb-9b45-6c51b315ea69
77.090867,127.411457,26.95,2015-09-14 15:34:25,5e18d1b7-ce91-402c-ad3b-18a4506b4ada
77.088167,127.396278,26.83,2015-09-14 15:35:55,a4191eea-b565-4374-aeb8-96366038cc37
77.086333,127.386278,26.79,2015-09-14 15:36:55,9c837ff2-0e57-424c-8499-831ee083b8ba
77.083633,127.37112,26.74,2015-09-14 15:38:25,aba7367a-4062-4932-834a-f79171ae5733
77.0818,127.361118,26.73,2015-09-14 15:39:26,4ede9577-48f0-4a69-b228-9ffa1fce8271
77.079067,127.345897,26.74,2015-09-14 15:40:56,b51f542f-ec3e-4633-a42e-b091cce4cc7d
77.077217,127.335702,26.68,2015-09-14 15:41:56,00426992-4b55-4a52-9f74-18c5d8c4df79
77.074433,127.320648,26.62,2015-09-14 15:43:27,0e6d2423-47b1-43ee-8fdd-d039821d63bd
77.072633,127.310625,26.61,2015-09-14 15:44:27,0a7f4ad1-2460-49a7-8244-67aa369e14fd
77.0699,127.295308,26.61,2015-09-14 15:45:58,72b61bbc-9b3d-4da8-a172-487c48e2596a
77.068067,127.28524,26.63,2015-09-14 15:46:58,21f60928-d1d3-4c0b-8be8-f36d1bec4738
77.065333,127.269975,26.65,2015-09-14 15:48:28,f10dea7a-d4d6-4879-bbc8-bf39a93d5bf5
77.063533,127.259837,26.63,2015-09-14 15:49:29,d7281b26-cede-4a37-a754-acf7583d29d2
77.060767,127.244652,26.65,2015-09-14 15:50:59,c09da20d-9a38-495f-add2-ed4f213441db
77.058933,127.234377,26.68,2015-09-14 15:52:00,2b24b0bd-d61c-4118-98fb-e6c2f84653ce
77.056267,127.218997,26.71,2015-09-14 15:53:30,63ee76a4-612f-4cf7-a573-c56266312a3e
77.0545,127.208853,26.72,2015-09-14 15:54:30,8d9b9cb9-d1ea-4854-b753-941c07235e7d
77.051733,127.19332,26.69,2015-09-14 15:56:01,65a5807e-97c2-4128-a267-85593447d654
77.04995,127.182885,26.7,2015-09-14 15:57:01,cf5ab5c1-d2b9-437d-bcf3-a58c64de526d
77.047233,127.166998,26.68,2015-09-14 15:58:32,e23fc8ec-2222-4aab-9729-fefdf013658a
77.045417,127.156513,26.68,2015-09-14 15:59:32,f3547eae-205c-498d-b778-1a6d0de2afa0
77.042717,127.140965,26.64,2015-09-14 16:01:02,9abe83c7-863d-4f63-a5ba-7a8b233b6549
77.040917,127.130507,26.64,2015-09-14 16:02:03,ac444213-66a7-428c-a1ce-f3b05d0922d5
77.0382,127.114977,26.72,2015-09-14 16:03:33,c0393460-cd11-48ce-abe4-64abed2b33be
77.036317,127.104498,26.74,2015-09-14 16:04:33,3875d3c6-bae1-4848-b070-b5dc00b4993b
77.033583,127.088847,26.8,2015-09-14 16:06:04,2ad63499-c851-4243-b2a1-1acdd8561cb4
77.031717,127.078393,26.83,2015-09-14 16:07:04,91ce03bf-dde6-478a-a400-11bc9657ec02
77.028867,127.06268,26.9,2015-09-14 16:08:34,67d74af4-2ac4-45b7-96a0-06f2cf790225
77.027017,127.05223,26.95,2015-09-14 16:09:35,87c8b58d-b0fb-42b2-95ea-0c4c3dbfc523
77.024283,127.036582,27.07,2015-09-14 16:11:05,ace5b800-c870-4dc8-940d-92d1a366ded6
77.02245,127.026182,27.14,2015-09-14 16:12:05,718823d4-e1bc-4f19-ae7b-ccc92246562d
77.0197,127.010245,27.29,2015-09-14 16:13:36,120407f9-e8b3-4386-a47a-93fb93ef0116
77.017867,126.999802,27.38,2015-09-14 16:14:36,5cf91098-b41f-4c88-9e07-c4b9baeba26d
77.015033,126.984477,27.51,2015-09-14 16:16:07,c633477c-82f3-442f-9b73-ccfc4eb837c6
77.013133,126.974105,27.6,2015-09-14 16:17:07,b90726c0-ee6a-462f-a5bc-baeedf372212
77.010283,126.958292,27.72,2015-09-14 16:18:37,152c5568-d042-448d-b96f-e88f06982d20
77.00835,126.94791,27.77,2015-09-14 16:19:38,22adb82b-4383-4b7f-8ce6-24980a3c1094
77.005417,126.932465,27.87,2015-09-14 16:21:08,7297f4d1-81d5-4a83-aa55-a093961cbe5c
77.003467,126.921892,27.89,2015-09-14 16:22:08,bf0f69d3-8fcc-4f24-bec6-c467f85118c8
77.000633,126.906122,27.96,2015-09-14 16:23:39,a1e08840-6fb1-420e-bb4f-563589b57d10
76.998733,126.895553,28.01,2015-09-14 16:24:39,c0b43481-9d50-48cb-aba7-2cb747fffdc8
76.9959,126.879957,28.02,2015-09-14 16:26:10,7b973155-1fa6-4f7c-b88e-07cd3de6bba6
76.994033,126.869517,28.04,2015-09-14 16:27:10,877d019f-4e51-4723-9c05-6466117a016f
76.991167,126.853795,28.11,2015-09-14 16:28:40,f59bac60-c6d0-44ac-bc42-d04f8cbdaebb
76.989267,126.843418,28.17,2015-09-14 16:29:41,bb310191-fef3-4d30-8520-927fb44d4aad
76.986433,126.82781,28.2,2015-09-14 16:31:11,7719d743-cb50-4f8d-91a4-7993a9ec6a18
76.984483,126.817265,28.17,2015-09-14 16:32:11,436f0a0b-0f2d-4138-88e6-8f5262bc727b
76.98155,126.80168,28.22,2015-09-14 16:33:42,5215c8cf-174c-4d4b-a345-cd2336bd1b64
76.979567,126.791275,28.25,2015-09-14 16:34:42,e25f9fca-22a5-4984-888c-20a46786c907
76.9766,126.775388,28.38,2015-09-14 16:36:13,96173f3a-c3f8-45a2-9366-51565155f1e2
76.9746,126.76499,28.42,2015-09-14 16:37:13,965bc9ea-c6dc-4aae-9b56-87bd395ef0ba
76.971483,126.74944,28.45,2015-09-14 16:38:43,3c116b37-69c1-4aa0-ac62-33fec036a0ae
76.969467,126.7392,28.46,2015-09-14 16:39:44,1c1b9633-0bb8-4e37-bd2b-339f2b5ea84f
76.966483,126.723537,28.37,2015-09-14 16:41:14,6b85bfae-3c4e-44da-8494-35ac15755e67
76.964433,126.713133,28.3,2015-09-14 16:42:15,a5d7812e-5361-4a45-a603-8ab5af63cc7f
76.961417,126.698357,28.21,2015-09-14 16:43:45,c026859f-17fe-435f-b37f-aa3aa7b86df2
76.959383,126.688007,28.17,2015-09-14 16:44:45,e2c5b132-68d4-45f8-8440-57a8122a3df3
76.956383,126.672475,28.13,2015-09-14 16:46:16,682be4f7-7b4b-4015-8295-123626dd7e84
76.95435,126.662165,28.14,2015-09-14 16:47:16,3a4f5a2a-776a-4957-ae53-7669355897c4
76.9513,126.646687,28.15,2015-09-14 16:48:46,887b2b3e-7c95-413f-9df6-5a5a863003a7
76.94925,126.636123,28.15,2015-09-14 16:49:46,4e83366a-3b40-48ac-966d-5f3a9f78f85d
76.9463,126.620623,28.15,2015-09-14 16:51:17,e9ebc582-4b50-4593-9db0-494d3cd37a99
76.944317,126.61032,28.19,2015-09-14 16:52:17,588fce2b-ae3a-49ad-b89c-b0e4b1a4cea9
76.941333,126.594397,28.25,2015-09-14 16:53:48,6d8346a1-2140-467f-a8cb-74e77bb51db2
76.939433,126.583752,28.25,2015-09-14 16:54:48,ed730037-dc4d-4088-8893-18c8c61fbd11
76.9365,126.567638,28.36,2015-09-14 16:56:18,5ab95d62-23f6-4a3f-955b-5955231ee90f
76.93455,126.557002,28.45,2015-09-14 16:57:19,12defda3-91db-4af6-9199-fa1b5320d522
76.931683,126.540818,28.54,2015-09-14 16:58:49,09e8624a-39cb-4a5d-aef5-c2a540304f6b
76.929733,126.530037,28.64,2015-09-14 16:59:49,d3d7eb08-8678-4797-a557-b9cd7bcca709
76.926817,126.514257,28.84,2015-09-14 17:01:20,8905d42a-4b3c-491e-9aab-a77e0b022d78
76.924833,126.503513,28.97,2015-09-14 17:02:20,09acf2aa-e120-4769-95d6-8f38f582b6da
76.922033,126.487463,29.06,2015-09-14 17:03:51,c3c2b3f6-565c-4e62-b813-2b0b91cba61e
76.92015,126.477085,28.99,2015-09-14 17:04:51,36fd723c-ebe2-4428-923d-b6b636ffc88e
76.91725,126.461158,28.88,2015-09-14 17:06:22,36d74c8e-f82e-490d-8a38-a7eb600e185f
76.915367,126.450592,28.76,2015-09-14 17:07:22,66d9752a-3218-4cdd-98aa-199ba2deec15
76.912533,126.434668,28.59,2015-09-14 17:08:52,a4e2df8c-d71e-4880-be69-c25834815e51
76.910683,126.424208,28.53,2015-09-14 17:09:53,7469847e-a3f0-4f3c-a9f9-64ad74ea24e3
76.907817,126.40858,28.51,2015-09-14 17:11:23,68a034e9-0c2d-43db-bc07-a852b25966c6
76.905917,126.398268,28.54,2015-09-14 17:12:23,8b31f22e-4150-4caf-838c-e876c6f2af0c
76.903033,126.382753,28.52,2015-09-14 17:13:54,9dcf961d-e0c2-477e-a6a9-5206ff061bf9
76.90115,126.372508,28.48,2015-09-14 17:14:54,cc3278d9-9ddb-4b09-9101-0d161470a9db
76.898317,126.356708,28.45,2015-09-14 17:16:25,fc8a82cb-8d88-44f8-bb0e-41533939dcb1
76.896467,126.346262,28.45,2015-09-14 17:17:25,218eeb2c-a917-4351-a87a-2b8927e4857d
76.893617,126.330663,28.47,2015-09-14 17:18:55,5843134b-a333-40fe-b9b8-7aabe73c26ca
76.8918,126.320308,28.42,2015-09-14 17:19:56,8f9a1f05-5e20-474a-bf37-b4b066fe99f9
76.889067,126.304705,28.44,2015-09-14 17:21:26,3ac7f339-fb94-4069-a2d7-3cc3fa714d9e
76.887217,126.294418,28.44,2015-09-14 17:22:26,642710d3-cafd-41f8-afb7-5522f72790f3
76.884417,126.27925,28.46,2015-09-14 17:23:57,e08a408e-560d-439b-8005-d8a9277bef5b
76.88255,126.269078,28.47,2015-09-14 17:24:57,f6697274-8044-4084-8b51-f0c2135e5cf6
76.879733,126.253623,28.51,2015-09-14 17:26:28,0397891a-02a7-4f8e-af3f-31d567717253
76.877833,126.24344,28.52,2015-09-14 17:27:28,d2b5937d-298e-4725-b087-9ca28d850877
76.875017,126.227622,28.54,2015-09-14 17:28:58,fc1124ae-1a51-4c42-84dc-f1e536f71776
76.873117,126.217445,28.6,2015-09-14 17:29:59,454d00dc-3763-4994-b73b-4b0d907bab0f
76.870233,126.201948,28.63,2015-09-14 17:31:29,d41d2d4d-315b-4fcb-9021-923fc9546a3a
76.868333,126.19162,28.67,2015-09-14 17:32:30,9939bacc-ecce-4175-9e67-0d40f8e5db84
76.865533,126.175747,28.69,2015-09-14 17:34:00,b4ac159d-69e6-414f-a414-f89c8b6a1d99
76.863583,126.165142,28.71,2015-09-14 17:35:00,5494cac4-3233-40a7-92b0-dfb32bc53624
76.860683,126.149537,28.73,2015-09-14 17:36:31,a5d1841c-df05-4ee3-8c4c-8946b97f04a7
76.85875,126.138877,28.77,2015-09-14 17:37:31,90931d45-723d-44eb-8887-10863c5333a7
76.855917,126.123043,28.81,2015-09-14 17:39:02,bb7c0054-7f15-4c31-906c-6acb6bf3c1c7
76.854017,126.112727,28.86,2015-09-14 17:40:02,caf1db81-7a9d-4465-b31d-30b1b66e35fa
76.8511,126.097118,28.9,2015-09-14 17:41:32,081b86db-9159-41b4-aade-b830d1e37f10
76.8492,126.086762,28.93,2015-09-14 17:42:33,318f0aae-ce49-4545-9b35-187e727cc345
76.846233,126.07122,28.97,2015-09-14 17:44:03,24f6a2b9-957f-405b-86e0-f31df4fd1599
76.844217,126.060597,28.93,2015-09-14 17:45:03,baa3798d-cbc3-401e-907f-80991c432f2b
76.841283,126.04496,28.88,2015-09-14 17:46:34,f001505a-de5b-4dca-a946-47cd7f6d8dbd
76.839283,126.034303,28.85,2015-09-14 17:47:34,ea92b2d5-c709-4351-94df-b6c4c1a9cd6d
76.836333,126.018628,28.82,2015-09-14 17:49:05,c94d4c58-f56b-4914-bb61-3ed57d226d48
76.834433,126.008173,28.8,2015-09-14 17:50:05,86cc54d0-0092-47f7-9490-c5d4a2b67041
76.831633,125.99233,28.75,2015-09-14 17:51:35,96d74702-a2ea-45ac-8405-bd609f699e28
76.829733,125.981932,28.72,2015-09-14 17:52:36,59136ab2-cf0c-47b7-ae75-6e89893c6a73
76.82675,125.966182,28.71,2015-09-14 17:54:06,4aee3f0d-69da-42e6-b743-c1ff82178acd
76.82485,125.955553,28.69,2015-09-14 17:55:07,b0d0655d-71a0-4725-82a2-d23d96815d47
76.822067,125.939682,28.66,2015-09-14 17:56:37,c5d6f70a-7961-4a3f-ad21-2ec4ce618344
76.820117,125.929013,28.64,2015-09-14 17:57:37,eb399fa8-d0c6-426f-ab54-d7627381e94c
76.817267,125.91328,28.59,2015-09-14 17:59:08,215ba258-ee2f-49eb-a758-a51017d0cee8
76.8154,125.90291,28.58,2015-09-14 18:00:08,8c2d11c8-e5e0-497a-b178-7250bc33a8f8
76.81295,125.888935,28.57,2015-09-14 18:01:39,ef78e5e7-9231-4862-a6ee-d39e8af4772e
76.8115,125.88119,28.56,2015-09-14 18:02:39,63778d7b-a970-4a7b-b511-88419984b91c
76.80975,125.871278,28.54,2015-09-14 18:04:10,b4870aca-e784-4bea-94c3-d79f032b640c
76.808683,125.865347,28.52,2015-09-14 18:05:10,769b2e22-4d1f-42b1-93a8-1eac9ea5af1a
76.807183,125.856568,28.46,2015-09-14 18:06:40,60b6efff-ac36-4260-82d4-439e997a6e18
76.806417,125.851737,28.44,2015-09-14 18:07:41,4d151c0c-de73-4504-96e9-9d7b8f55f27b
76.805417,125.846052,28.37,2015-09-14 18:09:11,7bdf7309-c95c-48a1-a7e6-24922a5b8056
76.8048,125.842703,28.33,2015-09-14 18:10:11,02136bf9-9385-4d3c-be56-1560347bd067
76.804,125.837463,28.29,2015-09-14 18:11:42,a44d8e40-c8d5-4944-8c2b-9ec7b06e12ba
76.803533,125.834023,28.26,2015-09-14 18:12:42,54418a60-1225-4800-9b84-9121e5ed3ba4
76.802767,125.829245,28.19,2015-09-14 18:14:12,244f160b-a554-4fdc-8774-58d717ef567f
76.802283,125.826063,28.17,2015-09-14 18:15:13,0e0aa9f5-8524-429b-9fbb-8d9d8ab1d848
76.80155,125.821292,28.17,2015-09-14 18:16:43,9a850b48-0142-4706-ae26-12feb1f5ce43
76.801067,125.818128,28.18,2015-09-14 18:17:43,174af1d5-d649-41ee-a0e9-8401d75b40ea
76.800333,125.81338,28.23,2015-09-14 18:19:14,7826886d-f85f-4884-947a-17d4e2a2f920
76.799833,125.8102,28.24,2015-09-14 18:20:14,40aa4efb-5aac-4fe4-a90b-7e4fdeca9c06
76.799133,125.805455,28.19,2015-09-14 18:21:45,989a9711-c32c-441c-8d4a-bf0d0880e8cb
76.798633,125.802373,28.16,2015-09-14 18:22:45,5eee28d4-8b62-433f-84d5-6ba253380e0f
76.7979,125.797648,28.09,2015-09-14 18:24:15,efb3e88f-3628-433e-b4e9-5ed32668506f
76.797417,125.794605,28.08,2015-09-14 18:25:16,5dbe25da-3259-45d7-a0d3-c14d8ad2fb96
76.796683,125.789905,28.07,2015-09-14 18:26:46,2cd2cb75-8a6f-4a94-926a-051ede165b89
76.796217,125.78681,28.04,2015-09-14 18:27:47,3e4a1572-47bf-4504-b8f7-6afee942bd0c
76.795517,125.782218,28.03,2015-09-14 18:29:17,67cda7de-59bd-4e0f-a3c1-a88f203cae85
76.795017,125.779097,28.0,2015-09-14 18:30:17,eb5e1d46-91ab-419e-bddf-61f1b22b5c59
76.794267,125.774408,27.99,2015-09-14 18:31:48,82fdfa97-24cf-4566-bb87-5deb9598a050
76.793783,125.77121,27.98,2015-09-14 18:32:48,840e02e6-581d-476a-b9fa-8fc55452307e
76.793033,125.766632,27.97,2015-09-14 18:34:19,9b990ccd-9d80-4122-9df7-ace8c4899a33
76.79255,125.76365,27.96,2015-09-14 18:35:19,2950701a-fbfd-4383-a2fd-949fcef41b16
76.79185,125.758927,27.97,2015-09-14 18:36:49,8ced7e88-76bc-4ca5-94c5-ab549b503ada
76.79135,125.75593,27.97,2015-09-14 18:37:50,95f1a0b3-274e-47d7-88db-d5c82adc693c
76.79065,125.751343,27.98,2015-09-14 18:39:20,4592c286-95d3-41cc-8875-50ac15d2871c
76.79015,125.74825,27.95,2015-09-14 18:40:20,c4ac21f0-f7ba-4657-b419-ae83413250d1
76.789417,125.74376,27.95,2015-09-14 18:41:51,b7e42100-ab5a-41ca-a090-ba99dea21676
76.788967,125.740715,27.95,2015-09-14 18:42:51,8c3e3eaa-ee2a-4780-a51e-72412696f46f
76.78825,125.736188,27.96,2015-09-14 18:44:21,2ac85810-5cf1-4056-8e0b-291773d3aab9
76.787767,125.733167,27.93,2015-09-14 18:45:21,32f8a1c4-aacb-4534-9d8b-d91ea787201b
76.787033,125.728673,27.92,2015-09-14 18:46:52,8d48a9f5-dd68-4a2f-a592-a59e4a3b5119
76.786517,125.725737,27.91,2015-09-14 18:47:52,d80d9dc0-0e2d-4ab4-912f-af899aa8bcc4
76.785767,125.721375,27.9,2015-09-14 18:49:23,07ed80f9-b8d4-4241-ab79-11430b6b02af
76.785283,125.71841,27.87,2015-09-14 18:50:23,d05e5330-fc77-46b8-a005-67f452dc5370
76.7845,125.713895,27.87,2015-09-14 18:51:53,1b900a97-84ba-4d67-925b-c38dd5cc9e08
76.7839,125.70956,27.88,2015-09-14 18:52:54,d859e9e3-91d0-421f-80ff-f45f78344148
76.784667,125.701715,27.85,2015-09-14 18:54:24,6382c23d-7c87-468f-bffd-0a21d7933909
76.786067,125.70133,27.85,2015-09-14 18:55:25,0159745c-e8a7-43f3-bf0c-ec07219730b6
76.787183,125.709202,27.91,2015-09-14 18:56:55,165afaea-eade-4b5c-80b0-2f6a369c2b83
76.7872,125.716902,27.91,2015-09-14 18:57:55,a18a3e4f-d821-4315-9263-938f3b505b27
76.786767,125.729438,27.95,2015-09-14 18:59:26,0e485002-febd-45f3-802c-d56d477aef30
76.786417,125.737928,27.92,2015-09-14 19:00:26,0d85cad1-23e6-4a7e-8432-2ddb3a6139b9
76.786017,125.750778,27.93,2015-09-14 19:01:57,c500e034-14a8-4648-90a6-20d50dbef417
76.785767,125.759388,27.91,2015-09-14 19:02:57,1a063e58-87dd-4822-9b78-92ad514f5390
76.78525,125.772503,27.88,2015-09-14 19:04:28,9f4bd5f5-91d3-4118-869a-ffec7b82b6b6
76.784983,125.781377,27.87,2015-09-14 19:05:28,38b8e35b-cb7d-4d41-a108-5fa79a2ac12a
76.784433,125.797325,27.86,2015-09-14 19:07:13,5c95e711-f61f-48bb-91ef-b92b1b3959db
76.784183,125.805775,27.85,2015-09-14 19:08:14,0e82d2f3-ba32-4af2-833d-c063542d873e
76.7837,125.819008,27.85,2015-09-14 19:09:44,22438755-e73d-464c-a668-f339b68931b1
76.783317,125.82787,27.85,2015-09-14 19:10:45,c61c254e-36e7-47ef-a6e1-eb0d1cae6601
76.7827,125.840472,27.84,2015-09-14 19:12:15,560c2df5-ba1d-4de8-a215-4e826b4b168c
76.7815,125.84304,27.83,2015-09-14 19:13:15,db81e4a0-383c-47c6-8bc6-962216809662
76.7799,125.84095,27.8,2015-09-14 19:14:46,59862ddf-ada2-49c5-85bf-49a980d4a4c7
76.778917,125.839762,27.76,2015-09-14 19:15:46,76518925-cc7e-48c8-a9b7-53288b7a7fec
76.777583,125.83782,27.72,2015-09-14 19:17:17,d70938f6-fc93-4316-8c61-2452d552c197
76.776867,125.836327,27.69,2015-09-14 19:18:17,20223c78-afb7-4072-83e1-58b0f55989f5
76.7735,125.82263,27.61,2015-09-14 19:28:20,492575b4-27f2-4886-87ed-1186bd1f987d
76.772933,125.820657,27.59,2015-09-14 19:29:20,e4ca15e3-70c9-45a9-9fcf-22e70e588e6e
76.771833,125.817258,27.58,2015-09-14 19:30:51,73b9f9df-bf42-4bc4-bbae-813795b27dda
76.771033,125.814983,27.58,2015-09-14 19:31:51,1a1ba9f2-a18d-4a9b-a036-cee09725c103
76.770383,125.80975,27.6,2015-09-14 19:33:21,0b5b626f-a18a-47d5-bd19-51d1514e8db3
76.77065,125.806772,27.56,2015-09-14 19:34:22,f5cfe065-e0cd-41fb-af83-bbae41ef128a
76.77425,125.829488,27.94,2015-09-14 20:02:45,d8874230-2f53-4e74-8b46-76dec1fd9f48
76.775433,125.831543,27.99,2015-09-14 20:03:45,33787b87-52c0-4522-b6a9-6faed03a2c66
76.776983,125.831007,27.91,2015-09-14 20:05:16,e862b4df-dc57-48d7-9588-e4450317ce8d
76.776833,125.826618,27.9,2015-09-14 20:10:02,2bf2c6d5-42df-4947-bab3-59c48a7154dc
76.775833,125.826735,27.78,2015-09-14 20:11:33,c1192dc0-c91d-421f-b083-df64dc36b415
76.774683,125.828028,28.34,2015-09-14 20:47:59,bfdf2a3d-ce3b-417c-9393-28231116ed59
76.773483,125.81942,27.65,2015-09-14 21:51:02,98a849f3-4f5a-4a73-90ed-6c0e32860d0e
76.7718,125.815342,27.59,2015-09-14 21:53:33,b97731b1-833c-46bc-bebe-ab3e937a7053
76.768833,125.814228,27.55,2015-09-14 21:56:04,77b6f02a-c084-45d0-9e39-765cc5834f1a
76.7657,125.817965,27.55,2015-09-14 21:58:35,8853335f-2266-49cc-aa51-72b5246af138
76.762583,125.822053,27.52,2015-09-14 22:01:06,d0a4db88-b37b-47fa-b9a3-c67dc34d0c49
76.759767,125.825645,27.46,2015-09-14 22:03:37,7b9fac7a-4735-4f4b-8a8a-fbd28126b86c
76.757783,125.82817,27.47,2015-09-14 22:06:08,3cd7e753-0594-4148-82ae-0b6b93ce1ffd
76.780317,125.712605,26.78,2015-09-15 03:02:28,5ef5178b-63c2-425f-83af-dcbc2465e712
76.778633,125.716638,26.75,2015-09-15 03:04:59,20406a44-ca3e-4947-a1ad-d1d675858bd7
76.778133,125.72715,26.73,2015-09-15 03:07:29,d9c39bfe-05f3-472d-8f86-3f523aca831a
76.77755,125.739692,26.76,2015-09-15 03:09:59,3432eae2-41c2-4453-bc4c-723249f6a3b9
76.77705,125.753212,26.77,2015-09-15 03:12:30,1c623b4b-3f76-4d2c-ac1d-c0606da79ec2
76.7766,125.766898,26.74,2015-09-15 03:15:00,c3c4ec82-a76a-4e48-acde-d392249e420d
76.775967,125.781013,26.73,2015-09-15 03:17:30,25d6a4df-9d45-4ea1-abcf-f206b8d7410e
76.77535,125.794777,26.74,2015-09-15 03:20:01,df04f180-0bb0-4fe2-994a-6aeba99f3c8a
76.77475,125.808957,26.77,2015-09-15 03:22:31,aa363220-f8e6-4f2c-bcb7-203f16a25f86
76.77425,125.821032,26.79,2015-09-15 03:25:02,7cbc9bc4-1f7b-44c3-ac8b-2974bf3c0b88
76.773417,125.83389,27.73,2015-09-15 07:19:10,e6ff1690-aab2-43d6-b9bc-2c88cb60e639
76.77075,125.770478,27.7,2015-09-16 18:17:14,f05dfa23-4278-4357-85ba-23646b2453ac
76.768567,125.754373,27.94,2015-09-16 18:19:45,f99ca528-d052-4427-ac7c-3d0c08efda69
76.766817,125.74066,28.01,2015-09-16 18:22:16,e238b4c7-4cda-4448-9025-dc5e3a96382d
76.765033,125.727,28.04,2015-09-16 18:24:47,82ff88df-f5af-43f2-aa9d-c52256476fb6
76.7631,125.711192,27.99,2015-09-16 18:27:17,ac1d3bfe-74ae-4d3c-81fd-12b640dbb059
76.761583,125.694728,27.91,2015-09-16 18:29:48,662db6de-b523-42fe-9387-2885d31213e8
76.760217,125.67801,27.83,2015-09-16 18:32:19,f5da86ea-749a-474d-b884-a7936def43a2
76.7585,125.658965,27.83,2015-09-16 18:34:50,a38f6c54-a1f9-4570-baa6-6ee377ac2c84
76.756717,125.638177,27.8,2015-09-16 18:37:21,02ac1190-6934-454a-aa61-282fa7610d17
76.754717,125.615447,27.85,2015-09-16 18:39:52,8fee2083-86fc-4a9b-8d54-692f35bcd738
76.752333,125.591313,27.94,2015-09-16 18:42:22,62c6bb89-4a8b-4298-b2cd-20755b926876
76.75005,125.565037,27.98,2015-09-16 18:44:53,4f21cf04-ed42-4fc8-86fb-360216d67a13
76.747383,125.537458,28.06,2015-09-16 18:47:24,ee3ef476-ad69-441f-bbff-e95fc0e50004
76.744283,125.507772,28.09,2015-09-16 18:49:55,296534d1-fb37-44d4-a9d4-65e446abf15f
76.741017,125.477435,28.06,2015-09-16 18:52:26,4e09ad06-74ab-44fd-b42d-f0b6427a3d01
76.737717,125.447727,27.89,2015-09-16 18:54:57,d8cdd545-8568-497f-a9d8-39de4c1541cc
76.73435,125.417772,27.77,2015-09-16 18:57:28,7f0ccc7f-9bc8-4b30-9982-967fcdcbb1fe
76.73105,125.387952,27.64,2015-09-16 18:59:59,c20339fd-c658-47d4-948c-46f8cbc37063
76.727783,125.35812,27.52,2015-09-16 19:02:30,37865bcd-db87-4525-a0e7-bd7bd1f7a52f
76.724483,125.327855,27.46,2015-09-16 19:05:01,35c3ad9f-4ab0-489f-b720-6e51ed888e61
76.721133,125.297248,27.38,2015-09-16 19:07:32,4d713930-51b5-406c-9259-973dbdbf1653
76.717833,125.266895,27.38,2015-09-16 19:10:02,8bd154a1-7ac4-4a40-a568-d3245098095a
76.7146,125.236508,27.35,2015-09-16 19:12:33,c4458efc-bc38-4038-9824-83efd59729ba
76.711567,125.20562,27.37,2015-09-16 19:15:04,620e72fb-09a4-4d5b-9551-ec0e7ade17ef
76.708683,125.17466,27.35,2015-09-16 19:17:35,98f30613-ceaa-4b54-8828-16fe0ade2b4f
76.705617,125.144063,27.31,2015-09-16 19:20:05,05cd76f2-35c7-450a-8952-aeb47366840a
76.702467,125.113228,27.27,2015-09-16 19:22:36,ec862eca-3fca-4544-a054-fb684ff52443
76.6994,125.08235,27.2,2015-09-16 19:25:07,094fb0d8-7abb-4887-a1ff-8349db28c000
76.696317,125.05134,27.11,2015-09-16 19:27:38,9d49aa80-bbe6-48ed-b6e0-133f4be52842
76.69325,125.020158,27.09,2015-09-16 19:30:09,b566f10f-5d41-4448-8f3a-48f4ded1dd35
76.690167,124.9887,27.1,2015-09-16 19:32:40,197df4c5-5330-4b5f-8b74-cab91dedf58e
76.6872,124.957383,27.13,2015-09-16 19:35:10,e566036d-dddf-4006-b0e5-12a39fde32a7
76.684217,124.925923,27.3,2015-09-16 19:37:41,3d3e1f10-1e21-443e-b9cb-163daf89ee26
76.681133,124.895085,27.59,2015-09-16 19:40:12,8c1936cb-0536-459f-af21-b63c5f27a309
76.678117,124.864247,27.75,2015-09-16 19:42:43,b6ecc31c-3d51-4daf-823f-5b2c06325150
76.675083,124.83329,27.8,2015-09-16 19:45:14,c68d23e1-15fa-47d8-8020-478b571170a3
76.6721,124.802133,27.85,2015-09-16 19:47:45,b5066be3-afa2-49af-884e-52ddf3ca3825
76.669083,124.770853,27.89,2015-09-16 19:50:15,6b446105-7ae1-43ff-89b5-b95c6c25aec6
76.665967,124.739767,27.82,2015-09-16 19:52:47,a99bdff7-4edf-4e40-b59d-1642db0c61b6
76.662733,124.708877,27.83,2015-09-16 19:55:18,07521dba-9130-4c35-b427-7f7e0b68911a
76.659533,124.677847,27.94,2015-09-16 19:57:49,bdd60322-47e2-4a5a-99c4-6c569cf2b792
76.656283,124.646985,28.08,2015-09-16 20:00:20,b553bb23-e3dd-4162-938a-d9dadc2b2546
76.65295,124.616547,28.78,2015-09-16 20:02:51,b528615a-cb66-454c-b408-9b6364b0643e
76.6497,124.586312,29.33,2015-09-16 20:05:22,751caa85-2974-4ba4-a5ee-43b2e9cd15a2
76.64655,124.556682,29.5,2015-09-16 20:07:52,cf425305-3a6d-443f-a1b9-2b8bd7eb74ff
76.643433,124.526972,29.54,2015-09-16 20:10:23,d964356e-46b7-4ccf-a088-93c3b0137d09
76.640283,124.497347,29.52,2015-09-16 20:12:53,b7c612f8-159c-4d1f-bb2e-0a9eb3af0c35
76.637217,124.46746,29.49,2015-09-16 20:15:23,7031da35-425d-428a-9f26-059e7caaf2cf
76.6341,124.437217,29.47,2015-09-16 20:17:54,141c452b-6fdc-4ad6-adb9-996047300968
76.63095,124.406748,29.44,2015-09-16 20:20:25,30aa50d0-6e31-41a2-b14f-41ec6cfe9eee
76.627883,124.376453,29.38,2015-09-16 20:22:55,f6a2a33d-8830-4d96-89d7-f0a5136d1d8a
76.624733,124.345552,29.42,2015-09-16 20:25:25,6082e902-d370-4100-9bb3-65397460150f
76.621567,124.314912,29.42,2015-09-16 20:27:56,4f1bae38-572e-480c-93fd-180e601f2f43
76.618367,124.284037,29.44,2015-09-16 20:30:26,7217fab8-0cec-461e-8074-fed2743f334a
76.615267,124.253518,29.41,2015-09-16 20:32:57,bb465f21-b952-4857-b66f-d3fff35a6ef6
76.612083,124.222488,29.38,2015-09-16 20:35:27,2ae01a30-01ce-4306-b37d-f1ab51ae80d7
76.609,124.191998,29.38,2015-09-16 20:37:58,4b567646-a6dc-40bf-8c53-e0dedb8275b7
76.60585,124.161157,29.35,2015-09-16 20:40:28,87fb36da-0bb5-4dc4-b38a-2774e1a42adc
76.602733,124.130572,29.32,2015-09-16 20:42:59,454df4a0-b7cc-4508-951d-b77c571acda9
76.599583,124.099868,29.31,2015-09-16 20:45:29,1b58126c-7524-43eb-b93e-7129c129209a
76.59645,124.069245,29.29,2015-09-16 20:48:00,e03a3bed-4a2a-42fd-bffe-d80541e45064
76.59325,124.038812,29.19,2015-09-16 20:50:30,77c5a9af-c1bb-4eb6-b0ce-5d58ff919404
76.59005,124.008363,29.09,2015-09-16 20:53:01,ef019ac4-6c92-46fb-90ae-d50bc37c058c
76.586833,123.97785,28.97,2015-09-16 20:55:32,3e55d96b-6353-4be0-ba46-25bf89d0554f
76.583583,123.947523,28.86,2015-09-16 20:58:02,2807f329-ad3c-4574-9d3b-ed767e5366ab
76.580383,123.917397,28.75,2015-09-16 21:00:33,600ca533-50b6-494b-9025-d6a7fd4a302d
76.577183,123.886983,28.71,2015-09-16 21:03:04,a83ed906-7c59-476a-80dd-ba85cc9e23da
76.574083,123.85657,28.71,2015-09-16 21:05:35,fadefa2d-fb22-4162-81b2-93fb2b73d56c
76.57095,123.8261,28.75,2015-09-16 21:08:05,b74600c0-6fe1-4f3a-8ba2-3648fe20b851
76.567817,123.795753,28.77,2015-09-16 21:10:36,8ce2cf96-6076-4f15-8522-dafd8e62fcd6
76.564733,123.765355,28.81,2015-09-16 21:13:06,f110abe9-c5e2-4a5b-998c-527343ed2feb
76.561633,123.73523,28.84,2015-09-16 21:15:37,86b1e642-6865-4115-9146-936f5edb1f73
76.55855,123.704987,28.82,2015-09-16 21:18:08,36bd1556-40a2-461b-be57-9704aaa13975
76.555467,123.674707,28.73,2015-09-16 21:20:38,836d4d0e-be37-44bb-8c99-fe8a557ef462
76.552367,123.64473,28.57,2015-09-16 21:23:09,92b7a0f4-ca87-497a-9bed-803e073458fc
76.549267,123.61426,28.38,2015-09-16 21:25:40,ccf12444-b780-4f82-b3ce-0ae67c18fa12
76.546233,123.583413,28.26,2015-09-16 21:28:11,e68d352f-8925-45d8-8c4a-509168354626
76.543233,123.552458,28.27,2015-09-16 21:30:41,a409b263-ea90-4388-a1a4-04bc766aa681
76.540167,123.52186,28.3,2015-09-16 21:33:12,1ca4c178-1f8e-41f6-a537-2b5fb7567c25
76.537167,123.4912,28.33,2015-09-16 21:35:43,f64e4663-cf84-4d2d-af98-10c7d6d8f93f
76.534117,123.460752,28.54,2015-09-16 21:38:14,d98f7207-c6c4-4afa-9492-10b1a4e6cb62
76.531133,123.430548,28.6,2015-09-16 21:40:44,71d48d2a-1a59-4770-b5de-5cf74bf56bca
76.528167,123.400362,28.57,2015-09-16 21:43:15,a8a92696-e68f-42aa-8f58-289c309d67ab
76.525133,123.369972,28.61,2015-09-16 21:45:46,c4e50d8b-a923-4b8a-bc02-b84318de560a
76.5221,123.339717,28.69,2015-09-16 21:48:16,2089d1f3-7151-4197-8dde-38d096101b26
76.519,123.309357,28.71,2015-09-16 21:50:46,9af076e4-77fb-49ad-a0ed-1bfd9a904e65
76.515867,123.279048,28.76,2015-09-16 21:53:17,cf058d22-ccbf-4a52-aa73-c4c032831b1c
76.511,123.231383,28.81,2015-09-16 21:57:18,5db5961f-c034-4294-b11e-cf6561aaca60
76.507867,123.201643,28.95,2015-09-16 21:59:49,d864b8ba-4861-435a-a4f4-ae05aed9f132
76.504783,123.172113,29.11,2015-09-16 22:02:21,bff59069-6d6f-42ea-ace1-bd0633f68b4d
76.501733,123.142727,29.16,2015-09-16 22:04:52,7791d9e8-4e2f-439b-a449-cd6454a81e74
76.498633,123.113517,29.14,2015-09-16 22:07:23,3a50969f-e3ce-4d4b-b0e4-fc6c8679a7e2
76.495567,123.083957,29.12,2015-09-16 22:09:54,7cc6d90a-be1f-494d-bdf0-36ab679e3b96
76.492433,123.054828,29.11,2015-09-16 22:12:25,ff9fe1eb-161a-4829-89f2-3e82a339306d
76.489317,123.025433,29.09,2015-09-16 22:14:56,61b8dc63-d8ea-4a50-be5b-a4b73f216c2f
76.48625,122.996018,29.02,2015-09-16 22:17:27,36ada9f9-f4e2-4e98-a279-9f407f5df4db
76.483183,122.966567,29.0,2015-09-16 22:19:58,e6b3fa2c-7154-4442-af6d-e1f94bb5d2ed
76.480067,122.937098,28.96,2015-09-16 22:22:29,10222e37-ef05-43b3-8c60-5484858d46ab
76.477033,122.907545,28.97,2015-09-16 22:25:00,4a906536-92bb-4fc0-8422-4b18409c27ac
76.473683,122.87497,28.96,2015-09-16 22:27:46,4426e1b6-8c8e-4e6c-bc01-2163b307941c
76.470683,122.845307,28.96,2015-09-16 22:30:17,486c5fcd-9f7b-43b6-a916-70443b3e4151
76.467667,122.815515,28.94,2015-09-16 22:32:48,b1f477b0-b383-4907-aa80-ecc11404a895
76.464617,122.785385,28.92,2015-09-16 22:35:19,f66c1b2e-dd07-43df-897f-49b587a3ed55
76.461567,122.755293,28.89,2015-09-16 22:37:50,bb4bd0c9-546a-4cec-9c06-871956e50084
76.4585,122.725252,28.85,2015-09-16 22:40:21,343667f5-99bb-4a55-9444-636f056d8dfb
76.45545,122.695538,28.82,2015-09-16 22:42:52,c6b64560-b710-4c87-ac99-86b5eee2002d
76.452367,122.665702,28.78,2015-09-16 22:45:23,914905b5-2631-4091-b77e-68ce4a0487b7
76.449333,122.635862,28.71,2015-09-16 22:47:54,b98716d3-6143-42ce-a6ea-1150b7191339
76.44625,122.605993,28.64,2015-09-16 22:50:25,c0bf7535-2b57-44b7-b4df-47bf4b61b265
76.443133,122.576238,28.59,2015-09-16 22:52:56,bac4303d-2328-4ae2-9657-9c14d61f30f8
76.440033,122.546507,28.35,2015-09-16 22:55:27,9058849e-75c3-45b4-9d29-ec5737860b95
76.4369,122.51667,28.13,2015-09-16 22:57:57,69b5d1c4-7cdf-4bfc-802b-1789deacd8e6
76.433867,122.486998,27.96,2015-09-16 23:00:28,4538e591-dcbd-4219-adc5-1aabda95a815
76.430867,122.456953,27.83,2015-09-16 23:02:59,f2de2b4e-2b9f-4d10-b821-9f5c11cb2cf8
76.427867,122.426997,27.79,2015-09-16 23:05:30,c5f84726-42f1-438f-b7c6-69750aed5bfb
76.424917,122.396968,27.77,2015-09-16 23:08:01,fbb6ce86-8b8a-4f0a-902d-56d308d20a6f
76.421967,122.367007,27.77,2015-09-16 23:10:33,3d53ac4d-c18d-43e8-ac83-8eeab2474e1d
76.419117,122.336965,27.74,2015-09-16 23:13:04,583b2e4b-8b23-43eb-bf75-39c57500cb92
76.416167,122.306807,27.77,2015-09-16 23:15:35,3d6f6365-254c-426f-8720-42795b1b0651
76.41325,122.276552,28.06,2015-09-16 23:18:06,6088f487-1978-4d21-b616-6ad21ec63ffb
76.41035,122.24627,28.17,2015-09-16 23:20:37,5e76888c-8405-4738-bc9d-a0c2cb3110c0
76.40745,122.215862,28.14,2015-09-16 23:23:08,e87337b8-2ce0-4110-a0d1-8c7be4bc3f51
76.404467,122.185418,28.18,2015-09-16 23:25:39,889b29ca-270a-4ee3-a1f2-4ad07b148762
76.401517,122.154877,28.15,2015-09-16 23:28:10,a66d9f4a-5d0e-4ac4-a6d5-a39b8749da3c
76.398517,122.124415,28.12,2015-09-16 23:30:41,4069af60-d415-4526-9e67-f8457ac2a6a9
76.395583,122.093873,28.2,2015-09-16 23:33:12,9398b0dc-dbfb-4677-bb42-5cc6656d9926
76.3926,122.063382,28.17,2015-09-16 23:35:43,ec158328-a614-4f75-a859-413cb6528f9c
76.3896,122.032993,28.15,2015-09-16 23:38:14,94d3b0e4-0abf-4935-ac12-26d5c338874b
76.386617,122.002558,28.12,2015-09-16 23:40:45,ab05f459-df23-43ff-9041-04131a522de2
76.3836,121.971858,28.07,2015-09-16 23:43:16,5c9a993c-ba87-426c-a99f-5a323b3f4fc5
76.38065,121.941615,28.1,2015-09-16 23:45:47,45db3c0e-3d47-4923-a2f1-80ec5ca45580
76.3776,121.911062,28.17,2015-09-16 23:48:18,72068794-147e-4155-a6c0-de9b0f00f5fa
76.3745,121.881073,28.17,2015-09-16 23:50:49,2c8d3fbb-53cd-4db3-add3-7c727a6f342c
76.371367,121.851038,28.15,2015-09-16 23:53:20,791b80d0-2485-4645-9e86-53ac7df402a5
76.368183,121.820885,28.13,2015-09-16 23:55:51,69d4e198-d92d-4663-931c-877dc4bbe2fe
76.365,121.790728,28.16,2015-09-16 23:58:22,c748c467-e1ad-4178-b72b-49f9de17ded2
76.361733,121.760733,28.16,2015-09-17 00:00:53,824f3fd3-736a-4159-8e8a-108b551f93cd
76.358483,121.730912,28.2,2015-09-17 00:03:25,b51379d9-bb02-4e01-9435-a14171b9d05f
76.3553,121.701097,28.23,2015-09-17 00:05:56,091bd910-d620-4565-8603-bb1ef101e4c2
76.3521,121.671048,28.27,2015-09-17 00:08:27,8fb4c76e-966d-4bf3-b7ca-6ee633cba8f3
76.348917,121.641165,28.39,2015-09-17 00:10:58,1d61dec5-9b1a-4570-9ba8-cad54e57ce5b
76.345767,121.611215,28.57,2015-09-17 00:13:29,35c40ce6-d97e-41f4-8dd2-af5a6ffa4a29
76.342633,121.581523,28.76,2015-09-17 00:15:59,5f158051-9502-4ed0-a392-ed08b9a467f6
76.339483,121.551593,28.8,2015-09-17 00:18:31,8f34cfd5-eec7-401b-9451-665ad5bda468
76.336367,121.521905,28.8,2015-09-17 00:21:02,8f15ba60-7aff-4ef8-8ade-2b390d96a49a
76.333217,121.492263,28.8,2015-09-17 00:23:33,3b5b11a3-2cfc-4428-b13d-6b0f11f888a4
76.329967,121.462575,28.75,2015-09-17 00:26:04,bc2502ed-02d8-4668-b7fd-3a4ea1f51d43
76.32665,121.433042,28.55,2015-09-17 00:28:35,2d0a38de-4831-4bc5-bd31-2b1caa579699
76.32345,121.403485,28.45,2015-09-17 00:31:06,edb82aa8-a400-4588-9f36-31cfddfa911f
76.31995,121.373968,28.39,2015-09-17 00:33:37,bfa75d73-1e64-4e98-a69c-fd35678cdad7
76.316467,121.344702,28.41,2015-09-17 00:36:08,9d850813-ac4d-4dd5-8923-33d4ebadb677
76.313,121.315445,28.44,2015-09-17 00:38:39,c9f96d78-e677-4668-a59e-92f93710f0b0
76.309533,121.286457,28.69,2015-09-17 00:41:10,54dff0e1-ca54-4cf3-b4c8-d9b5b2a09fb6
76.306067,121.25736,28.76,2015-09-17 00:43:41,c5bea8a0-739c-4682-8d57-73db808f3baf
76.302583,121.227887,28.74,2015-09-17 00:46:12,244434cf-73ba-4447-a869-751f0cecf440
76.299167,121.199108,28.76,2015-09-17 00:48:43,9fd5db12-91fd-4e23-8953-5447ebb571c7
76.29575,121.169858,28.76,2015-09-17 00:51:14,ce9ba43d-bd3d-4dc2-b101-e60551d20a6e
76.292417,121.140532,28.73,2015-09-17 00:53:45,2e79fea5-11f0-4f37-949b-18dcc65d5639
76.28905,121.111315,28.69,2015-09-17 00:56:16,f2fc3ec5-022d-41db-ba4d-b6043578638a
76.2857,121.082215,28.57,2015-09-17 00:58:47,21fe9484-f982-44aa-bb95-37787a3ed9aa
76.28235,121.053173,28.46,2015-09-17 01:01:18,80d0201d-8998-4d3b-ab2c-4e6063770ec3
76.27905,121.024082,28.36,2015-09-17 01:03:49,4157cf63-09f5-4b6c-ac29-005e40e2608f
76.276167,120.994505,28.39,2015-09-17 01:06:20,eca70620-f343-4ba9-a0f7-9880a1008264
76.2732,120.965187,28.45,2015-09-17 01:08:51,d54a7570-968f-495a-8b25-609aacc673ab
76.270233,120.936062,28.3,2015-09-17 01:11:22,7704e9ef-894c-4ef5-b20e-d26d2f8c711d
76.267283,120.906817,28.2,2015-09-17 01:13:52,4601cbf5-8656-4676-83f6-91fd5da4311a
76.264367,120.877618,28.21,2015-09-17 01:16:23,7d3e726c-8c02-4a09-b35b-4bb400155582
76.261417,120.848138,28.28,2015-09-17 01:18:54,3d349838-d2d4-420b-ac2d-a0eaa4a550e3
76.258467,120.818393,28.33,2015-09-17 01:21:24,614e6263-cf92-4446-892b-c5eaeb5d2f60
76.255533,120.788873,28.37,2015-09-17 01:23:55,351abade-745d-4424-904a-653fe0e982dc
76.2526,120.7592,28.34,2015-09-17 01:26:25,2cc85a37-0464-404d-bb46-8caa631001f1
76.24955,120.729813,28.25,2015-09-17 01:28:56,708ca18c-38f0-4a2d-88d5-4dd5b3e855be
76.246533,120.700133,28.22,2015-09-17 01:31:26,bce2c9a3-b1ad-445c-8e1e-6c92fb2d39f0
76.243467,120.670713,28.2,2015-09-17 01:33:57,254b6c78-546d-42b0-8062-ca5d14bdb144
76.2405,120.641477,28.22,2015-09-17 01:36:28,ac5c2dbd-eab8-468f-ae72-fc2cb80c8547
76.2375,120.612,28.28,2015-09-17 01:38:58,fcd05e67-c83f-4da1-a0ef-2c4e4ad56b74
76.234483,120.582867,28.3,2015-09-17 01:41:29,eb3263b4-53b3-4452-af3f-cec371acf813
76.231517,120.553633,28.35,2015-09-17 01:43:59,474994d8-4fdc-4d9b-9835-031ff65da0e5
76.228517,120.524292,28.43,2015-09-17 01:46:30,afaecb07-602e-4729-9fb4-92e648b6f36a
76.22555,120.494968,28.53,2015-09-17 01:49:01,3322a132-7230-4af3-88cb-dfb51a869065
76.222467,120.465815,28.66,2015-09-17 01:51:31,8c00dcf5-9749-4bde-aa1a-5943eaf5b120
76.2193,120.436793,28.75,2015-09-17 01:54:02,85681293-a3a5-4a80-824b-83a7cb912bf9
76.216083,120.408072,28.78,2015-09-17 01:56:32,0542117a-f336-4f4a-9ba4-f0388449d78c
76.212833,120.379023,28.72,2015-09-17 01:59:04,dae8b94e-7e5c-4dc0-94c3-741f49901eb3
76.209733,120.349728,28.64,2015-09-17 02:01:34,32fb72b6-e2b3-4549-a76e-0fb002c48a52
76.2066,120.320413,28.54,2015-09-17 02:04:05,d6634f17-8387-4b11-9808-749fdc1b34a0
76.203433,120.29135,28.48,2015-09-17 02:06:36,e70da79b-083b-45ff-a849-470e0b1b1ace
76.200333,120.262072,28.37,2015-09-17 02:09:06,d10647f2-37d0-4830-9c7d-e9e9f6f86a72
76.1972,120.232617,28.32,2015-09-17 02:11:37,85e326fe-db87-41ba-b96e-09d8db1d235a
76.19405,120.203105,28.32,2015-09-17 02:14:08,6772a9f0-2ffa-4610-bbe4-24afa20b2152
76.190883,120.173613,28.38,2015-09-17 02:16:38,c57db439-e9aa-4c97-aae5-d7f544b6b004
76.18785,120.144083,28.42,2015-09-17 02:19:09,3326ca36-c92b-473c-8cec-c9d40848cb6c
76.184767,120.114507,28.53,2015-09-17 02:21:40,aeae7b4d-588b-4b7d-8c09-91031f6cc63e
76.181667,120.085022,28.74,2015-09-17 02:24:10,728cc5ae-9682-4a88-98d1-043054de941e
76.178567,120.055763,28.74,2015-09-17 02:26:41,d468e7bb-84a5-4d8a-851a-9758edc8c305
76.17555,120.0273,28.76,2015-09-17 02:29:11,26a3afc3-bc64-4830-9cd0-e9ebef39b850
76.1726,119.99879,28.79,2015-09-17 02:31:42,3a1bb2d2-079c-4962-8170-c646cc24092d
76.169717,119.969798,28.78,2015-09-17 02:34:12,5fb00425-89b9-4f5e-b949-08fa515cafea
76.166817,119.940837,28.81,2015-09-17 02:36:43,1dc16a1d-7b1e-4100-b758-4b12740c14f1
76.163717,119.908888,28.75,2015-09-17 02:39:29,b352890c-f456-4e2e-97bf-9909197c0b77
76.160933,119.879877,28.73,2015-09-17 02:42:00,40f51947-c6e4-4d4d-b09a-ae04140872a1
76.15805,119.850605,28.73,2015-09-17 02:44:30,f221e83f-c5e1-4efa-9e6d-17a4cbdf6e4d
76.1551,119.821257,28.77,2015-09-17 02:47:01,66db52dd-9116-4c46-a313-61fb8f2fe003
76.152117,119.792158,28.82,2015-09-17 02:49:32,7a3bc5dd-cf42-4c4a-bd69-c72e43744740
76.149,119.763163,28.89,2015-09-17 02:52:02,a99d3be2-2d3c-4e76-b218-2e28a4568ab0
76.145883,119.733982,28.98,2015-09-17 02:54:33,64e30d5a-2c0f-4e88-b9ba-8e4d216200fe
76.142783,119.705173,28.89,2015-09-17 02:57:04,edda17ba-3a84-48ef-bcbf-f5078264488d
76.13965,119.676188,28.82,2015-09-17 02:59:34,d4d6d60f-bf1c-424f-a312-a1ab7fe0e3ba
76.13645,119.64742,28.71,2015-09-17 03:02:05,429e1641-51d6-4fdb-acb6-88621a0de006
76.133267,119.61877,28.61,2015-09-17 03:04:36,12534779-681a-48e1-bc3c-94f8eed311c2
76.130017,119.589832,28.46,2015-09-17 03:07:07,291dd5bf-59e4-42d9-adcd-c3fe0fb3f6a8
76.126817,119.560772,28.35,2015-09-17 03:09:37,2ed89b2e-766f-4e5c-8df0-a3f821eb9ca8
76.1236,119.531702,28.32,2015-09-17 03:12:08,6ba36c4c-bd7e-4447-a617-d8064e115496
76.120383,119.502547,28.25,2015-09-17 03:14:39,11076266-6153-4573-a469-887ee6a5b55c
76.117183,119.473102,28.18,2015-09-17 03:17:09,dea67c3d-cf2e-4130-b4f3-ae903843aa10
76.113983,119.44371,28.17,2015-09-17 03:19:40,a5dc9b09-afaf-4c54-8621-ef19298561a4
76.1108,119.414562,28.18,2015-09-17 03:22:11,77abd26f-1757-4405-a633-041d52b600f7
76.107633,119.38531,28.2,2015-09-17 03:24:41,ccc08dac-62cf-406c-9e38-4b2de9d02570
76.1044,119.356035,28.27,2015-09-17 03:27:12,50941356-5764-4c04-a3b5-4378f2b3c556
76.101267,119.327185,28.31,2015-09-17 03:29:43,960707d4-aa6a-4bb2-89f9-5ef543152588
76.098083,119.298205,28.33,2015-09-17 03:32:13,b8b74bca-e7b0-49a0-b48a-e40135329511
76.09505,119.269148,28.35,2015-09-17 03:34:44,16e1ba10-bc37-4f06-9040-027a82fe8ebe
76.0921,119.240107,28.35,2015-09-17 03:37:15,a4f94fbc-bf19-45ff-81b5-a34591418a07
76.089233,119.211283,28.4,2015-09-17 03:39:46,96c3f8e9-ba30-4a01-bab6-6ebe6c53a8c5
76.0864,119.182368,28.44,2015-09-17 03:42:16,ed53046f-196e-4809-adff-edbac161b379
76.083583,119.153493,28.57,2015-09-17 03:44:47,8bb524a0-9405-4f9e-b856-58190cac3486
76.08075,119.124637,28.66,2015-09-17 03:47:18,8d9da230-26f6-4d91-9d79-dc6f514d3702
76.0779,119.096117,28.65,2015-09-17 03:49:48,3fb21028-d7d0-4ef6-b39e-eba6432df305
76.075033,119.067525,28.56,2015-09-17 03:52:19,d952d8d2-9889-4cd9-8083-b466544edcd9
76.07215,119.039132,28.64,2015-09-17 03:54:50,2202653c-11f8-4fff-befa-648060de6b20
76.069383,119.010997,29.06,2015-09-17 03:57:20,3bb554af-4431-4aff-8b2a-34bae37e15ce
76.0665,118.982755,29.56,2015-09-17 03:59:51,a5028525-d752-48f4-833e-fa46195c400b
76.0635,118.954635,29.72,2015-09-17 04:02:22,808d856c-406b-4733-9ebd-376b0f549836
76.060467,118.92701,29.56,2015-09-17 04:04:52,bf277dd8-e1da-4ccf-ad96-c1175b303f46
76.0574,118.899415,29.46,2015-09-17 04:07:23,48d98e74-8789-4578-be4b-760818108f57
76.054383,118.87184,29.44,2015-09-17 04:09:54,49bf4152-22c5-4394-abb9-5f7e0c2e2a2a
76.051233,118.844108,29.54,2015-09-17 04:12:24,aa0286c1-c01d-4f37-9465-38c38342aaa9
76.048083,118.816497,29.57,2015-09-17 04:14:55,4a30fef5-ae0a-4c7b-a20a-9e4ef521551a
76.0449,118.789095,29.59,2015-09-17 04:17:26,98bd4153-4266-4bfe-90ad-4a23f24d2169
76.041683,118.76156,29.57,2015-09-17 04:19:56,736c2bf8-0397-419c-8bbd-5ac3303c4653
76.038517,118.734107,29.56,2015-09-17 04:22:26,98d966d5-4070-4098-97bc-0761a00b4fb1
76.035283,118.706292,29.58,2015-09-17 04:24:57,c1577e6e-642b-4b02-811a-0b71b5d73031
76.032117,118.678322,29.57,2015-09-17 04:27:27,2af83e3f-c8d0-4402-8e4b-571f4fac6fc4
76.029017,118.650023,29.57,2015-09-17 04:29:58,16117602-d0c2-40cc-97c7-d7ce99f06edd
75.998567,118.366398,30.2,2015-09-17 04:55:04,7ee10e4d-d4d2-4319-a68a-debaebc007bd
75.995583,118.337642,30.2,2015-09-17 04:57:34,864d5d9f-8854-47cf-837d-3f9ecc26c64e
75.992617,118.308725,30.17,2015-09-17 05:00:05,4e1121df-4ee3-47d5-bb1c-e43c19a5a757
75.98965,118.280192,30.11,2015-09-17 05:02:35,0a5db7ad-d72b-4d9a-ac71-a36146db4c17
75.986733,118.251825,30.06,2015-09-17 05:05:05,b21299f0-a5a8-466a-9dea-2b91b37c140f
75.9838,118.223095,29.97,2015-09-17 05:07:36,f1951703-db26-4df5-983d-6011a5d9968b
75.980917,118.194463,29.9,2015-09-17 05:10:06,6c07b5bf-93fc-4286-8f4a-0f02c70a7de4
75.978033,118.16595,29.8,2015-09-17 05:12:37,ab8eb4af-d791-40c5-821e-468b06786bc5
75.97485,118.137742,29.76,2015-09-17 05:15:07,803553fd-c327-46c4-bbe5-898277f59d1a
75.971617,118.109688,29.72,2015-09-17 05:17:37,c1523b40-2e8d-44af-80cb-b428c4c18763
75.968433,118.08166,29.69,2015-09-17 05:20:08,16b69b62-4ee2-4e4f-aa30-cb193dfb84a7
75.965317,118.053797,29.66,2015-09-17 05:22:39,8778cf07-5dbd-4a81-95c0-ee9933acf38f
75.9622,118.025888,29.64,2015-09-17 05:25:09,84392085-d1a0-49e3-b17a-a91e7f94d7bc
75.959017,117.998233,29.68,2015-09-17 05:27:40,897510d7-e8cc-456d-991e-dd1dd34bf0d8
75.955733,117.970612,29.7,2015-09-17 05:30:11,d146ee7c-6f5a-4c4f-bfd3-e33aaffd4fff
75.952467,117.942853,29.56,2015-09-17 05:32:41,8aea4823-d9ff-470f-8e85-7bcab57d714e
75.94915,117.914923,29.57,2015-09-17 05:35:12,7a5d7e17-979a-495d-86e5-86e95949b17b
75.94595,117.887222,29.49,2015-09-17 05:37:43,a86b42f5-6f59-46ab-bd0c-6331d6d61848
75.942767,117.859548,29.57,2015-09-17 05:40:13,d624b0cc-4a9c-4ed3-9268-82eb55d1614a
75.939583,117.831743,29.63,2015-09-17 05:42:43,19403443-6263-4acb-a250-b5d374544bf7
75.936617,117.804695,29.76,2015-09-17 05:45:14,8ed1ca24-1029-46c0-84b9-34abfbe2b721
75.93185,117.783762,29.79,2015-09-17 05:47:45,179999d5-5981-4e85-9b44-92ff9ed64be4
75.930667,117.763823,29.81,2015-09-17 05:50:15,11b4973a-e35f-4294-81eb-04f4cf839b5f
75.93215,117.745763,29.78,2015-09-17 05:52:46,332ea646-d0da-48c8-b7a3-d99332a42ac6
75.934133,117.733103,29.76,2015-09-17 05:55:16,b46e1c4a-f2d7-41f5-b6c4-dc00395545ca
75.936083,117.722278,29.74,2015-09-17 05:57:47,86406abb-a4c2-45f5-be32-2778ba8b549b
75.93805,117.711878,29.73,2015-09-17 06:00:17,f40ab9ba-c8e1-4f79-a235-94858ce23a71
75.940083,117.701707,29.72,2015-09-17 06:02:48,2f73932e-25c9-49fc-a476-5d9ebe52c30f
75.94215,117.69123,29.68,2015-09-17 06:05:18,e038ccc0-01dc-4a4a-b3a5-6ef5de8d6fc2
75.944267,117.680087,29.59,2015-09-17 06:07:48,7cdb4752-01ac-4ecf-9aac-e48fafed3640
75.9464,117.669625,29.51,2015-09-17 06:10:19,5063d905-48e4-4681-8f2e-ba3f9a0c3094
75.94845,117.658797,29.44,2015-09-17 06:12:50,4cfe71f6-6d76-413a-8c0e-279fdd0f59ac
75.950967,117.649348,29.37,2015-09-17 06:15:21,9bec0fa1-671d-4f84-bd9a-73c12b5dffaa
75.953567,117.639622,29.35,2015-09-17 06:17:51,eb734129-e71a-44db-ba0e-c53c6ec7d3d8
75.945367,117.665572,29.5,2015-09-17 09:48:43,9e0b0ddb-747b-4bbe-964c-2658c1a6dee0
75.943583,117.673602,29.39,2015-09-17 09:51:13,0306c951-a530-4407-ab81-8ea6cb8e2b56
75.943833,117.682017,29.36,2015-09-17 09:53:44,52ce63bb-d485-4b16-98d3-6e42add2e451
75.943083,117.673243,29.57,2015-09-17 10:34:20,e67ccdaa-d4e9-44a9-9e7a-10d749758562
75.943867,117.66573,29.4,2015-09-17 10:37:36,adc63eec-2a3b-4828-b93e-13070cb55f2e
75.943617,117.672137,29.35,2015-09-17 10:45:08,d5bc33ea-f8cc-43ce-a955-972e05db3dbc
75.942633,117.677848,29.34,2015-09-17 10:47:38,a7330920-e040-48dc-b36c-9c44988e4dee
75.946517,117.684493,29.52,2015-09-17 12:31:10,84c549ff-d87e-4db9-b7f0-73f2fccd9cb0
75.948533,117.674935,29.52,2015-09-17 12:33:41,35af8f6a-3f2a-46f4-ab91-390128aec571
75.95115,117.661737,29.54,2015-09-17 12:36:11,6cc796a5-ada1-44e7-a46d-b5d4d1a702d1
75.954133,117.647162,29.53,2015-09-17 12:38:42,e361fa03-fcc8-472f-ae81-8cf35b12d09b
75.957433,117.631167,29.53,2015-09-17 12:41:13,ce234e1b-d114-47e2-ac46-1053b7da8afa
75.960933,117.614032,29.51,2015-09-17 12:43:44,0f65a1fc-a117-4980-abc1-5318c1adb911
75.964767,117.595658,29.53,2015-09-17 12:46:14,098484cd-b0b0-4a92-842a-77761530a748
75.968767,117.576148,29.55,2015-09-17 12:48:45,dc00e1af-489f-4471-9096-926c6b0b3e7c
75.972933,117.555093,29.53,2015-09-17 12:51:16,8b6b4803-42cc-42d2-9daf-2d7f5e7f14aa
75.977083,117.533097,29.5,2015-09-17 12:53:47,cc187d73-df2a-4647-be8a-56a8410c23e4
75.981433,117.510265,29.44,2015-09-17 12:56:18,0bac099d-88c7-4a1b-88bb-8430281ea41e
75.986017,117.48643,29.44,2015-09-17 12:58:48,db17c7b3-3ba8-41a5-b181-9c3605fcefda
75.992367,117.453173,29.58,2015-09-17 13:02:13,1522e7a8-06c5-4c8c-b522-522ad8ca3682
75.997067,117.428733,29.56,2015-09-17 13:04:43,9cc340dd-236e-48ed-992e-c0a254f680e2
76.0018,117.404283,29.54,2015-09-17 13:07:14,b4f87b36-1959-46e9-91d0-57422eaa8c6f
76.006583,117.37955,29.51,2015-09-17 13:09:44,1c1e64a9-09b5-41d3-960f-0eafa855a8d9
76.011317,117.354908,29.44,2015-09-17 13:12:14,7ddb886a-0860-4169-8e70-dd7cefa0abcb
76.016083,117.330133,29.37,2015-09-17 13:14:45,95fe2e13-ff5d-4f98-a071-0a323b2cd4ae
76.020917,117.304997,29.29,2015-09-17 13:17:16,ca8fd3ec-b09c-41ea-9289-f920098c4cb6
76.025683,117.279905,29.24,2015-09-17 13:19:46,63195dc7-21d8-4455-9e39-c1e4dc576a5e
76.030483,117.254962,29.25,2015-09-17 13:22:17,f5f7537e-da86-420b-8499-2a17d2033de6
76.03525,117.230232,29.27,2015-09-17 13:24:48,37af8e4b-d493-44bd-b186-ac54883c6736
76.040017,117.205127,29.33,2015-09-17 13:27:19,5cfba7fe-6a82-4406-9ac5-88000346d670
76.0447,117.180038,29.45,2015-09-17 13:29:50,2fb499e7-4c9c-4086-aab4-4fb741eed4f7
76.049433,117.154972,29.58,2015-09-17 13:32:20,d80b075c-3c49-47d7-a22d-51d60fd33681
76.054117,117.130237,29.6,2015-09-17 13:34:50,b1bd4a3e-3203-4784-8ce5-762e6aecfeda
76.05885,117.10543,29.61,2015-09-17 13:37:21,d6c17c3e-d735-40bb-904a-2749a670f9ce
76.063467,117.080707,29.6,2015-09-17 13:39:51,cd122563-1c83-4379-a6a1-67b53194d3fc
76.0681,117.05621,29.64,2015-09-17 13:42:22,abebab27-1478-48bd-bb4a-3592824156a4
76.072767,117.031272,29.66,2015-09-17 13:44:52,daf10217-90c2-4d19-b2d7-d480b4837c16
76.07735,117.006568,29.69,2015-09-17 13:47:22,0aee3a23-c99b-4ae9-855b-36927159b35e
76.081967,116.981953,29.68,2015-09-17 13:49:53,82f1b581-ffbb-4731-96cf-b5d2e89b393f
76.086567,116.957098,29.67,2015-09-17 13:52:23,5a63c6ad-6eae-4de8-bfe4-65c8ce64c0a6
76.091117,116.932548,29.68,2015-09-17 13:54:53,4e9089a9-e9c9-4c0f-8fed-171001f8b3df
76.095833,116.908008,29.63,2015-09-17 13:57:24,97ef33ba-3763-450f-a54f-3a860c62e2c8
76.1006,116.883498,29.64,2015-09-17 13:59:55,dddd28d3-1fb8-4a0b-a7d8-6bc628f0e594
76.105417,116.858728,29.64,2015-09-17 14:02:25,4b039b4e-f601-4b76-bde1-f93ff910dd40
76.110217,116.834188,29.65,2015-09-17 14:04:56,ad7f09ab-2943-4b2f-9934-d7f1e7b80ba3
76.1151,116.809442,29.66,2015-09-17 14:07:26,381f3487-1d37-4ba9-b5f1-1ffbee085774
76.120017,116.784958,29.64,2015-09-17 14:09:56,463158d7-e41e-41fa-9074-a56320b7df8a
76.124933,116.760083,29.66,2015-09-17 14:12:27,92d76831-ee5a-47f5-8421-1b755ffdee28
76.12985,116.735168,29.66,2015-09-17 14:14:57,b0ddeaec-442f-42fd-83fc-96a4a9cf35d6
76.134783,116.71031,29.66,2015-09-17 14:17:27,33bef7c0-8db5-4cc8-9efe-a749e07e3664
76.139733,116.685363,29.68,2015-09-17 14:19:58,02832f77-30a0-41dd-8088-cd8adb0393c6
76.14465,116.660733,29.7,2015-09-17 14:22:28,7ed0c816-8419-43c2-9bb0-68bd34eb94a6
76.149583,116.635803,29.72,2015-09-17 14:24:59,26495e63-ad11-47e3-9b9b-1542e72bacdc
76.154467,116.611095,29.74,2015-09-17 14:27:29,9d70271d-56cf-405d-8f15-a7cea69ca9f3
76.159317,116.586118,29.73,2015-09-17 14:30:00,138c02ea-55bb-480b-9ccd-fb99115b9717
76.164217,116.560997,29.7,2015-09-17 14:32:30,265396af-608b-4866-b9d8-2eaf1d750273
76.169067,116.536012,29.69,2015-09-17 14:35:00,07120600-2e4a-4e21-ba3c-87e599c59d11
76.257017,116.10517,29.52,2015-09-17 15:19:11,ff76a075-994d-4b80-8a1e-0107f42e395f
76.262733,116.076532,29.55,2015-09-17 15:22:09,cb7b8ff4-f39f-442b-993f-5969ffe13e42
76.267533,116.052233,29.56,2015-09-17 15:24:40,f1001001-0fb0-4b28-aa8d-a37fb3640e38
76.272217,116.02815,29.59,2015-09-17 15:27:10,3d9dfd29-996f-4cb8-885b-3a2ef6dbed53
76.276767,116.003738,29.61,2015-09-17 15:29:41,d8e80bdf-9ed4-420b-97f8-fbe9254188b6
76.281267,115.979748,29.62,2015-09-17 15:32:11,f02f1f47-a616-46bc-9a92-fe38eb5cbfd3
76.285767,115.955888,29.57,2015-09-17 15:34:42,b7b5c758-9147-415a-969b-fda80d439858
76.290317,115.931782,29.52,2015-09-17 15:37:12,3e142315-305a-44ad-affc-c04f9542e081
76.294867,115.907685,29.47,2015-09-17 15:39:42,25077469-e008-49e4-821b-e0c6f7ec0a2f
76.299517,115.88321,29.44,2015-09-17 15:42:13,37ad93ae-c249-48ef-b709-ecb98e45037d
76.304217,115.859022,29.44,2015-09-17 15:44:43,a07bdbc3-272d-48d6-bac2-19b72ebee220
76.308967,115.834747,29.48,2015-09-17 15:47:15,4353ceb3-3e64-4478-b79a-3290b6d20bdb
76.3137,115.810677,29.49,2015-09-17 15:49:45,351da368-7f8c-4d9b-a565-d8851f2492bf
76.31845,115.786988,29.44,2015-09-17 15:52:16,d80e7384-35e3-45be-a9b6-4ea88743fed0
76.323283,115.762687,29.38,2015-09-17 15:54:46,ed6269b3-ca40-47a5-b66d-1db54e78537f
76.32815,115.73815,29.37,2015-09-17 15:57:17,30c4a7c2-2be7-445b-80cd-9779e72ccaa2
76.33295,115.713535,29.4,2015-09-17 15:59:47,c78927f5-3f58-4844-b203-954c822a20a6
76.3378,115.689063,29.4,2015-09-17 16:02:18,6319bbc3-5f07-4a99-a520-7f0f075bf708
76.3427,115.664117,29.38,2015-09-17 16:04:48,a4dc15ec-6d43-44e7-9446-627790eb0488
76.347583,115.639323,29.4,2015-09-17 16:07:18,a8b5e6d8-1a5c-4b4f-bb72-bcd1a93f4aa2
76.352517,115.614145,29.39,2015-09-17 16:09:49,699cb4dc-8ebe-47cf-b07c-3004fb4345b4
76.35735,115.589062,29.42,2015-09-17 16:12:19,43abd7d0-afe4-46cf-bed9-99522685eaec
76.362233,115.563817,29.42,2015-09-17 16:14:50,69689f63-736b-4ede-9433-84a5848971a5
76.367117,115.538758,29.41,2015-09-17 16:17:20,2cb06774-5f7f-41b0-a860-78d740772f41
76.372017,115.51341,29.44,2015-09-17 16:19:50,582a8ede-37f6-4c90-bca4-21e87b5fcdc8
76.376933,115.487945,29.44,2015-09-17 16:22:21,811c6e5f-c517-4ed1-8be2-fc27b73d9d48
76.38185,115.462497,29.46,2015-09-17 16:24:52,7a9a8abd-5b6f-4e58-8815-d168219e80fc
76.386717,115.437657,29.48,2015-09-17 16:27:22,47eda72c-f7d7-4b97-a218-de641fa07c4c
76.391517,115.412845,29.55,2015-09-17 16:29:52,e71bcd87-c543-4678-82c9-906e291ed692
76.396233,115.387645,29.91,2015-09-17 16:32:23,5a02a0ed-39bf-4d7d-a7c3-5982cf400201
76.400983,115.362385,30.0,2015-09-17 16:34:53,98def15d-4da4-41ef-af84-63d57b34de09
76.40575,115.336562,29.98,2015-09-17 16:37:24,2cc589b6-b847-40a1-9bd4-1e32bd61c8bd
76.41045,115.310497,29.84,2015-09-17 16:39:54,a754056f-ec03-45f5-ac37-916d0e0d50a3
76.415133,115.284448,29.84,2015-09-17 16:42:24,880799de-e998-4ecd-ac1b-3e6abbc83537
76.419883,115.258583,29.85,2015-09-17 16:44:54,33ee1a10-0ab3-45cd-97ba-c9e66b3fdae8
76.424517,115.232353,29.86,2015-09-17 16:47:25,537981e9-a5fc-462b-90e9-ab78585c6433
76.429133,115.206315,29.89,2015-09-17 16:49:55,7113df62-25f1-4460-a0aa-063ff626d77e
76.4339,115.180863,29.94,2015-09-17 16:52:25,8a9a44a0-9002-4e62-bc29-74406232e621
76.438667,115.15508,29.96,2015-09-17 16:54:56,da2d5718-85b0-4d94-bacc-1b6619ef261b
76.443367,115.129737,29.88,2015-09-17 16:57:26,59482b55-2dfb-4fa9-ad32-2b08972b6cf2
76.4481,115.104397,29.83,2015-09-17 16:59:56,d5c00164-f975-4c2b-b908-a7c2ed7ad7c3
76.452833,115.078733,29.76,2015-09-17 17:02:27,10c1ff8e-518d-4afa-b90e-b062ce368ece
76.457533,115.053093,29.5,2015-09-17 17:04:57,1cd95ced-f7b6-43e0-a19a-3a9ebfa2f1ae
76.462317,115.02792,29.32,2015-09-17 17:07:27,6fd56e12-436c-4387-9814-4f5b5c534f91
76.467167,115.002703,29.21,2015-09-17 17:09:58,ebf6531b-267c-4ac0-9ce5-2981c29e2ea7
76.471983,114.977703,29.16,2015-09-17 17:12:28,a2ceebb2-e172-408c-a9f5-68fc5e02c24d
76.476783,114.952918,29.12,2015-09-17 17:14:58,dbffc25f-335a-4676-a30a-601d2a393a11
76.4816,114.928092,29.13,2015-09-17 17:17:29,069d1bd8-d597-4256-bc60-41a557ee9013
76.486383,114.9035,29.14,2015-09-17 17:19:59,1803cfd0-53f1-42f4-be4f-aaad8e87b1d7
76.491217,114.878872,29.18,2015-09-17 17:22:30,f228ce40-83d5-4a6b-b7c1-354077b644e8
76.496017,114.854447,29.21,2015-09-17 17:25:00,dc368a7c-10c5-4147-91ba-f94663555159
76.500833,114.830212,29.3,2015-09-17 17:27:30,c04c8863-a5c4-4be7-a43d-5fb603d4202a
76.505667,114.805715,29.34,2015-09-17 17:30:01,169838d9-ebdf-42e1-9222-ccd39b7a37cf
76.510467,114.781465,29.39,2015-09-17 17:32:31,3d421538-0f95-4107-aa78-d4c4e462c340
76.5153,114.757162,29.38,2015-09-17 17:35:02,b3b639a8-8226-46b0-b7e4-06aa5d0d4969
76.520083,114.73315,29.43,2015-09-17 17:37:32,eddc6d58-f6e2-4fcd-9a0a-5f46224c5dd9
76.524867,114.708867,29.57,2015-09-17 17:40:03,30bc210b-b842-467a-8528-bd85ee4229e6
76.529667,114.68491,29.33,2015-09-17 17:42:33,e42ee33c-0663-4796-92b2-0e293870401a
76.534433,114.660908,28.98,2015-09-17 17:45:03,d77561f2-ee3f-49d0-85a7-2f5506057a59
76.539183,114.636528,28.67,2015-09-17 17:47:33,23867423-7047-4e6c-8f8b-0e3d2f3c2e02
76.654967,114.031025,31.47,2015-09-17 18:47:38,3b3cbbdd-99f4-4b21-bf39-06d0efb1951a
76.6598,114.005343,31.45,2015-09-17 18:50:08,0bee0a5d-cf85-4377-a39c-8ff1500a9bf0
76.664633,113.979573,31.45,2015-09-17 18:52:39,4ed8f53d-bdba-4ef3-92f6-a396feafd9e0
76.6695,113.954147,31.46,2015-09-17 18:55:09,07679948-cc2b-4948-aca6-5fc5e4220a2a
76.674383,113.928258,31.47,2015-09-17 18:57:40,17456530-e5de-448d-8ae0-596938ce7e60
76.6792,113.902585,31.48,2015-09-17 19:00:10,8ffc3a0e-68e8-437c-b957-ff840291374d
76.684033,113.876868,31.48,2015-09-17 19:02:40,bcc233fa-72ff-492f-8656-eb7c9e3f5f7c
76.68885,113.851487,31.49,2015-09-17 19:05:11,73f2205a-0639-44da-b776-fb94ca974ada
76.693683,113.826027,31.52,2015-09-17 19:07:41,4e64c9a4-d4ea-4776-b5d2-f9bf600203e2
76.698533,113.800497,31.43,2015-09-17 19:10:12,c3dcf4cd-f0f7-452f-9210-e71931275453
76.70335,113.775037,31.31,2015-09-17 19:12:42,0d35b34c-37f2-432c-a489-cb5990c0573d
76.708167,113.74938,31.15,2015-09-17 19:15:12,e3e3cdb0-ae5b-4ab3-9210-1b47fb524867
76.71305,113.723677,31.08,2015-09-17 19:17:43,b1a1bab1-dc48-48df-a8e0-b71679277181
76.717967,113.698123,31.06,2015-09-17 19:20:13,19e5ea14-2eb6-4bd2-ae22-ce6c893800a9
76.72285,113.672595,31.12,2015-09-17 19:22:44,999cd555-ba85-40d1-a454-84a19f994965
76.727783,113.646833,31.42,2015-09-17 19:25:14,05f6898f-7092-420d-a82f-8ade2b892faa
76.732717,113.620703,31.49,2015-09-17 19:27:45,953f33aa-7d9c-4dd2-909d-656ad23f009c
76.73765,113.594337,31.28,2015-09-17 19:30:15,e1e1aee1-5006-43b9-93b2-7c57ca392e35
76.74255,113.568085,31.13,2015-09-17 19:32:46,c24e44d3-b5a6-4147-8048-76dcb3f109b5
76.747417,113.541985,31.11,2015-09-17 19:35:16,6bfa0c5b-8dda-4b9b-93b1-ab13fff5ed32
76.752283,113.515835,31.35,2015-09-17 19:37:46,b3659d98-8869-4acb-991e-b7456f092602
76.7571,113.48998,31.33,2015-09-17 19:40:17,e8773d8f-4a28-4850-93c8-b838aea7878a
76.762017,113.464165,31.21,2015-09-17 19:42:47,ecd91e35-6aa7-413d-8671-61ce96361c95
76.766883,113.43854,31.06,2015-09-17 19:45:18,0ecad130-66ec-498f-bf8d-4d3ec6eb3caa
76.7718,113.413122,30.99,2015-09-17 19:47:48,7830f2fd-b0df-49bc-a388-93051f93e64a
76.776717,113.387937,30.97,2015-09-17 19:50:19,aaf946f0-753d-4025-9a22-affc84e4d8ed
76.781617,113.36282,30.95,2015-09-17 19:52:49,604c0097-7cd2-40a4-ac55-7b87b77e5f0d
76.786483,113.33784,30.94,2015-09-17 19:55:19,09ad801e-76cd-4c4b-abce-50bb7b7b89cf
76.791417,113.312377,30.94,2015-09-17 19:57:49,492e61da-4892-4040-8595-227bacab8afc
76.796267,113.286927,30.93,2015-09-17 20:00:20,2ca63876-522e-4123-b43f-a6084b50bf91
76.801133,113.26143,30.93,2015-09-17 20:02:50,6c17e3dd-69ab-445f-be49-9bf55f34cd67
76.806,113.235455,30.93,2015-09-17 20:05:21,21b4ffce-9adb-4cbe-b6c2-d4d6ab4642e0
76.810817,113.209358,30.93,2015-09-17 20:07:51,56412bee-0172-4e38-96b7-a801170ab81b
76.815683,113.183057,30.9,2015-09-17 20:10:21,f117d534-ab2e-4871-a019-18e67a94e7cd
76.82055,113.15672,30.88,2015-09-17 20:12:52,fb87ceab-a7e1-4eb4-a0b2-6ae71d1a5873
76.825467,113.130288,30.87,2015-09-17 20:15:23,872f0247-efe3-4385-9dae-ce2f13feff31
76.8304,113.103898,30.86,2015-09-17 20:17:53,e6c986bb-0731-486e-b84b-bfb684a1745a
76.83535,113.077602,30.85,2015-09-17 20:20:24,4e1d4594-0433-4c63-ae9c-6610f22b2e6f
76.84035,113.051173,30.84,2015-09-17 20:22:55,101ed8b5-169d-4c4c-96b6-916ff6b54110
76.845233,113.024935,30.83,2015-09-17 20:25:25,02610f3d-bf9a-4f53-a2c2-02f3ca085129
76.85,112.999173,30.83,2015-09-17 20:27:56,93cf7a8b-baf4-42e2-b5e8-18837ba6d0af
76.854783,112.97357,30.84,2015-09-17 20:30:27,484ba315-a4c0-447a-af6f-b9020eb76be9
76.859683,112.948038,30.84,2015-09-17 20:32:57,1ed89bdf-d6a7-4f56-a766-68b40ef2d000
76.864517,112.922637,30.9,2015-09-17 20:35:28,86750392-31e7-4fc9-adbd-bf1ee9ff6df3
76.869383,112.896858,30.94,2015-09-17 20:37:58,21fabfed-3c5b-4273-a503-aec5b7d9043b
76.874267,112.871238,30.94,2015-09-17 20:40:28,18fd9f9e-3a96-4ee0-93df-bea6cb4cf5ad
76.87915,112.845775,30.93,2015-09-17 20:42:59,5a2e7a94-1dfd-48af-b6b2-a0cf3adbccab
76.88405,112.820012,30.94,2015-09-17 20:45:29,b122387e-b154-4728-bc15-c869b976e9fb
76.888867,112.794072,30.92,2015-09-17 20:48:00,7d0e27eb-9685-46b3-994a-0b67bd173cb2
76.8937,112.768093,30.87,2015-09-17 20:50:30,aeaac3ed-924c-4f35-9768-0b99e6b325cf
76.898633,112.741412,30.85,2015-09-17 20:53:00,86c9c8b6-565e-403a-b74b-6b75c70030df
76.903583,112.715075,30.86,2015-09-17 20:55:31,7b25097e-336b-43bd-9d1e-6d7d979a0bbb
76.90855,112.689233,30.91,2015-09-17 20:58:01,cdbfa300-8dd5-46c0-8902-fd6baf0fcf8b
76.913467,112.663133,30.97,2015-09-17 21:00:32,b832f083-6af0-416e-b05b-2a5fef2faf6c
76.918383,112.63668,30.99,2015-09-17 21:03:02,adc46ff3-4502-473a-80c5-3405d3a7b72a
76.923283,112.610228,31.02,2015-09-17 21:05:33,03518036-82e4-4878-9be2-274ac15623ca
76.92825,112.583658,31.01,2015-09-17 21:08:04,1d8fc26d-da33-4ab6-b82e-bbc08191c70d
76.93315,112.557402,31.02,2015-09-17 21:10:34,5fd836f1-c9cf-4993-b8c8-05d3c360fb1c
76.938133,112.530623,31.0,2015-09-17 21:13:05,3be80483-2ece-4a24-a06e-e3ebdaedd65f
76.94305,112.504125,30.98,2015-09-17 21:15:35,b94d94b7-9ea6-4174-87f3-0b9bcedb8549
76.947967,112.477625,30.96,2015-09-17 21:18:06,5c6c9732-c24c-4484-ba0a-ee6d25569e10
76.9529,112.451317,30.96,2015-09-17 21:20:36,0ca025fe-3f34-4d0f-b2f1-0dab41078695
76.957767,112.425038,30.96,2015-09-17 21:23:07,dc175dd6-d64d-4ac6-8bae-8f7b9a8ca9f5
76.962683,112.399063,30.98,2015-09-17 21:25:37,7e7f3fef-ca94-4aa5-9fff-6b689e5983bf
76.967567,112.372905,30.99,2015-09-17 21:28:08,848738e8-a222-4cbe-9d18-3cc1d074a24f
76.972517,112.346332,30.98,2015-09-17 21:30:38,1af572ba-a4f5-43ac-a6b9-4ef9f96c818d
76.9774,112.320128,31.01,2015-09-17 21:33:09,0756ac43-d79a-4c1f-ad3e-34bc734ae651
76.982267,112.293815,30.98,2015-09-17 21:35:40,68f1b54d-6c8b-4c46-b66a-bb9df07757ef
76.987133,112.267388,30.86,2015-09-17 21:38:10,c59c63ac-253a-472d-a23b-acac14703d89
76.992017,112.24118,30.8,2015-09-17 21:40:40,36f12c26-0aed-4ed9-a1cb-abcfb96dd356
76.996883,112.215183,30.76,2015-09-17 21:43:11,95c93e89-8485-4530-8489-1dc22e6ed630
77.001767,112.189387,30.74,2015-09-17 21:45:41,d5a2de41-ec20-4911-9f0c-cb560ad2095a
77.006633,112.163398,30.72,2015-09-17 21:48:12,457bfde6-0d23-4b47-a32f-f81da4ad80ab
77.011483,112.137312,30.71,2015-09-17 21:50:42,9c568d18-d1ac-4f3b-8461-b003b0f625ff
77.01635,112.111033,30.71,2015-09-17 21:53:12,d19d76ff-1d88-40f6-a5ac-94a679edee97
77.021233,112.084685,30.66,2015-09-17 21:55:43,97df5645-89c2-42d2-87a0-89e3224c1ff3
77.026133,112.058205,30.58,2015-09-17 21:58:13,deb4bcdd-0e79-4b4d-8e14-0de597e800dd
77.030983,112.031978,30.55,2015-09-17 22:00:44,08e87db4-c747-4f9a-897d-1894905b2e79
77.03585,112.005503,30.68,2015-09-17 22:03:14,8b1f9df9-dab0-4b0e-b155-4eeb1a445fc2
77.040667,111.979582,30.83,2015-09-17 22:05:45,7de41f8e-b834-4a39-a2ab-7d68979d0418
77.045467,111.95362,30.83,2015-09-17 22:08:15,41d9f2cf-b256-4d5d-926a-938d55e31e56
77.050333,111.927667,30.81,2015-09-17 22:10:45,0b027a9e-691f-42f5-9088-bd9c62db6f88
77.055217,111.901748,30.85,2015-09-17 22:13:16,98fd4213-f84e-4e9f-8d71-22d51a9ec133
77.060117,111.87592,30.9,2015-09-17 22:15:46,13622dfc-f7ca-4c97-8503-86e44ebfaf4f
77.06505,111.850018,30.95,2015-09-17 22:18:16,49f8d770-f9a8-4622-8511-634cf487abd8
77.070117,111.823703,30.95,2015-09-17 22:20:49,fd4a2d72-989b-4c98-9275-35e8d8a204f9
77.075,111.797717,30.97,2015-09-17 22:23:20,059fe896-bafb-4a99-b4d7-3d82adcf0171
77.080017,111.771988,30.98,2015-09-17 22:25:51,5393211d-240c-46f2-acc8-8d06c600ae10
77.085067,111.746407,30.97,2015-09-17 22:28:22,9d7191ee-2a30-42bf-a604-9126d1258b5f
77.090067,111.721103,30.97,2015-09-17 22:30:52,d76daf76-5d9a-43eb-9f76-badd900eddd6
77.094883,111.696573,30.97,2015-09-17 22:33:22,1fc01851-90de-4e73-9f73-f1a5ec1eadf9
77.09935,111.673887,30.96,2015-09-17 22:35:53,533ad41e-995b-4ce4-a6f4-140a4bbab416
77.103383,111.653355,30.96,2015-09-17 22:38:23,bdc80281-094d-4d90-8ac9-b2d0fd8c98d1
77.106833,111.63404,30.94,2015-09-17 22:40:53,f3ed17d1-82c8-4f32-8b3c-a657ba1f67d2
77.110317,111.615102,30.94,2015-09-17 22:43:24,a497ed10-afe4-4180-a037-4872c40f67da
77.1141,111.59506,30.94,2015-09-17 22:45:54,861fb7b3-8c20-4c52-8b0c-572223624869
77.118,111.574313,30.94,2015-09-17 22:48:25,0c39cfb7-c11b-4dc3-b28e-be8d56f88430
77.121933,111.553355,30.93,2015-09-17 22:50:55,b1fa2c9b-8867-4963-90f7-657e86406835
77.125817,111.532417,30.91,2015-09-17 22:53:26,ec7b0a3b-3b09-4322-b304-e63229331dab
77.129667,111.511415,30.92,2015-09-17 22:55:56,7de57b80-436f-4636-ab80-19dbdc09efeb
77.133883,111.488367,30.9,2015-09-17 22:58:42,5032523f-aadb-40e2-8462-98283331bd13
77.140817,111.450622,30.78,2015-09-17 23:03:13,7c38b65f-9aed-4d8a-adf6-d0400c723429
77.144733,111.429883,30.74,2015-09-17 23:05:44,4fc732d8-16be-4ffe-a0df-0578cf97f47b
77.148567,111.409082,30.72,2015-09-17 23:08:14,e2a99ff6-d64d-48ae-a7fc-b86d4ce9c91f
77.152433,111.388153,30.71,2015-09-17 23:10:45,e64b605f-5802-45c4-a6ec-3b13fa3df9be
77.156283,111.367175,30.7,2015-09-17 23:13:15,21898a18-ea12-4bba-8aec-0712efba238f
77.160133,111.345905,30.69,2015-09-17 23:15:46,14f4aa9e-32ac-40c1-af98-eb379f91f451
77.163867,111.324698,30.68,2015-09-17 23:18:16,9ba4b0f1-9684-40af-a6f5-dfb624ade7ae
77.167617,111.303192,30.67,2015-09-17 23:20:47,43c68ee7-3ecd-462b-a268-61a584fdb7fb
77.171183,111.282355,30.67,2015-09-17 23:23:17,8ebb033a-aa1b-42e1-a0a2-bad9e7cfacdb
77.174617,111.262842,30.67,2015-09-17 23:25:48,a0368d00-e25a-43da-8407-8fe7f3077907
77.178017,111.243643,30.65,2015-09-17 23:28:18,d3427f04-67ff-45fd-a81c-69e462c93c44
77.18145,111.22455,30.65,2015-09-17 23:30:49,6c556b81-48d8-4e3a-aca9-a8833eb53f38
77.1848,111.205473,30.68,2015-09-17 23:33:19,8658c874-4cf5-4c3a-bdf9-a68fd80d7789
77.1883,111.185947,30.72,2015-09-17 23:35:50,a9ac414d-a60b-4a68-a198-dae04b2e068c
77.19215,111.164613,30.73,2015-09-17 23:38:20,7d4594b5-93bf-4fea-bd17-73683fccdb83
77.196083,111.143055,30.74,2015-09-17 23:40:50,4c6f9a05-38ca-4b55-bfa6-19da071407cd
77.200183,111.120258,30.76,2015-09-17 23:43:21,031ebdc7-6a6e-400c-bbee-a7bbdae8accf
77.20465,111.095437,30.83,2015-09-17 23:45:51,cb752b82-c8e3-49a1-a92d-f423a6909e94
77.20925,111.069227,30.89,2015-09-17 23:48:22,0c8923ba-cc34-4723-ada9-1a0e82d61dfc
77.21385,111.042695,30.85,2015-09-17 23:50:52,ff2be733-caab-489b-a429-28986ef97092
77.2185,111.01629,30.79,2015-09-17 23:53:23,789cf188-8769-4289-9467-866122f8befd
77.223283,110.989288,30.7,2015-09-17 23:55:53,d6d83499-07d4-402b-8b2f-efd687def49b
77.2281,110.962508,30.64,2015-09-17 23:58:23,984f3fcc-d13d-4e0b-8905-554ce9553ec4
77.232933,110.935785,30.64,2015-09-18 00:00:54,78c5c30f-c6ab-4680-868a-96b207d76348
77.23775,110.909357,30.64,2015-09-18 00:03:24,656a81a7-fbd9-4f70-968f-c00e4a093913
77.242567,110.88288,30.72,2015-09-18 00:05:54,7f7f4869-93af-4397-a069-eea328228e6a
77.24745,110.856385,30.83,2015-09-18 00:08:25,d7805c1a-201a-4747-8358-2b292f3373e5
77.252233,110.829692,30.9,2015-09-18 00:10:55,adedfe0c-29d5-460d-8402-9387329b5d06
77.256983,110.8031,30.92,2015-09-18 00:13:26,6fdfba51-82b4-4d28-bb7e-d23b6e56b6c2
77.2617,110.776638,30.89,2015-09-18 00:15:56,a52bdabc-64d5-47e9-8d36-e70362e07d71
77.266533,110.750372,30.85,2015-09-18 00:18:27,c4ec07af-793e-4bf5-90d6-e076a1a53258
77.31235,110.493892,30.52,2015-09-18 00:42:36,32f5423e-2165-47ce-997b-0659eb635596
77.317,110.466292,30.46,2015-09-18 00:45:07,a85afd27-6da0-4aad-b896-40ff30bbeae7
77.321683,110.438697,30.39,2015-09-18 00:47:38,2264182a-324d-443c-8bba-b470326b5722
77.326333,110.411213,30.34,2015-09-18 00:50:09,1763ddce-3fe5-4133-a9b4-38ae72386c24
77.331,110.383642,30.39,2015-09-18 00:52:39,66947ce4-d270-48d3-be66-944f9c671bec
77.33565,110.356147,30.41,2015-09-18 00:55:10,4b465075-aa42-468b-aa5b-5b52fee74364
77.340317,110.328413,30.36,2015-09-18 00:57:40,a1bddf2e-b783-4b11-9554-63533bb1dcbc
77.347917,110.282865,30.21,2015-09-18 01:01:49,1d23a34f-2def-43e8-9937-af2445a0d0f3
77.352533,110.25553,30.15,2015-09-18 01:04:20,bdffbc56-5027-416a-b017-0e29a46cb53f
77.357167,110.228093,30.17,2015-09-18 01:06:50,ed17d9a3-3c71-446e-ba43-75d1251c0eef
77.3618,110.200938,30.17,2015-09-18 01:09:20,ab69b942-9859-48bf-976f-a265ca90eff0
77.366483,110.17413,30.14,2015-09-18 01:11:51,3e7ab4a8-ad37-4f73-ac4c-a534e76c8dc2
77.371233,110.14792,30.11,2015-09-18 01:14:21,cbf0fc6b-4895-40cd-84c9-ebb5146eeb82
77.376017,110.12183,30.09,2015-09-18 01:16:52,c2df154b-7c9f-4cfb-befb-098d66f8ef3d
77.380867,110.09589,30.09,2015-09-18 01:19:22,274a7453-b4db-4192-8470-dde4c46d2d5b
77.38575,110.070387,30.11,2015-09-18 01:21:53,2034a4c7-d412-4aba-bce9-b6f065d565b0
77.390583,110.04439,30.2,2015-09-18 01:24:23,67080801-d4d3-422d-acfd-01afe9729a37
77.395367,110.018228,30.25,2015-09-18 01:26:54,7e28d4bb-cb52-4ae7-8053-c018c5a64f7c
77.400117,109.992198,30.35,2015-09-18 01:29:25,500db100-4367-4c0d-aa58-c87962dc26d9
77.404867,109.965972,30.5,2015-09-18 01:31:55,7248a7fa-9fe1-4848-80b5-bbc8a0aa83bb
77.409617,109.940245,30.55,2015-09-18 01:34:26,ce685968-d746-462b-8120-3bf60604338e
77.414517,109.915322,30.52,2015-09-18 01:36:57,7bd9213c-6827-45ee-93fe-eefa73aebf66
77.419367,109.890208,30.51,2015-09-18 01:39:27,73d742f3-9c2b-4735-ab11-35bd19b491d8
77.42415,109.865172,30.51,2015-09-18 01:41:58,eb75279a-4ac9-4a53-a5af-ae32f947d30a
77.4289,109.839968,30.46,2015-09-18 01:44:29,cfc5128d-0ea6-451d-bc70-75887c011dbc
77.4337,109.814808,30.44,2015-09-18 01:46:59,fec084ca-2e41-4ce5-a075-7988ad4dafa5
77.438533,109.789418,30.42,2015-09-18 01:49:30,f7a4aaec-e26f-408b-97a2-de22cd22999d
77.443267,109.763993,30.41,2015-09-18 01:52:01,7b15f959-5326-4e45-91ed-963839db86f3
77.44795,109.7389,30.38,2015-09-18 01:54:32,bab0fa6f-826d-4ae0-9cee-2b10c7658a80
77.45275,109.713672,30.34,2015-09-18 01:57:02,aef0e726-6afd-4bcb-8a70-833d921e3104
77.45755,109.688513,30.3,2015-09-18 01:59:33,397c99a2-2d4b-4623-8a49-56ee61899591
77.462267,109.663278,30.31,2015-09-18 02:02:04,6f2dc76d-8929-465b-af0a-e8537a72c10e
77.4669,109.638128,30.31,2015-09-18 02:04:34,22af485b-2d0e-49f7-8985-df78c4681870
77.47155,109.612538,30.29,2015-09-18 02:07:05,6bcb520e-9cf0-43c3-8d21-91c73ea20f1c
77.47625,109.586833,30.26,2015-09-18 02:09:36,56b532a1-8bb1-4667-acf3-bfcfb9ecaf76
77.480917,109.561272,30.18,2015-09-18 02:12:06,ac077190-bfa2-476e-aa93-4ab3482eb1a1
77.48555,109.53555,30.14,2015-09-18 02:14:37,3d528865-8e4a-408d-89b3-d9acd75fff0e
77.490183,109.50973,30.11,2015-09-18 02:17:08,829793f4-8409-4f52-901a-4e08404e1a31
77.494783,109.483957,30.14,2015-09-18 02:19:39,a7b7f2ae-d3c9-426b-8e78-b7568d766ee7
77.499333,109.457827,30.21,2015-09-18 02:22:09,e633d4b1-5dd8-4c21-bb0b-dd047a6159a3
77.50395,109.431458,30.24,2015-09-18 02:24:40,e89b638d-4b24-4d58-9c0c-4d9eaf2b201f
77.508567,109.404867,30.24,2015-09-18 02:27:11,c6107b74-fba9-4f1d-a862-472642262ff5
77.51315,109.378572,30.24,2015-09-18 02:29:41,d10f6bc0-2433-4634-a77b-7c8f20b7b3a9
77.517683,109.352097,30.24,2015-09-18 02:32:12,60553ce7-7697-47e1-9724-0cfd63acbca8
77.522217,109.325997,30.21,2015-09-18 02:34:43,ae3540fb-a1ce-40fb-9389-c3e779bc9090
77.5267,109.300458,30.18,2015-09-18 02:37:13,201b2e2a-d902-4385-9eda-98180b3fe7e8
77.53115,109.274932,30.14,2015-09-18 02:39:44,89bb0151-c6aa-4f70-bc9d-13864a657f34
77.5356,109.249927,30.11,2015-09-18 02:42:15,69ec55be-13ec-4b1e-ab19-53819b0ad0ce
77.540083,109.224475,30.22,2015-09-18 02:44:46,f9de8b11-70a9-4b04-92a1-014450f73342
77.5445,109.198605,30.27,2015-09-18 02:47:16,d7c9a654-1182-484c-87e3-2e8458a12ffd
77.548867,109.172412,30.29,2015-09-18 02:49:47,085cd56a-eb99-44a2-9d52-da3d318b0fd7
77.553233,109.146458,30.33,2015-09-18 02:52:17,ad778aaf-7f1c-43f3-8e06-dc72be646932
77.5577,109.120533,30.36,2015-09-18 02:54:48,3fc48a72-8589-4c3e-b288-7acd1703cce3
77.562183,109.095147,30.38,2015-09-18 02:57:18,a368e226-84ec-4551-ab6a-752fbbb19925
77.5667,109.069587,30.33,2015-09-18 02:59:49,cdf5b296-d124-40e8-96fd-83c075925242
77.571183,109.04405,30.29,2015-09-18 03:02:20,0b8b0a2c-b8dd-4e74-8235-fe1ed363477c
77.608133,108.828662,30.13,2015-09-18 03:23:43,f9f29569-0aa5-4eb2-9b9b-58b869360327
77.6124,108.803573,30.11,2015-09-18 03:26:13,0a36a00f-85de-4b39-9815-b3ba89c92a18
77.6167,108.777992,30.08,2015-09-18 03:28:44,3578d0cc-dee3-4bb2-9b5f-c8d2b770dcb2
77.621117,108.753193,30.06,2015-09-18 03:31:15,090c6c49-d405-4ed5-bc8a-41f792af4982
77.625633,108.728865,30.08,2015-09-18 03:33:46,a40f673f-1d17-4755-8c3c-529f77edcf10
77.630217,108.70468,30.12,2015-09-18 03:36:16,19a43a14-0b1c-45f5-87d3-f306bf8ecaa7
77.634867,108.680175,30.22,2015-09-18 03:38:47,71e949ff-3f70-4da3-a035-ce83c75d1c7d
77.639383,108.655618,30.29,2015-09-18 03:41:18,1e1f3662-ebd6-4a54-82ca-b05b09b2d605
77.643867,108.630603,30.35,2015-09-18 03:43:48,0339fadf-9c55-4e97-8be9-a2f71ea6f633
77.648367,108.606132,30.37,2015-09-18 03:46:19,94650b08-cf49-4051-b26a-bd2bf1f11d95
77.652933,108.581595,30.35,2015-09-18 03:48:49,d0813640-ae75-47fd-8cd4-375c3037d25c
77.65755,108.557057,30.34,2015-09-18 03:51:20,27411f75-9b0f-45c9-9206-60f12f7498ae
77.662167,108.532192,30.29,2015-09-18 03:53:51,07b0105e-f26c-4f5e-a9b7-87c2e0b3ac78
77.6667,108.507107,30.24,2015-09-18 03:56:22,09e84597-b69b-4a28-8777-918cc390faaf
77.671267,108.481878,30.21,2015-09-18 03:58:52,44754e04-92c7-4a18-8d57-36ee59d670c6
77.67585,108.456493,30.17,2015-09-18 04:01:23,82c5faf1-73f2-4ef5-a5e7-0cf6446503b1
77.68025,108.430717,30.12,2015-09-18 04:03:54,97f23b2b-c1ee-4285-aeb8-ca268b2c79e9
77.68475,108.405103,30.07,2015-09-18 04:06:24,8e3cb843-bbd8-47ed-9214-66e848941d3b
77.689233,108.379318,30.06,2015-09-18 04:08:55,026715d4-903f-48c8-bcec-28b82b270778
77.69375,108.353265,30.09,2015-09-18 04:11:25,12e065f7-9f70-40bc-ad7c-10b8fee213af
77.698283,108.32742,30.11,2015-09-18 04:13:56,299d35d3-d545-4d2a-bb32-79464cd9d077
77.702733,108.301933,30.11,2015-09-18 04:16:27,c9dd895e-e5f8-498f-be12-bc580624fdf5
77.70695,108.275762,30.11,2015-09-18 04:18:57,b1f5b406-60a9-4dfe-9e42-4309ff4bd290
77.708817,108.245407,30.08,2015-09-18 04:21:28,492cc62f-9e9f-4075-90ad-e37f700c0b51
77.7105,108.214623,30.05,2015-09-18 04:23:59,78a3fd1e-76ba-45b2-a4b7-9e600a89b9f2
77.711583,108.18347,30.04,2015-09-18 04:26:29,45f07c46-a86c-4b55-b6b1-5c8e271105b2
77.712683,108.15207,30.03,2015-09-18 04:29:00,788896ec-8f87-42a6-9efd-423c2993f35f
77.713767,108.120855,30.06,2015-09-18 04:31:31,4007fa2b-6cc2-4ce5-8700-beb9c1cf8bfa
77.7149,108.089592,30.05,2015-09-18 04:34:01,d0d51c50-c9b3-4982-a4bc-e6f90278f2d9
77.71605,108.058428,30.11,2015-09-18 04:36:32,52ac6d29-5c0b-4bf1-9d09-5ca88eec075c
77.717183,108.026847,30.3,2015-09-18 04:39:02,6d68cd86-9f3d-40cb-af23-dd70246445de
77.739633,107.542547,29.88,2015-09-18 05:17:14,435076ad-ae51-4994-86b2-c9eef8194668
77.741267,107.510332,30.15,2015-09-18 05:19:45,1611a812-b868-42b7-b5f3-d3ac9d02d352
77.7429,107.47794,30.2,2015-09-18 05:22:15,a0a6a59d-64df-487a-8fe5-8cdf3a826b69
77.744517,107.445505,30.25,2015-09-18 05:24:46,4fc9ec53-c7d8-4b9d-9c14-7c5b4aacea98
77.746117,107.41334,30.41,2015-09-18 05:27:17,bfb935ae-b304-4ab3-b7bc-51e40bbf7c99
77.747767,107.381065,30.5,2015-09-18 05:29:47,2f90fe25-f09a-4d33-aa76-46c847a3f83a
77.749433,107.348987,30.54,2015-09-18 05:32:18,29f8d8c2-c49a-4715-9f81-4cefe7c75a56
77.751083,107.31665,30.56,2015-09-18 05:34:49,f65e125b-eb0b-4136-8000-e08009721f27
77.752817,107.284223,30.59,2015-09-18 05:37:20,6de3fb14-0afe-47e5-81ba-4df86da5260e
77.754533,107.252135,30.64,2015-09-18 05:39:50,784bbc2b-71a8-442d-a025-f04fba38cfb8
77.7563,107.219795,30.69,2015-09-18 05:42:21,4e2395e4-db80-43f0-bc1a-db923632f998
77.7581,107.187718,30.65,2015-09-18 05:44:52,dc65286d-5cfb-45cf-aa31-12e7d178ec22
77.75985,107.155888,30.66,2015-09-18 05:47:23,bb091ecc-690b-4d92-952e-20badeec0e9e
77.761683,107.124082,30.58,2015-09-18 05:49:53,b4a13d4a-0b92-4bb2-bbd7-306139571843
77.763583,107.092232,30.5,2015-09-18 05:52:24,3bdb04fa-77a2-4935-8d45-691ce88878d1
77.765533,107.060433,30.46,2015-09-18 05:54:55,5263c447-2e7d-45cf-b6e8-12af3dc9490b
77.767467,107.027372,30.44,2015-09-18 05:57:26,6c64747c-3082-46ae-8908-465326f397f8
77.76935,106.993785,30.43,2015-09-18 05:59:56,112a3f6e-4f26-4727-9d1a-98e84ce91185
77.771233,106.960078,30.43,2015-09-18 06:02:27,a7046e20-5142-4a0d-aa3e-e77c74638106
77.773083,106.926678,30.45,2015-09-18 06:04:58,137dacb4-5d73-4c4b-8401-d519c23ed351
77.77495,106.893572,30.46,2015-09-18 06:07:29,fb3c7987-a7f6-4cc1-8de1-b6a9ab1dde4b
77.776883,106.860842,30.44,2015-09-18 06:10:00,389ea616-1499-4395-9014-a825e952bda2
77.778817,106.828182,30.4,2015-09-18 06:12:30,6647860b-21e4-4199-b13a-f9efe6c32a1d
77.780817,106.795662,30.41,2015-09-18 06:15:01,322d2eca-771a-4329-8608-49f3d9b9d393
77.782767,106.763218,30.39,2015-09-18 06:17:32,e32ee695-bf14-4aff-8603-83a605abd4dc
77.78455,106.730425,30.39,2015-09-18 06:20:03,393d5931-27b2-46c7-8984-165a3ba1653a
77.786133,106.697607,30.39,2015-09-18 06:22:33,12dd67cc-78bb-4b5b-bf3c-7890fcf53b91
77.78765,106.664492,30.37,2015-09-18 06:25:04,c8f56088-97ec-48bf-9b64-cc4d6199ee54
77.789167,106.631228,30.32,2015-09-18 06:27:35,74791b28-b77d-4dca-93b0-f294e7562698
77.790667,106.597935,30.31,2015-09-18 06:30:06,58ba5931-5bf4-4228-9d48-5f4f2bbb737c
77.792083,106.564858,30.29,2015-09-18 06:32:36,709d1f70-4f18-4b85-84c2-d634fc10bd80
77.79345,106.53183,30.28,2015-09-18 06:35:07,040c5b29-5ec0-4eaf-9740-50aeaddc1df4
77.794817,106.498528,30.25,2015-09-18 06:37:37,1a5426f6-5618-4acc-bb59-f3e6cd68e069
77.796117,106.465203,30.23,2015-09-18 06:40:07,2d85466a-44b9-42c2-8635-cd04449aa605
77.797567,106.431377,30.21,2015-09-18 06:42:38,e48e479c-d7ed-4481-a7d7-00efb6b0431d
77.799067,106.397672,30.21,2015-09-18 06:45:08,fe91c3a8-da49-42ef-bd45-73b541b3e5c5
77.800567,106.363832,30.22,2015-09-18 06:47:39,bd4489d9-9e81-4de5-92be-43d4b2169253
77.80205,106.330367,30.22,2015-09-18 06:50:09,0c1e73aa-5cc2-4494-812e-78630084c3de
77.80345,106.296865,30.25,2015-09-18 06:52:40,7b3cbe0e-6a72-4a48-ae4a-de9c18057791
77.8049,106.263225,30.29,2015-09-18 06:55:10,f1265b19-57a2-4a13-a33a-0615f8538154
77.806267,106.22948,30.31,2015-09-18 06:57:41,9d3ef6fc-cbb1-458a-95fe-29d819757cf6
77.8076,106.196075,30.28,2015-09-18 07:00:11,e761133a-4b55-45d0-bc23-a9a810a55850
77.808933,106.162428,30.28,2015-09-18 07:02:42,6c1bf9ef-9732-4856-9d39-37831135fea5
77.810267,106.128767,30.28,2015-09-18 07:05:13,85775e65-61f3-452c-acfc-2848c4048477
77.81165,106.095108,30.32,2015-09-18 07:07:43,a965cf60-9dad-4a13-a2f2-f3d94ee1ff00
77.813217,106.062127,30.34,2015-09-18 07:10:14,4966aa17-fd33-459b-a846-08af910d9a49
77.814767,106.029277,30.3,2015-09-18 07:12:45,3b1e0c7c-f324-4148-9da5-b270fca6ba55
77.816283,105.996358,30.25,2015-09-18 07:15:16,42fc1b14-b5a0-402a-b5e8-c1041b6740f2
77.8178,105.963522,30.24,2015-09-18 07:17:46,135f932f-7ca7-473e-8cbc-6d6c59bbc63d
77.819183,105.930175,30.22,2015-09-18 07:20:17,6c0a175f-19d5-4166-96e6-cfccca5dae0a
77.820533,105.896528,30.21,2015-09-18 07:22:48,0a4a9a53-dad3-4204-ab31-168b9e8f6084
77.821783,105.862768,30.22,2015-09-18 07:25:19,6435b2e1-3ec9-442e-8a19-08835d0f53a9
77.823,105.828925,30.24,2015-09-18 07:27:50,048508a5-afa2-4283-9262-050b29514b58
77.824467,105.795563,30.25,2015-09-18 07:30:20,495b042f-9c4f-432c-adc7-a357b13c1503
77.825983,105.761828,30.24,2015-09-18 07:32:51,d873e225-3c3a-4e34-ae39-2282c2415572
77.827483,105.72788,30.22,2015-09-18 07:35:22,75fc6192-1de2-4a51-b3df-54602f8b503d
77.829033,105.694028,30.22,2015-09-18 07:37:53,eeec9858-9bef-4473-baa1-507d762715dc
77.830567,105.66003,30.2,2015-09-18 07:40:24,010f3837-8359-4803-bb07-b597b56027e3
77.8321,105.626918,30.21,2015-09-18 07:42:55,375f1364-c59b-412d-880d-91de46cde9c4
77.8337,105.593573,30.2,2015-09-18 07:45:25,0b5c3ee6-aa98-4e53-98d7-e99ad7209ddf
77.83525,105.560273,30.15,2015-09-18 07:47:56,b7e4a86c-659d-421b-a120-7e50e0ae6b7b
77.836867,105.527267,30.09,2015-09-18 07:50:26,27ed5b79-61dc-4d0a-9519-45fdf872d23d
77.838583,105.494203,30.05,2015-09-18 07:52:57,332e688c-248a-4345-be45-b1777683e4b8
77.840233,105.461035,30.01,2015-09-18 07:55:27,d8419957-fcef-4ea1-96b7-ade28df3dcdc
77.841867,105.42756,29.99,2015-09-18 07:57:58,a34cc6e7-6812-457e-af4a-7e0e6e389435
77.843517,105.394055,29.99,2015-09-18 08:00:29,6b8902ba-ed2a-4326-8d6d-fc9448893cbe
77.845133,105.360972,30.06,2015-09-18 08:02:59,2eab5d9c-1e9c-442a-98c5-7ce20018f1f0
77.846767,105.327527,30.16,2015-09-18 08:05:30,8a67b69c-ba8f-4862-a799-7a88c307240d
77.84845,105.294125,30.17,2015-09-18 08:08:01,46c9f2ce-87d7-4941-85e8-72037c4e6e95
77.849933,105.261237,30.18,2015-09-18 08:10:31,2b179a68-4486-4c6f-8cd1-41a4c96dac6b
77.851367,105.228152,30.19,2015-09-18 08:13:02,4e3b1f81-73b4-41d0-8099-00c6cf085ef8
77.8529,105.195353,30.21,2015-09-18 08:15:33,3bb954a7-1c40-4bbb-8789-68e4078ffeb6
77.854333,105.162808,30.26,2015-09-18 08:18:04,556406b7-4511-470f-a19a-9b41ff891874
76.25165,90.998112,30.34,2015-09-19 05:17:38,09ec9b93-5ea9-4a33-9d56-0269fc410928
76.2461,90.97612,30.33,2015-09-19 05:20:09,3efb4c13-b9ea-4b11-9115-d35c3adc3fcf
76.240583,90.95438,30.33,2015-09-19 05:22:40,93cc587a-9634-42ca-b47c-01abc2d9d018
76.2351,90.932762,30.29,2015-09-19 05:25:10,8cd06693-a225-4a47-9772-1de373b11a04
76.229633,90.910865,30.29,2015-09-19 05:27:41,edfddf1e-fdb2-4ada-9abe-24fda74e1a25
76.224233,90.888892,30.28,2015-09-19 05:30:12,d3071071-ffcb-44fb-9a8c-3c8b48482242
76.218867,90.867045,30.32,2015-09-19 05:32:42,9beca9a9-69cb-4deb-8189-ab5f5a2e9a39
76.213417,90.845503,30.34,2015-09-19 05:35:13,f0f26159-3240-47ce-ae0f-5346f1b8b1f9
76.208083,90.823882,30.33,2015-09-19 05:37:43,4138d95b-7a6f-456d-b252-64f6f195f193
76.20275,90.80146,30.31,2015-09-19 05:40:14,98ccb276-b694-488a-8b3b-c4bdf289a881
76.19745,90.779095,30.29,2015-09-19 05:42:44,6cc9f064-85a5-407c-af92-95d2266afbff
76.192183,90.756648,30.28,2015-09-19 05:45:14,805a8eed-5a3b-45c1-a775-512bcc15f49c
76.186867,90.734108,30.29,2015-09-19 05:47:45,7a96ec09-76dd-45bb-bbac-7662e1aa4911
76.1815,90.71155,30.27,2015-09-19 05:50:16,da21772e-4e61-4a13-816c-4b76fb73e720
76.176183,90.689277,30.27,2015-09-19 05:52:46,b2767e73-d5db-448c-a1eb-7df05998eacc
76.170817,90.667,30.27,2015-09-19 05:55:17,3cfa44ae-fadd-41fb-8ea7-53db00424dce
76.165467,90.644467,30.28,2015-09-19 05:57:47,1617a795-3292-4a9b-9c28-09c33c888bc2
76.160167,90.622088,30.33,2015-09-19 06:00:18,c599f2e2-f09d-4616-ae52-61316aec44ec
76.154733,90.599418,30.32,2015-09-19 06:02:48,b7c2c5c3-e822-4384-8afc-26d724086ead
76.149267,90.577,30.35,2015-09-19 06:05:19,332ba22f-7ae2-4578-9c23-c282af3ece5c
76.143717,90.554787,30.33,2015-09-19 06:07:49,e8ad0e13-8ede-46d2-8059-a2bc0e018f3d
76.138133,90.53238,30.28,2015-09-19 06:10:20,56e60399-a24f-4550-bba8-0a10428c8517
76.132567,90.510143,30.28,2015-09-19 06:12:50,6d6145af-78bd-4dcd-a22f-515a2e94d2d4
76.12705,90.488053,30.26,2015-09-19 06:15:21,b53bbd83-67a8-4c68-902f-e1c172b9b9b5
76.121533,90.465945,30.24,2015-09-19 06:17:52,b63927a3-2e11-42ea-a750-828e5b07d69d
76.11605,90.443815,30.25,2015-09-19 06:20:22,a4b5bf2f-9d36-4387-8ee2-c6e56663c462
76.110633,90.421845,30.26,2015-09-19 06:22:53,023c31fe-e244-4364-adf1-554b280950e3
76.105183,90.399707,30.25,2015-09-19 06:25:24,64379eec-9af6-489b-9df6-ab4e222e4eb8
76.099817,90.377562,30.24,2015-09-19 06:27:54,7c1769b3-17cc-46b5-91d2-f543e7dcca76
76.0944,90.355543,30.22,2015-09-19 06:30:25,6953bfcf-f84a-4161-bce4-bd2964a2fa40
76.089067,90.333667,30.25,2015-09-19 06:32:55,eacbcd8b-6881-4fd6-a048-496b3a35ce85
76.083667,90.311568,30.24,2015-09-19 06:35:26,bcd2ec5a-10c8-4dea-a792-20e6ab6a7763
76.078267,90.289515,30.24,2015-09-19 06:37:57,372ca287-d0c8-42eb-a6dd-0b2f5a13c8d3
76.07295,90.267387,30.24,2015-09-19 06:40:27,e1825c75-16b3-419a-8a08-4d90deffcafe
76.0676,90.24495,30.26,2015-09-19 06:42:58,09b41446-2a74-42ab-bd1a-af018f31e533
76.0623,90.222585,30.22,2015-09-19 06:45:28,af0d05c3-6c9d-464a-ac93-692fcba49453
76.057017,90.200343,30.21,2015-09-19 06:47:59,348e0ea0-5048-4e15-a367-53d1c7ac535f
76.051717,90.178035,30.21,2015-09-19 06:50:29,efc6b8a1-9812-4054-9072-cbfb3047dbe9
76.0464,90.15602,30.23,2015-09-19 06:53:00,64e54667-2e5a-4924-a6c2-2f98f4b6381d
76.041033,90.133767,30.24,2015-09-19 06:55:31,490747f4-5f71-4318-a7a3-4b67cc0c1388
76.03565,90.111562,30.27,2015-09-19 06:58:02,6ef48db0-24d6-4882-93a1-fb8e1dfec458
76.0303,90.089147,30.25,2015-09-19 07:00:32,4f20e692-f33d-4a73-afa4-8463062afaa3
76.0249,90.06638,30.25,2015-09-19 07:03:03,3c63b3af-0b2e-4cdf-870f-b32bf6f00cfc
76.019583,90.04359,30.24,2015-09-19 07:05:33,cc2c5f1d-73c7-430a-b368-70567a8786f8
76.01425,90.020615,30.35,2015-09-19 07:08:04,255e30a3-39b0-41b8-a6bb-74c0838c0c63
76.009033,89.997893,30.52,2015-09-19 07:10:34,cb9615f9-e362-4dd7-a1d8-483012e6c3e1
76.00375,89.975333,30.57,2015-09-19 07:13:05,0698a21c-d030-4678-b016-6832ef0d76c0
75.998367,89.953562,30.51,2015-09-19 07:15:36,696652ca-04c3-495c-b442-482da7eba5b4
75.992917,89.931965,30.44,2015-09-19 07:18:07,41f8ab65-a8d5-452c-a8c4-54b76eec91e6
75.987483,89.910717,30.36,2015-09-19 07:20:37,8b6d8e93-9665-4cb7-bba8-d92c11f0440d
75.98195,89.889355,30.3,2015-09-19 07:23:08,0d9e9ed6-c37f-44c4-852b-0e4b59a803d9
75.97645,89.867643,30.3,2015-09-19 07:25:39,53c39125-5f6c-4f36-b8e1-6a4d9ed59c62
75.971033,89.845728,30.47,2015-09-19 07:28:09,07efa277-578a-41e2-a836-bd9cd8b58ca9
75.965567,89.823412,30.62,2015-09-19 07:30:40,759f15e4-0144-4a67-aca1-4686d2d42b1c
75.960217,89.801233,30.76,2015-09-19 07:33:10,53dbb29c-2aa6-42f9-9902-6cfb16f08e40
75.954883,89.778893,30.8,2015-09-19 07:35:41,a42bbfb4-dba8-46bf-b113-a0df4290b51b
75.949567,89.756637,30.82,2015-09-19 07:38:11,d1e44977-7a8d-47af-888b-2976233698b1
75.944117,89.734228,30.81,2015-09-19 07:40:42,5a3136a0-424d-49ee-a008-38f5d1f98e77
75.938583,89.712008,30.87,2015-09-19 07:43:12,5790653c-2d0a-4ade-be8b-3b930c0be7a3
75.933083,89.689632,30.95,2015-09-19 07:45:43,ced9cbef-d7d3-46c4-860f-95a1f99eb2f6
75.927583,89.667458,30.93,2015-09-19 07:48:14,1da56de0-d657-4e12-88d5-46e6ac7cc6ad
75.922067,89.645292,30.96,2015-09-19 07:50:45,d139dcf3-8f29-4311-bb03-dc1eb1b283ae
75.916617,89.623023,30.98,2015-09-19 07:53:15,14d61c0f-3de5-4123-89f1-e732baa5ed72
75.9111,89.600882,30.94,2015-09-19 07:55:45,f81e7111-13fe-4382-86cd-292cea2cb60c
75.905633,89.578757,30.76,2015-09-19 07:58:16,0249e37d-97ec-44f2-82c4-c4889f6191cd
75.9002,89.556135,30.63,2015-09-19 08:00:47,5e23b0f9-08f9-463a-8cf3-f908e4d875b8
75.895133,89.534947,30.62,2015-09-19 08:03:18,87915e11-5b6a-4338-9287-faed8d97d433
75.8912,89.518317,30.63,2015-09-19 08:05:48,5fb9f3d5-d8e9-4da4-813c-88db1043dd05
75.8889,89.509538,30.66,2015-09-19 08:08:19,4b674e39-1899-4442-ad43-437449d26687
75.8968,89.533418,30.65,2015-09-19 10:12:23,d5b4d7db-47db-4143-a11f-1f941b11616a
75.902567,89.518355,30.69,2015-09-19 10:14:54,468ca76d-07fa-4a84-a2c2-ade33927d255
75.9084,89.50378,30.67,2015-09-19 10:17:24,c3a5fad4-1423-4d73-9882-71c679d203cd
75.914467,89.490295,30.65,2015-09-19 10:19:55,b4bf094b-c338-4e59-a0f3-e02f6702203d
75.920467,89.476705,30.63,2015-09-19 10:22:26,8ddf070b-e045-43e4-befd-8fd43845b289
75.9265,89.46309,30.65,2015-09-19 10:24:57,28b7af0b-c74d-40cd-b58a-b51f875f7bd3
75.932633,89.449813,30.65,2015-09-19 10:27:27,d0282418-b337-4efa-9e90-05ee2825cf74
75.9388,89.43757,30.68,2015-09-19 10:29:58,20bdeb43-81e5-4a68-8a85-ca67daed3d6f
75.945033,89.425818,30.68,2015-09-19 10:32:28,f474ad1f-8a61-42a2-b515-3a91abd34b0c
75.951417,89.415643,30.69,2015-09-19 10:34:59,010d9611-6abc-44a5-9af3-426a2dc1d6d1
75.957733,89.405092,30.7,2015-09-19 10:37:30,e05c1aee-0fc9-4ba9-85ac-85ad5b1141b2
75.9641,89.394387,30.7,2015-09-19 10:40:00,e97698c5-96e4-4980-8f4e-7cb3a1ad0d00
75.970517,89.384372,30.71,2015-09-19 10:42:31,beb62109-b31c-441a-90bf-149fc2a388f2
75.9769,89.374253,30.67,2015-09-19 10:45:02,3488dd2d-f5db-4296-82cb-1771a2a28dbd
75.983333,89.364287,30.52,2015-09-19 10:47:32,bac4433a-918e-4dd2-b7a2-12755df196f8
75.9898,89.354573,30.44,2015-09-19 10:50:02,1e3ed1a3-74d0-4e18-a77f-3bdc397756cf
75.996333,89.344955,30.32,2015-09-19 10:52:34,4d575c67-c503-402c-b08d-3a1e52047be8
76.002917,89.335247,30.28,2015-09-19 10:55:05,a7de8d45-8f86-45f8-9007-4630b0af349e
76.00945,89.325628,30.19,2015-09-19 10:57:36,a90f50eb-3f4c-4e26-ad8c-d5faa19e4ec6
76.015933,89.31618,30.12,2015-09-19 11:00:06,a3ac03b7-c80f-4a11-ad55-97d064fbba52
76.02245,89.306705,30.02,2015-09-19 11:02:38,2b34d547-fc35-44d0-9a34-3c6d95120db9
76.028983,89.297015,29.98,2015-09-19 11:05:08,c4bc6cff-b664-4ee0-908a-7ed4e01bd165
76.035483,89.287563,29.97,2015-09-19 11:07:39,df84cf5e-f714-420b-b641-0f4966e34e55
76.042083,89.277678,30.0,2015-09-19 11:10:09,88215ef1-3480-4f26-b138-7a383c18d032
76.0486,89.267822,30.05,2015-09-19 11:12:40,b7a4fe31-d5ab-4ef6-9c8e-835965d1290f
76.055167,89.257767,30.08,2015-09-19 11:15:10,4cc9fc91-5a2f-4982-b680-25e4b5adefe8
76.0618,89.24749,30.09,2015-09-19 11:17:42,ead220a9-cbd0-4307-b2aa-bb5c0be7b708
76.068333,89.237385,30.11,2015-09-19 11:20:13,1c6cc921-8c09-49db-bc9f-e494578d1612
76.0745,89.227897,30.12,2015-09-19 11:22:43,3cd6827c-ac6c-4b7d-9689-35cc7ecab585
76.079483,89.220397,30.11,2015-09-19 11:25:14,a4db636c-cd1a-46d2-91cc-6af9145b39b5
76.082883,89.21541,30.12,2015-09-19 11:27:45,a2928793-d04a-4b4f-9907-4c900d9239ed
76.0868,89.211575,30.15,2015-09-19 11:39:18,2c33ab24-b699-4546-8211-f0b1009371b4
76.089517,89.205543,30.15,2015-09-19 11:41:49,c12ad3c1-549d-4874-b347-670606738cf5
76.09415,89.198815,30.15,2015-09-19 11:44:19,20d77a46-da9b-49f6-9a84-8091eaf1f9f8
76.099517,89.190608,30.18,2015-09-19 11:46:50,611cb676-23a3-4133-b143-5daedcf35b7c
76.105667,89.181088,30.15,2015-09-19 11:49:20,4d4140ed-87db-4022-a0b7-ee1acc46d0db
76.112067,89.170923,30.14,2015-09-19 11:51:51,3eca7e8b-9cde-47a6-b9f0-9e2a15fc5aa3
76.118467,89.16127,30.08,2015-09-19 11:54:22,7696844e-df7c-45e7-b48c-4fe721b0a24f
76.124967,89.151397,29.93,2015-09-19 11:56:53,9261b65a-f058-4994-82bc-074c3f1fe91b
76.13155,89.14146,29.87,2015-09-19 11:59:23,2f8fca7d-2a58-4865-b1be-95951a570c27
76.1381,89.131415,29.89,2015-09-19 12:01:53,7d658f4c-20b2-4df1-984c-1c54b1e75903
76.144633,89.120965,29.99,2015-09-19 12:04:24,dd35d326-4152-401c-b75f-8a14ce173c40
76.151167,89.111042,29.79,2015-09-19 12:06:55,217618ff-6ab3-4100-9446-d078e82cde07
76.15765,89.101765,29.62,2015-09-19 12:09:26,408bf420-31e4-43ee-b0cf-b91ebca2ad5e
76.16415,89.092632,29.46,2015-09-19 12:11:56,336b8fd7-4a25-470f-abde-924d4b50274d
76.170617,89.082357,29.41,2015-09-19 12:14:28,a1622e18-8c2c-41c4-98ba-7c57bcb57886
76.176967,89.071853,29.43,2015-09-19 12:16:59,2a4e06ae-3cdf-476d-9cf9-e509996947db
76.18335,89.061147,29.48,2015-09-19 12:19:29,6f90ece7-3cb1-4388-be63-362b5141d1a2
76.189683,89.050558,29.46,2015-09-19 12:21:59,c6603acb-79a4-444d-a5d5-99142a2e5572
76.19605,89.04011,29.47,2015-09-19 12:24:30,0eb98546-66b0-493d-a16c-291b4b3068e6
76.20245,89.029825,29.49,2015-09-19 12:27:00,a04c61ad-598f-46a2-b1a5-2012f0d43828
76.20885,89.019765,29.5,2015-09-19 12:29:30,b2a76acb-8367-40aa-8337-6c94249a8798
76.215383,89.009757,29.52,2015-09-19 12:32:02,70f5e5fb-a0fb-4a74-bb2c-ae43e72e3eba
76.2219,88.999538,29.5,2015-09-19 12:34:32,aceecd19-e596-4acf-8ce5-653dfc849a72
76.228383,88.98928,29.55,2015-09-19 12:37:03,c946db3c-98ab-42bc-a3a1-4c7522f776e4
76.234933,88.979125,29.57,2015-09-19 12:39:33,dfb3ef31-a770-4734-97c1-31c6369f2b6e
76.241417,88.969057,29.53,2015-09-19 12:42:03,e8bc6a2a-1809-4150-853c-0e74ae6a3301
76.247933,88.958912,29.53,2015-09-19 12:44:34,b3d22f16-4fb6-4cb2-a1a2-5c55bb8cf041
76.25435,88.948917,29.57,2015-09-19 12:47:04,c86f318f-7b7c-4027-9282-e5b70ca5812a
76.260767,88.938765,29.73,2015-09-19 12:49:35,96f58a82-28d4-4bf5-9b5c-3a3f01fd51e9
76.267217,88.928257,29.73,2015-09-19 12:52:06,416f9e4e-cb82-425b-a801-1b771b2d9608
76.2737,88.919065,29.71,2015-09-19 12:54:37,bd97f03b-6520-4781-8243-b781c471113c
76.280067,88.91018,29.67,2015-09-19 12:57:08,18ee4e58-4e80-4c06-a31e-a7d90b758b69
76.286567,88.901377,29.64,2015-09-19 12:59:38,1a2c9767-5ec8-48f5-a56a-1c536801b795
76.293033,88.892687,29.59,2015-09-19 13:02:09,ec81b69c-be4f-446d-8774-cd1f76d1b2cb
76.29945,88.883067,29.55,2015-09-19 13:04:39,be549934-20db-4c02-b4a3-f09c4b3f6eee
76.305567,88.870697,29.53,2015-09-19 13:07:10,bbcfc202-ddcb-4e62-b5ca-e714a49056b9
76.31145,88.857593,29.53,2015-09-19 13:09:40,18a01300-f28e-4c4d-8d85-acfc36436b6e
76.316633,88.846668,29.57,2015-09-19 13:12:11,835130be-efea-4ba2-a678-fa35146fd279
76.321283,88.836783,29.59,2015-09-19 13:14:41,65e728ad-663b-4e1a-a721-b52f27351b6d
76.32575,88.828247,29.64,2015-09-19 13:17:12,8ca950bb-920f-4932-ae23-9ffd66eefcbf
76.32925,88.821517,29.86,2015-09-19 13:19:42,a3d00a65-73f3-41ec-9c66-1ea1d88f9906
76.333433,88.85344,29.91,2015-09-19 14:28:35,f7059cd9-178f-4676-af37-bc58d817540b
76.331417,88.850132,29.95,2015-09-19 14:33:06,8620dd2c-bbab-4507-9fae-ba39e6f0930f
76.333417,88.843708,29.97,2015-09-19 14:35:36,0b9b3d1a-f1e4-4838-9085-d1d56077f951
76.337817,88.837345,29.99,2015-09-19 14:38:07,09f32056-0f89-4ee1-ac21-cbee7fcdb0f7
76.343467,88.829,29.87,2015-09-19 14:40:37,3dda8c8e-93e3-4757-b46f-ae3ab74efba4
76.349583,88.819767,29.88,2015-09-19 14:43:08,215abc2d-9409-492c-b1c2-d70f7ee65f3e
76.3557,88.810395,29.8,2015-09-19 14:45:39,a5d6c699-d26c-4673-a2ab-b2629d02163b
76.36185,88.800603,29.72,2015-09-19 14:48:10,6ecbe7e9-41d8-4ab3-93b5-55327c635e63
76.368183,88.790455,29.74,2015-09-19 14:50:40,8871eea1-2816-42bc-8369-b9e57b341f97
76.37465,88.78033,29.81,2015-09-19 14:53:11,35dbdbd1-9f1c-4a9a-b840-de831c95c301
76.381117,88.769395,29.81,2015-09-19 14:55:42,b8270c92-50b8-4ec7-845d-19d6fade36bf
76.387383,88.758722,29.84,2015-09-19 14:58:12,1403218c-457d-409e-b69d-a83352a91688
76.393733,88.747668,29.79,2015-09-19 15:00:43,af9e01f0-3073-43b5-8059-f850b27e77ce
76.400083,88.736752,29.74,2015-09-19 15:03:14,bbca2b9a-6542-4106-828a-bd80df00f800
76.406417,88.725693,29.78,2015-09-19 15:05:45,ac0b0475-75d4-459f-a974-b0ce16b2cb73
76.412617,88.714492,29.97,2015-09-19 15:08:15,ed02b20e-d59d-4348-8eb8-0f9c36ea28b7
76.4188,88.702847,30.01,2015-09-19 15:10:46,84b77ccd-193b-4e28-a95f-e32016b78260
76.4249,88.691007,29.83,2015-09-19 15:13:16,f03ce3a7-260d-48c1-8e0a-a475fd5eb5a4
76.43105,88.678827,29.76,2015-09-19 15:15:47,46326925-0e2b-4daf-b704-6920ec5b2aac
76.437267,88.666695,29.7,2015-09-19 15:18:18,adcd8446-8bcf-4316-aa28-a3d70f2a65ab
76.4434,88.65496,29.67,2015-09-19 15:20:48,fae45d6a-925e-4cad-954d-586f5cca4a3d
76.449633,88.643662,29.69,2015-09-19 15:23:18,d686bc3e-43a1-41d3-9092-79faa075f632
76.455933,88.632408,29.68,2015-09-19 15:25:50,2347234a-eede-46d4-afb7-7232f8f5b6b5
76.462267,88.62126,29.68,2015-09-19 15:28:21,5468f151-ca07-43cf-bb21-f48cac06c69d
76.4687,88.61012,29.67,2015-09-19 15:30:53,b0520931-a436-4378-93c8-6c4122fcea11
76.475067,88.599162,29.65,2015-09-19 15:33:23,8c1a1dd4-edf9-4412-9d20-5f48976a40a1
76.481467,88.588687,29.6,2015-09-19 15:35:54,9aecee9e-0b25-4dac-a694-2ff8b5ce81e9
76.48785,88.57816,29.52,2015-09-19 15:38:25,51f7dbe3-729a-40e0-a13e-3adaabf21691
76.494317,88.568627,29.51,2015-09-19 15:40:56,2810d382-5b6c-4821-b765-62444ce1ed18
76.500733,88.559125,29.51,2015-09-19 15:43:27,1a8e0e2b-2739-4f5e-953a-c948227d6484
76.50715,88.54955,29.52,2015-09-19 15:45:58,e7c4e07c-764b-4a5f-9787-b08a938cae8c
76.513533,88.53993,29.53,2015-09-19 15:48:28,8bf134a1-4a20-486d-8f54-1692ff567c78
76.519933,88.530192,29.56,2015-09-19 15:50:59,5eb2a09e-bc35-4f73-b7b1-3d91cd86e1c0
76.526267,88.52026,29.56,2015-09-19 15:53:30,0400c7bd-f9c5-4fe2-879b-d68e40fbeabe
76.532517,88.510392,29.61,2015-09-19 15:56:00,7e647198-25a9-4d0a-9a7e-36d9c1d9c881
76.538833,88.50007,29.64,2015-09-19 15:58:31,9f9bae73-f97b-4346-9398-e8b4e7047d24
76.54515,88.489642,29.65,2015-09-19 16:01:01,d4b5ce1c-9982-45e1-9e62-f03f242532d7
76.5515,88.479245,29.68,2015-09-19 16:03:31,ea1ce867-1092-4ada-9e30-0f1444dd26b2
76.55795,88.468528,29.7,2015-09-19 16:06:02,7b7c6fb2-dcd0-46f3-b216-80eebdc71fb9
76.564383,88.458307,29.67,2015-09-19 16:08:32,6c2cd277-0ebf-4d3c-8c1c-e9ee42a54514
76.569533,88.45142,29.64,2015-09-19 16:11:03,e350f8f3-0888-4f0d-8777-67b28f7c15bb
76.573733,88.445705,29.65,2015-09-19 16:13:33,efbb1a21-da25-4478-aa21-05d9dd3da4fb
76.577783,88.440297,29.62,2015-09-19 16:16:04,82964fe7-05e7-4b5e-853d-61434213773e
76.5809,88.436328,29.62,2015-09-19 16:18:35,024a09b3-1f8d-4e29-b2c6-2837598704c6
76.58495,88.434707,29.63,2015-09-19 16:32:40,bb41c965-6882-48a7-91ad-72aed92808f0
76.588467,88.4287,29.62,2015-09-19 16:35:10,7d53b4f5-0e53-462e-bb24-22ee81c86b55
76.592967,88.420482,29.62,2015-09-19 16:37:41,2ccb382a-be16-4d28-9ba7-0030251a540d
76.598367,88.413062,29.62,2015-09-19 16:40:12,179322bf-f076-4781-824b-d7e51c7914e2
76.6042,88.4052,29.64,2015-09-19 16:42:43,f619f6e9-1c52-481a-9a0e-501ef922b2a2
76.610433,88.396403,29.64,2015-09-19 16:45:13,3eee7aa9-6ede-4224-8978-2931f423481b
76.61675,88.387222,29.66,2015-09-19 16:47:44,197991ce-dc99-47d0-b64e-2f9ed3e1b295
76.623233,88.377677,29.66,2015-09-19 16:50:15,b07226a4-7480-4ad1-96eb-5d50e1704b8c
76.6297,88.368367,29.67,2015-09-19 16:52:46,a16697d2-4840-46cc-baa1-7894589d1f82
76.636133,88.358365,29.6,2015-09-19 16:55:17,d5b281aa-fff9-4c0e-bae6-b5f18e2602c6
76.642517,88.34877,29.53,2015-09-19 16:57:47,cd810a29-f070-4618-bb3f-30aa7e3262ff
76.64875,88.338558,29.56,2015-09-19 17:00:18,9aa735c9-c4e4-4e60-a820-4ed24f3a7e8e
76.654967,88.32763,29.51,2015-09-19 17:02:49,27303a18-20b3-4d17-8c4d-928219b64123
76.661183,88.316723,29.55,2015-09-19 17:05:20,52c22d2e-f857-4956-8ec1-58d8a6794257
76.667333,88.305833,29.55,2015-09-19 17:07:50,6a6718b4-3655-491a-bbe3-318ceab51c8b
76.673517,88.294702,29.5,2015-09-19 17:10:20,8ceb2728-c5b1-449e-9908-3cacd625af31
76.679567,88.28364,29.36,2015-09-19 17:12:51,5df59a4d-0261-4ea2-bc5e-6072139ebd5f
76.68575,88.272502,29.3,2015-09-19 17:15:21,0630a5f7-6e71-40a5-bc7b-37e369154c04
76.691933,88.262022,29.25,2015-09-19 17:17:52,00234efe-128b-460f-bb39-65d38a1d119e
76.69825,88.251917,29.3,2015-09-19 17:20:22,5c9c91bb-132f-49f0-99a7-2fa613ea1226
76.704667,88.241762,29.32,2015-09-19 17:22:52,ef7b5423-bd8a-42ac-84fd-a13a1ed986fc
76.71115,88.23173,29.28,2015-09-19 17:25:23,7ec7c501-0b22-41e2-949c-2d52aa21e9f5
76.7176,88.221072,29.29,2015-09-19 17:27:53,83b234b6-778b-4bf6-8408-a40f313e3619
76.724033,88.21039,29.27,2015-09-19 17:30:25,1e4788e3-028f-4a1c-95ab-9d470dcbdc45
76.730533,88.199913,29.24,2015-09-19 17:32:55,06687a19-3e5e-4b3e-ad0b-5500137d012b
76.736967,88.189505,29.27,2015-09-19 17:35:26,05f2389b-0e8f-416d-a85c-a8db04cbc92a
76.7434,88.179275,29.29,2015-09-19 17:37:57,6f5d0a7d-7fa7-443d-a489-58601dd74fe8
76.75025,88.168822,29.31,2015-09-19 17:40:43,f92955a0-50f9-4b03-ba76-8b27c1d196d5
76.756467,88.159577,29.32,2015-09-19 17:43:13,7cffe129-a244-4e72-9828-0452d1af4c90
76.762567,88.150498,29.35,2015-09-19 17:45:44,6851b6ea-3d98-4e0c-a4e1-9e5ce1f15645
76.768817,88.141153,29.34,2015-09-19 17:48:14,0b369b77-3f25-484d-9e5d-cc0aeb4e2b94
76.7749,88.131977,29.33,2015-09-19 17:50:45,61795ae1-7303-44e3-b015-d12e29103b5f
76.7811,88.122845,29.32,2015-09-19 17:53:16,04e816af-3648-4475-8e05-5dfd261ff777
76.78735,88.11386,29.31,2015-09-19 17:55:47,18adecb8-f087-40d8-b733-0b6ded62b1d0
76.79355,88.105003,29.35,2015-09-19 17:58:17,151aa159-6259-4844-ae7e-382f5764adfa
76.799833,88.095962,29.38,2015-09-19 18:00:48,27dafcd8-4358-41c9-a66e-cc61c400c7fb
76.80615,88.08691,29.41,2015-09-19 18:03:19,24070b07-50ba-4709-8f1f-0afda175804d
76.812433,88.07732,29.43,2015-09-19 18:05:49,e6e736e5-2a0c-4e1f-b59a-5b4153981cd5
76.818617,88.067592,29.44,2015-09-19 18:08:20,9c00c2df-75f2-49b1-a888-9d39aab62bc7
76.824817,88.057818,29.44,2015-09-19 18:10:51,59ee400c-20d6-4473-a412-e347c64cf3b7
76.831083,88.04819,29.42,2015-09-19 18:13:22,1933de67-e9e8-4ee2-b769-f3289f5f8cad
76.8373,88.038493,29.39,2015-09-19 18:15:52,a0fcc4ec-70da-4cbe-b477-8430d3fadacc
76.843483,88.0288,29.29,2015-09-19 18:18:23,6e50ae0a-6219-46e3-95a1-7451203c3019
76.849617,88.018822,29.17,2015-09-19 18:20:54,a6048933-0d2e-44fe-80ee-46102efc57d3
76.85575,88.008768,28.87,2015-09-19 18:23:25,b1d67806-1238-4ebe-9e24-f5dc696ca0ea
76.86195,87.999033,28.72,2015-09-19 18:25:55,ef04f146-0356-48f4-8f12-703ae49a3663
76.868117,87.989337,28.61,2015-09-19 18:28:26,f082fba2-8992-4104-96e0-0ee35da5e393
76.8743,87.979835,28.47,2015-09-19 18:30:56,61164783-d572-4302-b3bb-c19bd7fade72
76.880433,87.970412,28.34,2015-09-19 18:33:27,d3ced89a-b6f5-4d0f-b20a-3595a754b3ce
76.88665,87.960958,28.38,2015-09-19 18:35:58,b50f82a8-de24-4b84-8547-9e8130956f5f
76.892867,87.951722,28.52,2015-09-19 18:38:29,3fdc2b65-9aaf-49de-9dff-308619929b95
76.898967,87.942348,28.53,2015-09-19 18:41:00,2b52db8c-803f-4c3b-b5fd-006ff8fdfeb1
76.905033,87.932603,27.9,2015-09-19 18:43:31,bdd581e3-29e3-4f49-bfa4-a57da406afaa
76.911133,87.922435,27.24,2015-09-19 18:46:02,9c6d7e63-b64f-4746-bdb8-87ef56ca8967
76.917233,87.912255,26.62,2015-09-19 18:48:32,e428e725-7dfd-4f67-9a84-5088f5203b59
76.923317,87.90196,26.04,2015-09-19 18:51:04,e9772d2f-d3da-4b86-8382-7c400e4f05c6
76.929383,87.891453,25.59,2015-09-19 18:53:35,c29dd0c0-b025-4898-b7d2-a9f7d1aa4434
76.9354,87.881022,25.27,2015-09-19 18:56:06,0025fa73-e5ee-413a-8fae-05abb9503e9e
76.941367,87.872032,25.07,2015-09-19 18:58:37,114138d4-e6d9-485a-9046-272045751567
76.947317,87.862822,24.85,2015-09-19 19:01:08,c4542baa-6f78-4a6d-a216-81203845ac37
76.953183,87.853685,24.68,2015-09-19 19:03:39,e9ef9ac0-0b29-44be-8066-9189ccc7dcec
76.9587,87.84491,24.54,2015-09-19 19:06:10,dd9c5a5e-ca85-4cd3-b310-ff7c5d2bcb0e
76.963467,87.837235,24.42,2015-09-19 19:08:41,bc0aeabf-a335-460e-821c-f122e2686b63
76.966617,87.83514,24.54,2015-09-19 19:11:12,ac6b7211-acdc-49af-9e32-626bfe1fb4ca
78.015217,87.605063,20.63,2015-09-20 19:05:08,1fb5f0c2-67e3-4ce4-9b9d-99845ec0f20c
78.014867,87.612842,24.35,2015-09-20 19:07:38,664d432a-3ef5-4c74-a826-f84619cb5f23
78.013383,87.610827,23.85,2015-09-20 19:10:09,e9f59f87-352c-48eb-9394-36a810d734aa
78.0142,87.600782,23.69,2015-09-20 19:12:40,7837717f-8d2f-4310-8769-4092adf608cf
78.019683,87.606203,23.64,2015-09-20 19:15:11,50d5f306-d04d-4ad0-9417-6067e3e0ff76
78.026567,87.61239,23.73,2015-09-20 19:17:42,b462a7c9-9db2-4a40-95cb-35dd6aa5a4bd
78.033817,87.619297,23.96,2015-09-20 19:20:13,935d78d9-1dcf-4525-9d92-3f8dadbcd5f2
78.04105,87.62612,24.06,2015-09-20 19:22:44,930664c1-d9be-4130-9b05-1df6b8643c70
78.04835,87.633172,24.07,2015-09-20 19:25:15,022aed9c-40d6-4033-867d-e7cbefe234f7
78.05565,87.639447,24.39,2015-09-20 19:27:45,fcf0f281-0e53-4f90-b445-ebe00acec04a
78.063,87.645538,25.15,2015-09-20 19:30:16,36bc7b4b-ab4b-41ad-af63-d021c23cf793
78.070417,87.651497,25.6,2015-09-20 19:32:47,20aeae07-f9ca-462d-91dc-2134f0aa8448
78.077817,87.657302,25.95,2015-09-20 19:35:17,6479e02d-52a6-4c8b-9336-120cb8cfeede
78.08525,87.663138,26.65,2015-09-20 19:37:48,849f437b-1337-4a7c-a97a-b46edfdb379a
78.092617,87.668348,26.72,2015-09-20 19:40:19,8d535beb-2d9d-4909-ad04-3ab61ba6ee83
78.10005,87.673688,26.43,2015-09-20 19:42:49,b57a00de-fe0a-456e-99e6-59f3c145fb51
78.107467,87.678737,26.24,2015-09-20 19:45:20,7808afa8-287f-473c-a8a0-667fb83e0eea
78.114933,87.684272,26.2,2015-09-20 19:47:50,01f46b00-919a-412b-bf1e-a2dbde3855d3
78.1223,87.69001,26.15,2015-09-20 19:50:21,6557c2ca-9d76-4f94-b707-3663615742e5
78.129717,87.695523,26.1,2015-09-20 19:52:52,8d8ce647-782b-46a4-bf21-39817604c822
78.137133,87.700978,26.21,2015-09-20 19:55:22,c094d6a6-079d-46d5-858a-02b5e8a7a54f
78.144517,87.706508,26.25,2015-09-20 19:57:53,5253848b-de54-4e5e-bac3-07feeb9e12a9
78.151967,87.711905,26.23,2015-09-20 20:00:24,d61d2e4c-1e34-446e-a097-178a36acb989
78.15945,87.717305,26.18,2015-09-20 20:02:55,ea690637-99db-4d88-8845-bce2f2adaf49
78.166867,87.72313,26.03,2015-09-20 20:05:26,84d229fe-3524-4e5d-9fbd-6b799d4e3034
78.1743,87.728818,25.97,2015-09-20 20:07:56,347981b4-7a20-45a5-9e32-503b8a02a8a2
78.181733,87.734512,25.93,2015-09-20 20:10:27,d897ea37-8e89-49ad-ac83-1519083bb88d
78.189083,87.740035,25.95,2015-09-20 20:12:58,25e9d5a1-baeb-48d9-b04f-f6fb1a735086
78.1965,87.745628,25.92,2015-09-20 20:15:29,902c8016-a441-4c55-9c42-fc095b6e6168
78.203833,87.75123,25.87,2015-09-20 20:17:59,33886066-9124-4464-a56e-30efa1dce119
78.211217,87.75695,25.86,2015-09-20 20:20:30,d34f0916-783a-4e34-ab56-d99bd4f0988d
78.218533,87.762522,25.86,2015-09-20 20:23:01,db1d3f14-c28f-412e-ae07-1e2726e4259a
78.225883,87.768537,25.89,2015-09-20 20:25:32,b97f307e-2010-44aa-8737-94a05cfdb538
78.233267,87.774592,25.94,2015-09-20 20:28:02,6343ab04-d4d1-466b-98e8-480013a31912
78.240633,87.780618,26.04,2015-09-20 20:30:33,3e28c8b8-3ef2-4254-b6e8-5ea1341dfcfc
78.248067,87.786597,26.16,2015-09-20 20:33:04,0ac01920-3562-4671-b599-9102adcad3d0
78.25535,87.792697,26.27,2015-09-20 20:35:35,c03e30e5-3363-4bbd-90e0-831b22cc334a
78.262733,87.798555,26.53,2015-09-20 20:38:05,1f13d5b1-0a72-4c66-a55d-a9fe294e5205
78.2701,87.804585,26.63,2015-09-20 20:40:36,34f0e078-0de5-4fb7-8d87-396a5ee83d96
78.277433,87.810002,26.99,2015-09-20 20:43:07,bd5b3ffa-9381-4d95-a6a8-7a7478056dfe
78.28475,87.81556,27.01,2015-09-20 20:45:38,ae230e39-d300-4304-be0f-8ef66ae9a096
78.292083,87.821332,26.92,2015-09-20 20:48:08,fd58a7db-9058-4ab6-bed5-9fa65796b42d
78.299417,87.827328,26.88,2015-09-20 20:50:39,098dbb9d-b327-4828-af12-54ee3b8eae51
78.306667,87.833362,26.83,2015-09-20 20:53:09,be9fc7f6-722e-4589-8d23-4f93a1532977
78.313933,87.839542,26.83,2015-09-20 20:55:40,3d3570d0-2177-466d-b00a-2cc25642d03f
78.321233,87.845162,26.89,2015-09-20 20:58:11,d5a0dd49-fa09-4756-89da-7b13be3eb35e
78.328467,87.850668,26.84,2015-09-20 21:00:41,f3aa4551-cbec-4241-8f71-3eda5ef21e6a
78.3358,87.856375,26.74,2015-09-20 21:03:12,ce6090b9-48bd-4f22-adb0-dc6308aca8d9
78.343117,87.862247,26.74,2015-09-20 21:05:43,2a7e9435-5fef-4061-be68-fc627fc5ae85
78.350433,87.868057,26.8,2015-09-20 21:08:13,86eb1a2a-b51c-482a-a9e2-f49dd8233f2d
78.357617,87.873878,26.86,2015-09-20 21:10:44,0f6d49c1-906b-48bc-995b-f90ed28546e1
78.364767,87.87966,26.88,2015-09-20 21:13:15,611d3e68-0bf0-4b6a-a617-0b677111d186
78.371867,87.885437,26.84,2015-09-20 21:15:46,6edaeae6-14db-4770-a9a7-41aca8e8aeb5
78.379,87.891557,26.84,2015-09-20 21:18:16,6f873b96-dd54-4dd8-8486-817380cd7a05
78.386133,87.8975,26.83,2015-09-20 21:20:47,0511edd4-ffc8-4d99-a679-0e243953bc2c
78.393217,87.903478,26.83,2015-09-20 21:23:18,a4aa36ba-6623-4626-9af0-d90cd496b84e
78.4002,87.90951,26.83,2015-09-20 21:25:49,f0ecb6ab-65a4-4349-81bd-511b66ab445f
78.407117,87.915405,26.8,2015-09-20 21:28:19,e1985c67-f845-4aa2-9a58-97f394de41c6
78.414,87.920972,26.8,2015-09-20 21:30:50,b27fe767-0e12-4aad-82bb-fcbf9486b1b4
78.42095,87.926335,26.78,2015-09-20 21:33:20,b4de4b8f-4bb1-4e1b-93b3-ba7ce9bcdd12
78.42795,87.931847,26.8,2015-09-20 21:35:51,e1d9a39c-b5a2-4d43-a221-4689e81bb886
78.434967,87.937525,26.81,2015-09-20 21:38:21,5abd32b9-9faa-4baf-af26-5aa61394b369
78.441933,87.943305,26.8,2015-09-20 21:40:52,3ee72ae9-245e-46e1-9817-53b0e28672aa
78.44885,87.94909,26.8,2015-09-20 21:43:23,e13ff1e4-ba0f-44f1-b077-c14215c1c63d
78.4558,87.954758,26.79,2015-09-20 21:45:53,1e3aa4da-6941-4d60-af53-f85fada2855f
78.462767,87.960102,26.77,2015-09-20 21:48:24,80341ed4-daab-4548-90c0-2939f11578be
78.46975,87.965667,26.8,2015-09-20 21:50:55,883d0b5a-730d-4cc0-a96c-fc4368c091ac
78.4767,87.971005,26.79,2015-09-20 21:53:26,d4e6f8b6-d6ba-4e0a-ac0c-4ca1a61b6e3d
78.483767,87.976723,26.76,2015-09-20 21:55:56,cc72a575-e604-4d5e-b54d-ac8c88234f2f
78.490817,87.982582,26.72,2015-09-20 21:58:27,179a5534-5a8a-458d-be98-a094d5a8fce7
78.49785,87.988535,26.69,2015-09-20 22:00:58,7ffb5117-613c-4740-b55b-81d9e4cc7593
78.504867,87.994413,26.68,2015-09-20 22:03:28,651f0d2b-6f7c-4ead-aaaf-6274e5d6eb78
78.511933,88.000533,26.65,2015-09-20 22:05:59,e72d8cf7-8fee-434c-b327-f9bbf8b0dd33
78.518967,88.006953,26.67,2015-09-20 22:08:30,a18923f7-cdd3-404a-b687-57946af2f930
78.525967,88.013242,26.69,2015-09-20 22:11:01,249cc43f-8f89-4436-98a8-339467a9a20c
78.533,88.019057,26.65,2015-09-20 22:13:32,cf1209dd-b6fb-46c8-a25d-60fb3d383872
78.539967,88.025158,26.64,2015-09-20 22:16:02,fff36833-2744-48c7-9a6a-717b704ad9f1
78.546883,88.031388,26.65,2015-09-20 22:18:33,46b67108-f8c4-45ab-b2c2-30184264ff01
78.553867,88.037527,26.69,2015-09-20 22:21:04,40b6ac06-999c-4518-8c4c-29e2e9cb467f
78.560767,88.043703,26.72,2015-09-20 22:23:35,0d321816-f0a9-4f8e-9211-ee90476a13b7
78.56765,88.049958,26.74,2015-09-20 22:26:05,f7018818-b0c2-4583-b795-b5b278a5a182
78.575233,88.057103,26.72,2015-09-20 22:28:51,4c0e47fa-a80e-41eb-b381-c03db8e07934
78.582183,88.063638,26.77,2015-09-20 22:31:22,32f904f2-9a10-46c1-b496-2839e76b413c
78.588817,88.070162,26.8,2015-09-20 22:33:52,c2c4c3fa-7283-4158-92e7-b7beffe894c0
78.594633,88.071143,26.78,2015-09-20 22:36:24,41534e4a-b5a4-42ec-ae45-6e019e0d0b1f
78.598417,88.070363,26.82,2015-09-20 22:38:54,c413ae8f-19d0-4d9c-8d19-ac029086ad12
78.607,88.057737,26.92,2015-09-21 03:24:01,00bbd9af-1ff8-4dc3-9df3-d9bc1e7a3c81
78.610867,88.056002,26.91,2015-09-21 03:26:31,62d36e65-deaf-498c-b074-b0d97a262e6f
78.615933,88.053142,26.89,2015-09-21 03:29:02,9a481465-6f7f-4612-91b0-f3eceb3f6747
78.621767,88.049813,27.17,2015-09-21 03:31:33,0c20406f-526f-48d4-9606-828755906d47
78.64325,88.034923,27.13,2015-09-21 03:39:47,7baad45c-057a-486f-84a4-6d08034a1295
78.64985,88.029978,27.17,2015-09-21 03:42:17,4eab5669-b758-4318-95bd-808f100f3193
78.6564,88.025745,27.22,2015-09-21 03:44:48,3a712b8e-ee68-424f-a7b0-46bcf96f7703
78.663067,88.022388,27.21,2015-09-21 03:47:19,e5054b51-73f6-4935-8cec-bfb6b53029ed
78.6697,88.019117,27.16,2015-09-21 03:49:50,4aed69f7-8485-4a20-913c-a42e49e33550
78.67635,88.015725,27.12,2015-09-21 03:52:21,6482e1b3-e365-40bd-b74c-4d060503430b
78.683017,88.012263,27.05,2015-09-21 03:54:51,f87fb108-2ef3-4e88-8705-ae68d4bff354
78.68965,88.0081,27.02,2015-09-21 03:57:22,0f2f5b2f-e895-4f02-8b65-05b12264e6e1
78.696317,88.00406,26.98,2015-09-21 03:59:53,423fd801-dad2-4808-baa1-8a16ca3ddfc5
78.70295,87.999847,26.95,2015-09-21 04:02:24,b9d26da9-c1c0-4fee-9447-cd29e7d3fde0
78.709633,87.995378,26.97,2015-09-21 04:04:55,8bb4c349-1192-4ae5-b860-2a95f8d79d28
78.71635,87.99092,26.98,2015-09-21 04:07:25,c2e77d00-d542-47e1-b34c-f6474bb43fa5
78.723083,87.98649,26.95,2015-09-21 04:09:56,eea4de97-ae4a-419b-acf0-8204bb5323e0
78.729733,87.982008,26.92,2015-09-21 04:12:27,067e44bb-7e3b-48f5-a9f5-315baf32a060
78.73645,87.977512,26.92,2015-09-21 04:14:58,b3b10d4c-8130-4e0a-be0e-ea57cc1bcf6f
78.743167,87.973063,26.9,2015-09-21 04:17:28,cf1d0434-e01c-4026-950f-98fd9bdea9e1
78.74985,87.968407,26.9,2015-09-21 04:19:59,dda5b8d2-3592-4fb6-b374-65ec2dd1c525
78.756533,87.96362,26.9,2015-09-21 04:22:30,bafefa39-2186-40d8-88a0-663c18285651
78.763317,87.959207,26.95,2015-09-21 04:25:01,02992131-4d06-4a93-91ce-fe81a07ba42f
78.770117,87.954678,26.96,2015-09-21 04:27:31,bb0f0b8c-3459-4060-bd34-fc7fab673fc6
78.776967,87.950032,26.95,2015-09-21 04:30:02,e60bcf73-0e14-46e1-a184-389662d90f4c
78.783833,87.9452,26.99,2015-09-21 04:32:33,4c0d9671-5f7a-40e4-9870-abd4d90fd1ac
78.7907,87.939827,27.05,2015-09-21 04:35:04,84d0824e-ea59-4e17-b662-83ba30bf3ab3
78.797483,87.934733,27.01,2015-09-21 04:37:35,57d7c9e9-b9c9-447d-979a-24f9d967edaf
78.804317,87.929293,26.98,2015-09-21 04:40:06,6a0b1c10-e104-4497-aa4f-4738ccfc2c28
78.811017,87.924002,26.95,2015-09-21 04:42:37,35cdec16-1318-472f-8359-80f0fdce7705
78.8178,87.918725,26.93,2015-09-21 04:45:07,39161a35-8e93-4ac7-aaec-7b4a19700fbc
78.824567,87.915197,26.92,2015-09-21 04:47:38,14ec7f90-8523-4528-bc5b-9ab571ce2a0d
78.831367,87.91154,26.95,2015-09-21 04:50:09,8078e4c1-49cd-4ca5-ba33-e9e72b8eff88
78.83815,87.908208,26.95,2015-09-21 04:52:40,ea4a8ba3-12b2-4a34-9266-4e8793165d00
78.84505,87.904883,26.98,2015-09-21 04:55:11,2e099b7f-e3b3-45f0-8c2d-592811a6e0c3
78.851967,87.901652,26.93,2015-09-21 04:57:41,36a537a3-f8af-4fc2-8ec4-558d5a07ced1
78.859,87.898318,26.92,2015-09-21 05:00:12,cb57b87e-dc0c-4227-ad06-87edb88f3766
78.866,87.89501,26.93,2015-09-21 05:02:43,144d5bb6-56c4-4f17-a450-ca919daeb5e2
78.873017,87.89179,27.15,2015-09-21 05:05:14,8c56d13d-e4e8-4490-bb41-7ca072d15e9f
78.87995,87.887835,27.52,2015-09-21 05:07:45,75dad31d-5300-4a60-92d7-cee8a8e7cc72
78.886817,87.884273,27.49,2015-09-21 05:10:15,3c4caa9f-7183-433e-b394-63fc282923a8
78.8937,87.88077,27.41,2015-09-21 05:12:46,fb4e8ed4-1855-4327-acd2-35f41f11a8e5
78.900567,87.877288,27.32,2015-09-21 05:15:17,75bcabe6-1fb9-4d5d-b585-99b6e51f0419
78.907517,87.873612,27.27,2015-09-21 05:17:48,5494a56a-9af8-4648-9a8c-90b56bf14e14
78.9144,87.870077,27.24,2015-09-21 05:20:18,4810a022-1b97-4d9e-8b9c-06bcb6585ed3
78.921383,87.86647,27.24,2015-09-21 05:22:49,279728bd-2145-4149-a09d-21a177db3437
78.9283,87.862667,27.29,2015-09-21 05:25:20,851a376b-1684-415c-a215-70f8be66ad8a
78.935267,87.858493,27.39,2015-09-21 05:27:51,424e1278-4eb5-4217-a49f-88e9bd4ea037
78.9421,87.852985,27.68,2015-09-21 05:30:21,7e78490e-be7c-410c-af3e-3100eb9bdf73
78.948833,87.847592,27.7,2015-09-21 05:32:52,7e9283c9-d7e0-43bf-adfa-06e8b1095cc0
78.9556,87.841988,27.74,2015-09-21 05:35:23,d67209ae-3967-4a24-99e2-fb8314b70f88
78.962283,87.836098,27.75,2015-09-21 05:37:54,78d15bd2-9fdc-4ec4-be94-0c118847484d
78.968967,87.830245,27.74,2015-09-21 05:40:24,28ec9910-da7a-4b8e-ac72-f5695d8b3535
78.975667,87.824357,27.69,2015-09-21 05:42:55,48c9669a-2cb8-481e-9272-ce7b130810b7
78.9823,87.819093,27.61,2015-09-21 05:45:26,6a61548b-0298-42df-ac87-b67e984cfd9d
78.989067,87.814427,27.44,2015-09-21 05:47:57,fce1e75a-da7e-4218-9875-52501aca8300
78.995783,87.809247,27.35,2015-09-21 05:50:28,378703d5-1709-4a9b-b10a-e7a393f184ba
79.0025,87.80415,27.26,2015-09-21 05:52:58,3d734dfb-609c-4b6a-9939-b4629ab294d7
79.009233,87.79896,27.2,2015-09-21 05:55:29,b52975bf-8a43-471a-ba07-06e29bf502d2
79.015983,87.793827,27.09,2015-09-21 05:58:00,c6fc0c2d-7a62-4da2-9402-866a33035e0b
79.0227,87.789518,26.98,2015-09-21 06:00:31,73178e12-67e1-4437-aab9-11dd9e289095
79.029483,87.785557,26.94,2015-09-21 06:03:01,e729acfd-03be-4e89-ac74-c4163270e1e6
79.036317,87.780807,26.93,2015-09-21 06:05:32,fa1d4341-4d1e-498c-a697-66e05ad1dcad
79.043117,87.77676,26.95,2015-09-21 06:08:03,044d7235-0e71-47bb-99b8-463a295ee803
79.050017,87.772483,26.96,2015-09-21 06:10:33,09b8e1f6-231b-4923-a56c-17d7b35ea890
79.056917,87.768537,27.01,2015-09-21 06:13:04,a61f2a04-a1de-41ec-bff8-ca1fc48da0e2
79.063817,87.764488,27.03,2015-09-21 06:15:35,dbb26981-4d5e-4bdb-b25f-2b143781ad21
79.0708,87.760398,27.09,2015-09-21 06:18:05,5c540200-1c1d-400b-8003-538f0c53c63c
79.077817,87.756227,27.13,2015-09-21 06:20:36,b869b89a-f38f-4507-b68b-5f7a6913bed8
79.084767,87.752095,27.09,2015-09-21 06:23:06,09230af5-09bb-4f65-aba4-169fcbb4e0e6
79.091733,87.747727,27.06,2015-09-21 06:25:37,bf3242de-9d8a-4c46-8c63-09c5d0d53222
79.098717,87.743507,27.01,2015-09-21 06:28:08,b139e335-8fc1-4845-8b10-3e3056b2c910
79.105683,87.739367,27.06,2015-09-21 06:30:38,c5425443-2f9f-4862-94aa-4eec92f088de
79.1126,87.735435,27.13,2015-09-21 06:33:09,17f1e9e3-82fc-4e18-a7e7-e8f96d213831
79.119483,87.731512,27.14,2015-09-21 06:35:40,5bc4fdec-b167-46ad-b989-1a3358841ff7
79.12635,87.72739,27.03,2015-09-21 06:38:10,2045c866-5401-41fe-8e38-a7fa6fdf02d7
79.133183,87.722972,26.99,2015-09-21 06:40:41,0ac720cc-63a2-418f-a6fd-839e4019ca8a
79.14,87.718092,27.09,2015-09-21 06:43:12,2c130110-b259-43a8-94a6-83ceeb22f031
79.14675,87.713425,27.11,2015-09-21 06:45:43,330c6bad-83b9-4347-8c52-fb5f62a2c2e2
79.153567,87.708987,27.17,2015-09-21 06:48:13,0bfdef16-06b1-4a7a-be17-9d262d9d999e
79.161033,87.703497,27.18,2015-09-21 06:50:59,33aeac4f-a83d-4dbc-8276-14cb3a78e86f
79.167817,87.698858,27.09,2015-09-21 06:53:30,e1db4764-b096-4edd-9580-05fde6ecea81
79.174567,87.694362,27.03,2015-09-21 06:56:01,347e7479-b2c9-4703-9f59-51d79abeb047
79.18135,87.689907,26.98,2015-09-21 06:58:31,dc024c49-4c56-4503-a7c5-af0c5ea8e741
79.1883,87.68518,26.96,2015-09-21 07:01:02,0b31e1b6-b200-4161-95c1-42836e8623dd
79.1953,87.680485,26.94,2015-09-21 07:03:32,f8927616-8f89-4972-b455-90e892bd2ece
79.202333,87.67597,26.93,2015-09-21 07:06:03,49c70325-06c4-47a1-b3c2-a3d2f3adc67c
79.20935,87.67183,27.0,2015-09-21 07:08:34,91e9ffbb-6625-4939-87a0-bc33f9176433
79.21635,87.66772,27.15,2015-09-21 07:11:05,c70f3aea-3765-42f5-88eb-fb08149a4455
79.223417,87.663232,27.24,2015-09-21 07:13:35,bd5e9f6f-0358-41fa-818b-78b7a591eda5
79.230483,87.658917,27.22,2015-09-21 07:16:06,31abb802-e74a-46fb-8d47-04cded07b161
79.237583,87.654268,27.21,2015-09-21 07:18:37,9b273a4f-17a7-4105-bc39-2a74038cb937
79.244567,87.649803,27.21,2015-09-21 07:21:07,4e457d98-61d6-4bff-a17d-585d38f06329
79.251533,87.646078,27.21,2015-09-21 07:23:38,26387ef2-0b65-4949-8692-4473e160cfeb
79.2576,87.642965,27.2,2015-09-21 07:26:09,d21a73e8-e75b-4302-88de-3559e1760b77
79.2625,87.64109,27.21,2015-09-21 07:28:40,760c3f4d-a520-4354-bcfa-7d5568d8301d
79.26605,87.637218,27.27,2015-09-21 07:31:11,dde3b52a-a7ef-4a58-82ac-08ff789d2c29
79.286483,87.541748,27.39,2015-09-21 13:41:37,3c9ce0b9-dd5c-4775-b382-c91ddab4096d
79.293033,87.5241,27.34,2015-09-21 13:44:08,e5929f5c-bdec-4f4f-a224-5a47b60fec7d
79.299533,87.506833,27.46,2015-09-21 13:46:38,46191291-f620-4a5b-bfb3-832cce2189d3
79.305983,87.489237,27.52,2015-09-21 13:49:09,69656c1a-0e3f-4317-88f0-a34021a9885b
79.31255,87.471882,27.51,2015-09-21 13:51:39,ad105d17-e9d3-4bfe-a37c-2b4021fc1bb3
79.319033,87.454523,27.61,2015-09-21 13:54:10,244701e3-f4d7-47ab-afc8-1bcdb2e03981
79.32555,87.436377,27.76,2015-09-21 13:56:41,745088a5-3aec-467b-8b42-b48c7ab223dd
79.332083,87.418013,27.76,2015-09-21 13:59:11,01a85c11-71d7-456e-9d5f-8835d4f279b4
79.338617,87.399233,27.77,2015-09-21 14:01:42,bf3b3b20-1c7a-4453-82d9-8761e147d2a9
79.345117,87.380792,27.61,2015-09-21 14:04:13,65a06ab3-0885-43c2-8eb4-8d1f027cc1dd
79.35165,87.362532,27.54,2015-09-21 14:06:44,a875ecc6-6ad8-4db0-84f6-721a4f4f3c8e
79.35825,87.344052,27.51,2015-09-21 14:09:15,f6a94987-fb69-4769-813f-7f9dba721bab
79.364867,87.325753,27.47,2015-09-21 14:11:45,4bc23c76-c8b5-4843-b2a0-799f48fc8d6c
79.37145,87.307777,27.42,2015-09-21 14:14:16,3490c75f-85cf-4f73-9dea-02b841f70a99
79.378033,87.289788,27.41,2015-09-21 14:16:46,754aa859-9438-486b-9ee4-22d0b4fa26fc
79.384517,87.271885,27.41,2015-09-21 14:19:17,0e0f7d05-73ab-45bf-9f4a-f29b88a4aacd
79.390983,87.25287,27.36,2015-09-21 14:21:47,8959fed3-60b1-411d-a192-599773d4be4d
79.397467,87.234517,27.3,2015-09-21 14:24:18,d4b64187-e215-4427-b439-4b52b077ad94
79.403983,87.216063,27.3,2015-09-21 14:26:49,470c2d08-5b29-4972-ae0e-e107391241ba
79.410517,87.197605,27.27,2015-09-21 14:29:20,f9d50a2e-7612-4c71-b8cc-dce8dce24139
79.41705,87.179488,27.25,2015-09-21 14:31:51,2701361d-a94a-4bae-be31-e441a3bdd462
79.423633,87.161732,27.29,2015-09-21 14:34:22,c0687e93-2275-4815-ac0f-491413c3d0b9
79.430217,87.14372,27.3,2015-09-21 14:36:53,67a67662-9c3c-4ff1-bd0b-0a4ba16d1bd4
79.4368,87.125655,27.33,2015-09-21 14:39:23,541b58f7-034c-493d-b9c5-0b5f6f2bed5c
79.4434,87.10764,27.34,2015-09-21 14:41:54,bcfb43bb-62e7-43ad-9e7d-538fbe0f8f3e
79.450017,87.08982,27.38,2015-09-21 14:44:25,468b2cf4-a375-494f-934d-06d814efe6bc
79.4566,87.071652,27.47,2015-09-21 14:46:56,111d50a3-76fc-4e41-8b8b-b4da310ec9f7
79.463217,87.05364,27.47,2015-09-21 14:49:27,a3cf65ea-d89b-442a-87eb-eaa498bbe0bc
79.46985,87.035342,27.53,2015-09-21 14:51:57,c00f8167-72b8-4259-9177-4a4ea0d9774b
79.47635,87.01708,27.47,2015-09-21 14:54:28,7a4ed8fa-0cab-4ed6-828d-c26549191ecf
79.482917,86.998623,27.43,2015-09-21 14:57:00,69c14525-92b6-4601-9716-ac961388eb89
79.489483,86.980393,27.38,2015-09-21 14:59:30,b86adb4e-d83d-4392-92fa-7135db750686
79.49605,86.962047,27.37,2015-09-21 15:02:01,a28bbeb5-9744-435a-84d9-ecd666bf5953
79.50255,86.943868,27.35,2015-09-21 15:04:32,72e7f8ef-db8e-4d9c-ac4e-b19931cf08ab
79.509133,86.925933,27.35,2015-09-21 15:07:03,e9c69d26-c80f-41cd-bcef-30aee489bbf7
79.515717,86.907645,27.32,2015-09-21 15:09:34,071eeca6-498a-4f85-8da9-6ef36115ea58
79.52235,86.889375,27.29,2015-09-21 15:12:04,cdf28f0d-89a6-4ab6-a71a-b7433683172d
79.529367,86.869892,27.31,2015-09-21 15:14:50,7e38a570-cbb6-4500-9ee6-0c36d848f8f8
79.535867,86.852032,27.31,2015-09-21 15:17:20,93e762e1-06b9-4150-890b-117edbccca1b
79.5421,86.834783,27.28,2015-09-21 15:19:51,0df400ab-d56a-4ba8-998f-b55195f16eaa
79.54815,86.818482,27.27,2015-09-21 15:22:22,92ae2d59-8a1d-4c30-afda-caeca5f5450d
79.554067,86.802405,27.27,2015-09-21 15:24:52,dd5aff99-c60a-4bf8-89c5-1228d4b26537
79.56,86.786367,27.28,2015-09-21 15:27:23,a812fe9a-3ffc-4ec6-a0be-832cc7cdddb1
79.5659,86.770092,27.26,2015-09-21 15:29:54,7ad2d26a-17d9-43f7-847f-fb94f4ff04e3
79.57175,86.753713,27.24,2015-09-21 15:32:25,501b20c1-0f36-48c8-b251-1c7992a30cf5
79.57745,86.73785,27.22,2015-09-21 15:34:55,e839e955-2f5f-456a-95e7-e55f735fee37
79.5831,86.7223,27.23,2015-09-21 15:37:26,43c6ac5c-c1fd-4c22-988f-87e61c6aaee7
79.588583,86.706425,27.19,2015-09-21 15:39:56,d2de0552-368a-405d-9da0-cffa142f7928
79.5941,86.690802,27.16,2015-09-21 15:42:27,27b39d98-73d1-4a58-b97d-f25eda041a02
79.599567,86.675215,27.16,2015-09-21 15:44:58,f9c863e6-5c94-4662-b7fb-ae96d2ccd0a6
79.605083,86.659635,27.15,2015-09-21 15:47:28,22b57e9f-ae1c-48ac-8e82-076ba8cb92c4
79.610633,86.644187,27.16,2015-09-21 15:49:59,dd140f46-71d5-4683-bb37-f207648375de
79.616117,86.628802,27.15,2015-09-21 15:52:30,605da472-9851-4bee-acff-b23bfbb66be3
79.6216,86.613345,27.18,2015-09-21 15:55:00,0b7ad6d9-2d32-42d0-b247-807f50aaa1cd
79.6271,86.597852,27.18,2015-09-21 15:57:31,73a1e48f-f0a8-4bbf-8e3d-38eccbcc7dd0
79.632633,86.582407,27.3,2015-09-21 16:00:02,1cb2f9e1-00b6-4ee8-a107-75828ce81f87
79.638133,86.566563,27.62,2015-09-21 16:02:32,af320b5b-e5eb-4795-a960-7710e05c90f0
79.6436,86.551153,27.88,2015-09-21 16:05:03,48a857da-b518-430f-9647-e608b3141def
79.6491,86.53574,28.15,2015-09-21 16:07:33,4bd9bbac-b332-4826-9e0c-a1a0299a86c4
79.65455,86.520268,28.2,2015-09-21 16:10:04,42f46947-dd07-42d4-8150-40bb66bb1540
79.660017,86.504937,28.17,2015-09-21 16:12:35,41274d48-55b5-42c4-a225-23f91f228b2d
79.665467,86.48978,28.15,2015-09-21 16:15:06,832df9a9-60dd-438d-b5ba-423feb8c9701
79.671033,86.474088,28.19,2015-09-21 16:17:37,e1b1bb42-262b-40f3-bb1d-a87e938799f4
79.676667,86.458258,28.24,2015-09-21 16:20:07,b4d3caaa-9b9f-4cff-b7f0-372f9a129488
79.68225,86.442367,28.29,2015-09-21 16:22:38,c9dd56e8-f018-479a-be94-396f814200ca
79.687767,86.426457,28.27,2015-09-21 16:25:09,c5488b2b-f821-4016-9e10-dde6198b299e
79.693317,86.410543,28.09,2015-09-21 16:27:40,11919e89-c7a6-455b-845f-8e6a5527d8be
79.698867,86.394847,28.04,2015-09-21 16:30:10,8eb27117-9e25-428e-a836-74d0a3cc1c4d
79.7045,86.379353,27.99,2015-09-21 16:32:41,dfb11e32-d574-4a25-99a4-c8700a1ed1bb
79.710133,86.363998,27.91,2015-09-21 16:35:12,ba2adcd2-18de-4f16-88b8-db5a157d0a5f
79.715817,86.348787,27.91,2015-09-21 16:37:43,b797ef07-492a-4790-ad8b-93cd4c06d3f2
79.7215,86.334102,27.89,2015-09-21 16:40:14,ba8a5d10-07db-4755-b9ca-f77db6fb3fcd
79.72725,86.319318,27.87,2015-09-21 16:42:44,daa19cef-8505-442e-939c-d16d0dcca961
79.733067,86.304375,27.87,2015-09-21 16:45:15,d6442a4d-8cd3-4d22-896d-fd278e74efaf
79.73895,86.289565,27.92,2015-09-21 16:47:46,1f5f7d13-c755-4be0-bb26-79b7ad0e290d
79.744683,86.273633,27.94,2015-09-21 16:50:17,89d49c05-636a-4aff-b8fe-8a594ee2f412
79.7504,86.256898,27.95,2015-09-21 16:52:47,7dc40ef9-64de-4348-a0b7-0fdbf72187ed
79.756117,86.239725,27.93,2015-09-21 16:55:18,5041b637-4a2e-4c2c-9af2-f977e73e5d9c
79.761867,86.222557,27.89,2015-09-21 16:57:49,664280fc-1dc6-4d67-9676-f3f51c0886af
79.767617,86.20563,27.88,2015-09-21 17:00:20,84774f7a-f9da-40dd-8a94-b9105d52cd8b
79.773333,86.188892,27.87,2015-09-21 17:02:51,3096b73e-a44d-4a01-8a32-4b27d85a0647
79.779083,86.171968,27.92,2015-09-21 17:05:22,5bcc6c75-3bbe-47ba-b315-f2b0571fd0db
79.7848,86.155218,27.92,2015-09-21 17:07:53,c4c4d4f1-da0f-493b-81a3-57e8396b27e7
79.79055,86.13868,27.9,2015-09-21 17:10:23,06ca11a3-735c-419c-8262-d2680903aabc
79.7963,86.122072,27.89,2015-09-21 17:12:54,0663b183-3996-4309-b30a-1215b6c6e72b
79.802083,86.105428,27.89,2015-09-21 17:15:25,926bb32f-a6df-4220-a55f-2202a1795a8a
79.807883,86.088963,27.9,2015-09-21 17:17:56,8cf0cd98-6ead-4e72-a26b-0ee13aa12349
79.813767,86.072593,27.87,2015-09-21 17:20:26,dbdcb308-d3d6-4133-b512-b26fad86ef46
79.819633,86.05665,27.93,2015-09-21 17:22:57,9f40a718-0e55-46d6-be9c-58335fb11ec5
79.82545,86.04043,28.31,2015-09-21 17:25:28,97b5d345-f2ea-40c0-9cf9-d1d9f4bfa76f
79.83125,86.024653,28.43,2015-09-21 17:27:59,13d7a9a8-bfe8-40be-af19-bb5b7c3efb8b
79.837,86.00835,28.58,2015-09-21 17:30:29,f7aeffc7-04c6-439a-a5dd-748c9d6d5b41
79.84275,85.99209,28.8,2015-09-21 17:33:00,6a5b1d89-16c1-488b-8b90-1087ecac8a18
79.848517,85.976123,28.6,2015-09-21 17:35:31,ce1aeacd-e9ad-4178-8587-2a498b5176b3
79.854133,85.95946,28.44,2015-09-21 17:38:02,be35f92c-5dea-4038-83e2-6974c01391d7
79.859733,85.94277,28.34,2015-09-21 17:40:33,d8140a8c-c1d2-4f74-a031-939910083b52
79.865317,85.926125,28.35,2015-09-21 17:43:04,1e96d4e7-2239-4de6-9963-988736a523b9
79.87075,85.909047,28.59,2015-09-21 17:45:35,f6d7dd66-fddb-46e5-b2af-be34e210b4fe
79.876283,85.892415,28.77,2015-09-21 17:48:06,8e4ae8b5-413b-4c85-9f08-cb621a0ece49
79.881717,85.875172,28.75,2015-09-21 17:50:36,352bee3f-3b45-4fd7-a0a4-4ae3e5174dc3
79.887117,85.856983,28.86,2015-09-21 17:53:07,d22bf99b-27b2-4e65-9949-32ae37f58415
79.892533,85.838652,28.72,2015-09-21 17:55:38,7f2a7ae0-b5c1-4b56-a338-f6c4af31a77f
79.897967,85.820262,28.56,2015-09-21 17:58:08,b29115cc-fef7-4f9b-b448-83173d7ded86
79.903367,85.80212,28.54,2015-09-21 18:00:39,30a19070-5d6a-4c8e-8d0c-997a32de1948
79.908717,85.783808,28.58,2015-09-21 18:03:10,ac7f6a71-148e-44a2-80bf-a5eb61b354e5
79.9141,85.765512,28.49,2015-09-21 18:05:40,9e6fa7bb-3c13-46bf-ba0a-44cce1332586
79.919567,85.747965,28.47,2015-09-21 18:08:11,9066d783-3e50-4877-8d13-fb8238f54f13
79.925267,85.732727,28.33,2015-09-21 18:10:42,d2f34038-bba7-4919-9b3e-7561dd9ffc1a
79.930967,85.718148,28.2,2015-09-21 18:13:13,600f7d2e-7241-493e-b774-1b6b1cfe7635
79.93665,85.703588,28.27,2015-09-21 18:15:43,fb58ce39-f3a0-4dbf-9ec9-692be86f93c8
79.9424,85.688902,28.32,2015-09-21 18:18:14,0a6a56b8-56f6-4240-a1f4-9fa90fbd718d
79.948133,85.6745,28.35,2015-09-21 18:20:44,4b8a3563-053a-43e7-a815-9479fc8e8db5
79.9539,85.660273,28.49,2015-09-21 18:23:15,3a64ef58-8c74-4903-9076-574cf050bb6e
79.959683,85.645817,28.66,2015-09-21 18:25:46,3f11b0c1-cc06-4825-8cfe-a88b0af1bba6
79.96545,85.631633,28.75,2015-09-21 18:28:16,e47c4007-d3c6-48cd-8a08-572593b57b77
79.9712,85.616753,28.77,2015-09-21 18:30:47,238d33e8-cae8-4b5e-845d-dbc7befab95f
79.977017,85.602432,28.94,2015-09-21 18:33:18,3d30add2-7ed7-491b-a37b-24b06cc4a375
79.982733,85.588752,29.1,2015-09-21 18:35:49,4c39d96a-6791-40d3-9fd2-d6501f25ce82
79.98785,85.576898,29.24,2015-09-21 18:38:19,34869888-1bc0-4f30-a906-5c409a691340
79.992667,85.565332,29.35,2015-09-21 18:40:50,61c56e83-93ba-4d79-b6ca-21aaa1d7d10b
79.997117,85.55368,29.46,2015-09-21 18:43:21,42116457-300c-4d66-b250-d29d38fdb50f
79.999867,85.547537,29.46,2015-09-21 18:45:51,9f5b87a5-eb24-41cd-8b8f-b90427ed9d97
80.0076,85.476818,30.27,2015-09-22 00:09:07,03a5ba2e-fa97-4aaa-ba35-4d40ea9fb0e7
80.005917,85.467208,30.24,2015-09-22 00:11:38,b4d59bc6-be0c-42f0-aaf8-b879ea383206
80.003233,85.453282,30.22,2015-09-22 00:14:09,54ace971-56b3-434e-9eb7-0646032e4482
79.999283,85.434158,30.14,2015-09-22 00:16:39,ed0a8e25-0b84-4386-bd59-062ab749ff1b
79.994867,85.413127,29.95,2015-09-22 00:19:10,d2b967d0-00cb-4b6e-a1a3-76f88c3e3810
79.990333,85.38879,29.71,2015-09-22 00:21:41,c092ef8b-2609-40fd-9d56-3dbc809896ea
79.985767,85.36302,29.52,2015-09-22 00:24:11,81322d20-33a5-49f0-8e33-87d871f6747d
79.981167,85.336798,29.39,2015-09-22 00:26:42,b2dcbb62-c695-4781-a644-7cc48fb903c9
79.976617,85.309592,29.36,2015-09-22 00:29:12,41fa5d49-0302-413f-a3a2-23de37f12605
79.97215,85.281793,29.42,2015-09-22 00:31:43,4857b587-fd13-4482-940a-3bb23e5541fb
79.967633,85.25334,29.41,2015-09-22 00:34:13,7b4f9d3f-9cda-4677-b401-ee4b8a0c50ef
79.9632,85.224835,29.39,2015-09-22 00:36:44,803c802c-2502-48fc-b4fa-7ea622deb96d
79.958717,85.195453,29.34,2015-09-22 00:39:14,65a78e57-8156-478b-93be-309479e106b5
79.954133,85.166755,29.32,2015-09-22 00:41:45,82cb3358-8ac1-4a7d-9328-0b0aedfc7b4b
79.9495,85.13729,29.34,2015-09-22 00:44:15,1a82ddc6-b49d-4bb0-aecd-95b8700204f1
79.94485,85.107645,29.36,2015-09-22 00:46:46,fda70bd8-f6f2-4c21-827f-48d8e224ad5f
79.940183,85.078213,29.33,2015-09-22 00:49:17,d17df6a0-6cf1-4f0c-afff-9d69440e8252
79.935483,85.048205,29.32,2015-09-22 00:51:47,276e0cf0-0a3c-4091-be05-8ff1eee3f16d
79.93085,85.018212,29.32,2015-09-22 00:54:18,838dbb4d-b789-4e2d-b032-3e1111dc4923
79.926083,84.988275,29.33,2015-09-22 00:56:49,2b696e61-92c7-4b07-9d29-1f02eed089ed
79.921167,84.958862,29.32,2015-09-22 00:59:20,3d329483-7ef5-4e2b-8905-a7d9ad9f3768
79.916383,84.929233,29.29,2015-09-22 01:01:51,054332b3-1d34-48fb-9db5-45bcdb5be8aa
79.91165,84.899562,29.27,2015-09-22 01:04:22,87ebf120-e2bb-42b9-b88a-0b9b53260ca0
79.906967,84.869985,29.39,2015-09-22 01:06:52,db9c2d55-b7be-4657-8585-f203d276f79d
79.902083,84.84143,30.6,2015-09-22 01:09:23,6910cda5-fee6-4568-8711-a0054b9afdcb
79.897117,84.812475,30.83,2015-09-22 01:11:54,e255148c-85bd-4b53-bd2b-9b5366c3382a
79.892133,84.783362,30.84,2015-09-22 01:14:24,40964fad-97bb-42dd-a40b-f6921afd9a2f
79.887217,84.754502,30.82,2015-09-22 01:16:55,eecaf0d4-2f24-4f60-8bd3-f63726e1aa2b
79.882267,84.725555,30.75,2015-09-22 01:19:26,8bf89f2e-3364-4ff8-9c88-29d46697461b
79.87745,84.696777,30.7,2015-09-22 01:21:57,59a02e3c-2352-4d9c-9c1d-b7bb90c174f9
79.872583,84.668028,30.8,2015-09-22 01:24:27,c1cea8d8-5e81-4592-865c-0ff782677429
79.86775,84.639328,30.87,2015-09-22 01:26:58,ee90761c-f432-4895-b8e9-2cbd5a5c265a
79.86285,84.610473,30.93,2015-09-22 01:29:29,87275351-6256-48f8-93f2-04bf4dba8d1d
79.857933,84.581572,31.09,2015-09-22 01:32:00,bc6af780-b07a-4e93-b217-bc89b5ae554e
79.852983,84.552258,31.11,2015-09-22 01:34:30,444730f0-e723-4a27-850b-b814a6ffbbe0
79.848067,84.522815,30.99,2015-09-22 01:37:01,1ba1ce92-e5f4-4285-acf8-9e4706f47933
79.843067,84.493138,30.87,2015-09-22 01:39:32,e31cba46-0049-45b4-aafd-8a6cd7de11b7
79.838133,84.463532,30.85,2015-09-22 01:42:03,c6b5da25-64a0-4870-a10c-1682e01a7bad
79.833233,84.433863,30.88,2015-09-22 01:44:34,f778b505-8deb-411d-bb0a-bcce416c65ab
79.828317,84.40424,30.95,2015-09-22 01:47:04,075a3c85-60c9-4bae-90aa-309a95d438e0
79.823433,84.375062,31.08,2015-09-22 01:49:35,41b0cefe-e6d5-4103-8c95-ee8be63359fe
79.8185,84.344947,31.21,2015-09-22 01:52:05,feac0cf7-1c3e-4027-899e-da83e441c5ce
79.813633,84.315175,31.28,2015-09-22 01:54:36,894f0d18-3c57-468e-b92c-729ca78379f7
79.80865,84.285113,31.34,2015-09-22 01:57:07,54b10c98-9764-4bb8-85b5-9e758425f9f6
79.803617,84.255057,31.4,2015-09-22 01:59:38,7974f3e3-cf40-4f96-b378-4bb2e208c1d0
79.798633,84.225408,31.46,2015-09-22 02:02:08,7e61084f-49a4-4a09-827a-b3f7f60ba722
79.793717,84.195447,31.5,2015-09-22 02:04:39,d6a0f2fc-727b-4fb2-9fb2-fdc48b604393
79.7888,84.165885,31.54,2015-09-22 02:07:10,66256389-731b-4f9b-a34e-fbaba4b4d9c9
79.783817,84.13605,31.54,2015-09-22 02:09:40,8272af90-8eb8-4ffa-ae3c-257340a8e61c
79.778917,84.106813,31.52,2015-09-22 02:12:11,45c36cd9-e2b7-49ae-89f9-d64edeede557
79.774067,84.077465,31.47,2015-09-22 02:14:41,777881ce-a34f-470e-9061-10df99a5b014
79.7693,84.048088,31.45,2015-09-22 02:17:12,56053b47-6163-4394-ad8a-56d80a44b512
79.764483,84.01879,31.52,2015-09-22 02:19:42,78a590e7-2fc3-4b34-98e4-3df7cbd750a0
79.7597,83.989422,31.56,2015-09-22 02:22:13,81ca2c94-d12e-41c3-abb0-10400452bef8
79.754933,83.960235,31.54,2015-09-22 02:24:44,0fbfd111-cc7d-4fcd-a2da-b8338838035a
79.7501,83.930722,31.55,2015-09-22 02:27:14,89c89751-5350-43e9-87e6-672de309c2ef
79.745317,83.901412,31.57,2015-09-22 02:29:45,3cf1b5f9-6704-40dd-8729-55862a4d5250
79.740583,83.872557,31.56,2015-09-22 02:32:15,c025d79f-cc73-4699-bf1d-87dc4e8f0e14
79.735833,83.84365,31.56,2015-09-22 02:34:46,9853ca8e-99f5-4dd3-b8ae-d5e74a59de7f
79.731167,83.815285,31.54,2015-09-22 02:37:17,55f830c5-262c-464a-a0b7-fc526183cba1
79.726383,83.786383,31.54,2015-09-22 02:39:48,0c94e28a-8b1a-4ede-93bf-0821f0fec091
79.721517,83.756812,31.56,2015-09-22 02:42:18,0d4a93b9-71d9-4b36-a5e3-46561c359e08
79.716633,83.727725,31.57,2015-09-22 02:44:49,e7a6a4ce-cf6a-454a-97cf-8b3c1ec1f30a
79.711733,83.698215,31.59,2015-09-22 02:47:19,006bb955-1a57-4a37-88dd-bb8380e6259b
79.706833,83.669035,31.58,2015-09-22 02:49:50,747e9868-62e3-49ff-b9ab-3b8ae9120b60
79.701967,83.639723,31.58,2015-09-22 02:52:21,7a8cb966-b64a-4662-a1e9-d0eec4db8e81
79.697017,83.610167,31.49,2015-09-22 02:54:51,0ad34c4d-abfd-409d-9b75-68ed4d95f7d1
79.692067,83.581012,31.22,2015-09-22 02:57:22,8bc6ebf5-9c58-45ca-acbf-873b20468feb
79.687,83.551405,31.12,2015-09-22 02:59:53,b38f234f-537d-48ea-8a5b-c36aecfff5c6
79.682017,83.521847,31.07,2015-09-22 03:02:24,3d7b726f-f6e4-4d9f-86e8-3512e28c7f89
79.676983,83.49215,31.1,2015-09-22 03:04:54,aa155a48-6339-49d1-87ca-6066a6b8e880
79.672,83.46235,31.14,2015-09-22 03:07:25,e21c67f5-ef4d-4e4b-88f4-8e1e91b48432
79.66705,83.432575,31.16,2015-09-22 03:09:56,d21c4261-7ab0-4f39-98df-757696db55c1
79.66215,83.402923,31.07,2015-09-22 03:12:27,0f435b76-b112-44ea-aa98-6683fd1edba9
79.657167,83.372985,31.09,2015-09-22 03:14:57,01cbe5bc-7f90-4d0b-8c5f-fb433920b224
79.652267,83.34284,31.25,2015-09-22 03:17:27,43ec39d2-8d11-4179-a01a-3ad563612162
79.6473,83.31222,31.28,2015-09-22 03:19:59,5987b8e3-a0e8-49be-90d0-a91613fcdaef
79.64245,83.282,31.39,2015-09-22 03:22:29,0ba538d7-4f09-4aef-bc36-50ebd89b3c63
79.637567,83.251592,31.45,2015-09-22 03:25:00,35c5d27a-eca9-4cb4-89f7-66b6e3f9df4f
79.632717,83.221568,31.48,2015-09-22 03:27:30,14e2b97a-ebf3-4bbc-93f7-89f3daa103eb
79.62785,83.192045,31.27,2015-09-22 03:30:01,281095c4-fdd6-49d6-9c58-9b7d1a78fa75
79.62305,83.163223,31.16,2015-09-22 03:32:32,e289eb12-4d47-4389-8525-5e4a531346d7
79.618167,83.134862,31.15,2015-09-22 03:35:02,cbc0c1c1-c762-45c8-9e1f-5e6c9a3a898f
79.613317,83.106573,31.15,2015-09-22 03:37:33,80fdf0d7-c35f-4b43-982f-e936883a194e
79.608483,83.078717,31.21,2015-09-22 03:40:04,8b7e47ce-bf94-46a5-8cf8-4c98c38479d4
79.603567,83.05079,31.35,2015-09-22 03:42:34,9ba92234-af60-4043-8365-a9e8da5cc081
79.598683,83.02271,31.38,2015-09-22 03:45:05,fa399b12-0872-4b2a-a5e7-09cb2af8ead5
79.59335,82.99216,31.37,2015-09-22 03:47:51,8af6b825-a4f6-4b88-83cf-43c41b42f347
79.5885,82.964018,31.37,2015-09-22 03:50:21,86d24ef2-43a9-4c28-be79-a07b61f27706
79.583617,82.93589,31.37,2015-09-22 03:52:52,fdf805f9-982a-4608-b9e3-cace18f19409
79.578733,82.907222,31.34,2015-09-22 03:55:22,3de1ef45-c6b2-4c0e-b96a-6f2ce766f5e5
79.57385,82.878497,31.29,2015-09-22 03:57:53,3418253b-0517-480d-9a47-b28fa176af4a
79.569,82.849842,31.25,2015-09-22 04:00:24,04d428ff-49a0-4bcf-b4f6-18fe0ee48321
79.56415,82.821392,31.24,2015-09-22 04:02:54,33091909-5a3d-4cda-8c2c-c00f77ed027b
79.559333,82.792875,31.24,2015-09-22 04:05:25,88316c7b-3295-4508-acf4-9fad0b956927
79.5546,82.764772,31.25,2015-09-22 04:07:56,7cf3a038-1578-4d03-8b14-8e2c7185808c
79.549817,82.73647,31.23,2015-09-22 04:10:26,7a27c307-592e-4d7e-9974-031aa1805539
79.545083,82.708417,31.22,2015-09-22 04:12:57,67e1677d-5a02-46af-884b-59fa665ca7cb
79.5403,82.680285,31.21,2015-09-22 04:15:27,fcfe0f2f-5149-43c1-bdda-0c43a6875b6d
79.535483,82.652088,31.22,2015-09-22 04:17:58,4bdcf229-d17c-4e9a-ac45-a1e020584b7d
79.530667,82.62408,31.21,2015-09-22 04:20:28,bccc0706-18c0-4204-9fbd-0e4cd42cd8a4
79.525883,82.596202,31.22,2015-09-22 04:22:59,251036fd-1ec8-42b8-bb2e-7cc7d4b83521
79.521217,82.568742,31.21,2015-09-22 04:25:29,8954f897-0093-425d-b665-4d0ea704df90
79.516533,82.540932,31.19,2015-09-22 04:28:00,fa043c66-ff87-49c9-a7d1-712c9a8305e9
79.511817,82.51281,31.18,2015-09-22 04:30:30,0ba73213-f8a7-45ce-b06b-c343c8421f14
79.50715,82.484677,31.19,2015-09-22 04:33:01,fb425b25-bad0-4680-a965-145564ccffaa
79.502483,82.456602,31.18,2015-09-22 04:35:31,51018126-7012-49f1-ab31-e82a1694f760
79.497817,82.428522,31.21,2015-09-22 04:38:02,a1d796cf-904b-42fd-aa59-b1bb32bba60c
79.49305,82.400905,31.21,2015-09-22 04:40:33,27edfdb2-0b94-4add-9f99-eb73f23fe774
79.4883,82.37309,31.25,2015-09-22 04:43:03,5caec0fc-e3a0-43c3-9efb-bc23d75091f2
79.48355,82.345343,31.19,2015-09-22 04:45:34,25178dd1-e505-4c9f-b2bc-d865f4abe6f3
79.478833,82.31771,31.17,2015-09-22 04:48:05,79176ef8-1490-46a9-a696-ec636a6224b8
79.474083,82.290343,31.16,2015-09-22 04:50:35,964f91bb-03dd-4b6f-b06b-a4c02127614c
79.4694,82.262538,31.18,2015-09-22 04:53:06,366b15ef-1005-4cd5-8e21-405cf1645c23
79.46475,82.234755,31.11,2015-09-22 04:55:36,4a371baa-edb1-4e24-9b36-e9761ba47bf8
79.460017,82.20682,31.0,2015-09-22 04:58:07,542c7564-b966-4115-bd1d-a6bb1dc3f884
79.455217,82.178627,30.97,2015-09-22 05:00:38,ebbc7067-cdc2-4b8c-909e-310b81b63422
79.45045,82.150833,30.92,2015-09-22 05:03:09,62caf8ab-c333-4b6f-98fc-250f2e0be0dc
79.445667,82.12282,30.9,2015-09-22 05:05:39,1e3be697-362d-4b30-9a65-f777a43f7f05
79.44085,82.09437,30.93,2015-09-22 05:08:10,78c2886e-8810-417f-a1af-e35e10baafae
79.436067,82.065898,30.97,2015-09-22 05:10:41,f010a8e9-1e26-4d3b-a811-8003bdfcaf5b
79.4313,82.037928,30.69,2015-09-22 05:13:11,2496febf-b054-4e61-8693-8f2074a3c52f
79.4265,82.009767,30.44,2015-09-22 05:15:42,d0afc822-1e18-45bb-9776-e90fa2c09f02
79.421717,81.981757,29.38,2015-09-22 05:18:13,b6c11a52-8ed7-493a-bdf6-c7fd9f4a1277
79.416917,81.954197,28.82,2015-09-22 05:20:43,a856f6bb-1e57-492c-8785-d553799df1d0
79.412183,81.926728,28.72,2015-09-22 05:23:14,dc2430b4-efbe-40d0-83eb-96f406df1c0d
79.4075,81.899363,29.1,2015-09-22 05:25:45,da62561c-15a3-4c8a-a864-1f5b0e5d5780
79.4028,81.872352,28.98,2015-09-22 05:28:16,44bc70cd-64c8-4552-8beb-6be728ff13c3
79.3981,81.845065,28.72,2015-09-22 05:30:47,4d6ec7a9-070d-4e15-b121-bf670d8b529b
79.39345,81.817718,28.62,2015-09-22 05:33:18,533f0005-39ef-415d-b322-11d59eef5aa9
79.38885,81.790402,28.25,2015-09-22 05:35:49,c1366547-e5d6-42d1-bac1-d8fb62602b82
79.384233,81.76297,28.05,2015-09-22 05:38:20,9a11211d-10b7-4cd1-91e4-a4dab38fd10c
79.379617,81.736017,28.15,2015-09-22 05:40:51,31e23ef0-405b-489c-8be4-ec0d25773946
79.375083,81.708645,28.48,2015-09-22 05:43:22,fdcaad67-fe02-4f7a-9f54-26adaa3e5a2c
79.3706,81.681782,28.27,2015-09-22 05:45:52,8ed276f5-c067-4ff4-bb3c-6a15f9baf92f
79.366017,81.654948,28.22,2015-09-22 05:48:23,8b7b4c65-0411-401c-9b1c-e966ddf9a38d
79.36135,81.62857,28.08,2015-09-22 05:50:54,321396b3-36c6-4cda-a5f7-84c65c52aa2a
79.356567,81.60222,28.06,2015-09-22 05:53:25,95d83530-b850-41c5-9c1b-0b3d1b22d52a
79.3519,81.576007,28.09,2015-09-22 05:55:56,476b906f-035e-4440-9dfb-046ee4eac1bb
79.347233,81.550247,28.25,2015-09-22 05:58:27,e23f5540-8555-4fec-af37-c6ad19cdadf0
79.342533,81.524545,28.19,2015-09-22 06:00:58,dae37b83-d689-47c9-a51e-73d296102ae4
79.337883,81.498453,27.73,2015-09-22 06:03:29,0ee9cd4f-5e04-463e-94d5-f238ec2d9309
79.333233,81.472258,27.32,2015-09-22 06:06:00,0583fd95-e0ab-4bd2-9a47-9effb246a693
79.328567,81.446543,27.09,2015-09-22 06:08:31,b626d4e2-c35f-44a6-bfca-8803a8cc07cb
79.32395,81.421158,26.97,2015-09-22 06:11:01,2845ca0e-76d4-465f-8c61-1e8be9a7b8be
79.319383,81.39502,26.89,2015-09-22 06:13:32,e72a4f1d-0067-45d2-b020-0deedd13c3a2
79.31475,81.369013,26.75,2015-09-22 06:16:02,d36611fb-361e-4761-aa2b-5fdf1ceb4802
79.310083,81.343197,26.6,2015-09-22 06:18:33,c233a77f-ca98-44a9-abe0-67776568283b
79.305367,81.317493,26.45,2015-09-22 06:21:04,282ad80f-d45a-4bf8-84a8-56cb76508bab
79.300567,81.291735,26.26,2015-09-22 06:23:35,ee70fb32-2cff-47be-95f0-4fcba894f6c5
79.295767,81.265903,26.11,2015-09-22 06:26:05,f49a9210-c5f2-48af-88cb-8aa3713bef83
79.291133,81.239713,26.07,2015-09-22 06:28:35,3d9ce56f-25fa-4a70-a422-7a526f4fc710
79.286417,81.212127,26.12,2015-09-22 06:31:06,2848c68f-6026-464d-9ff1-7a7404e8f77d
79.281733,81.184127,26.16,2015-09-22 06:33:36,4ae11622-085b-4c2f-a821-855905e21c9a
79.277,81.15564,26.29,2015-09-22 06:36:08,40cf597e-8693-4d2b-abfc-b509b4e46bed
79.272283,81.12718,26.49,2015-09-22 06:38:39,a6215eb9-86b1-441c-b2e3-a86f5fe37901
79.267617,81.098745,26.62,2015-09-22 06:41:09,7b58a3f0-7780-4a1e-8a34-9d40baa44874
79.26295,81.069982,26.65,2015-09-22 06:43:40,e369ca2f-e724-4052-a15a-7f9dc6eba460
79.258367,81.040822,26.78,2015-09-22 06:46:11,df364292-31ab-4d49-b184-7271910e4e00
79.253733,81.011983,26.79,2015-09-22 06:48:41,1304d337-f587-4223-bfb6-1af6e1171ddd
79.248967,80.983347,26.83,2015-09-22 06:51:12,ad966017-40db-4f31-b929-c2d6096716c6
79.244283,80.95422,26.91,2015-09-22 06:53:43,eb161223-2dca-421a-bfde-7e0cdab1d9c0
79.239417,80.925398,27.12,2015-09-22 06:56:14,84888f9c-32ad-453d-b197-b229eb0d3ad5
79.234533,80.896742,27.21,2015-09-22 06:58:44,9d841e98-f760-4b6f-8a1f-d91002e1582c
79.22965,80.867927,27.27,2015-09-22 07:01:15,d2c9d049-5768-454f-b1a2-58fa0c2cf820
79.224733,80.839402,27.49,2015-09-22 07:03:45,872ee8f4-190c-47ce-ad94-823da54c6dc5
79.219717,80.81087,27.47,2015-09-22 07:06:16,26aa9bb3-c96e-4cbe-bfa0-69c399db4ecc
79.2147,80.7824,28.27,2015-09-22 07:08:47,c4d830e7-b8fc-41c1-9743-158d921afe39
79.209683,80.753927,28.49,2015-09-22 07:11:17,c92f1449-8361-4089-8ca3-c9deb6470cb8
79.20455,80.725312,28.59,2015-09-22 07:13:48,36cc8b98-cfe3-404e-b48f-32ebb124689a
79.199567,80.69627,28.67,2015-09-22 07:16:19,2075ebd3-f634-4d10-aeb9-e5d0bae76a78
79.194583,80.667093,28.73,2015-09-22 07:18:49,00ff4b91-194f-4c95-a694-1b99c4b830b6
79.189533,80.637672,28.86,2015-09-22 07:21:20,3e598eaa-e802-4031-ad63-646cbc4f329c
79.184433,80.608867,29.14,2015-09-22 07:23:50,eddc1b45-e91c-4a40-852e-d495e499525f
79.179483,80.58042,30.28,2015-09-22 07:26:21,b4b5c567-39fd-4353-934b-729a1113eacf
79.174567,80.552532,30.24,2015-09-22 07:28:51,d2a42d76-dd58-4a25-81fc-dd54b06a7c74
79.169617,80.524897,29.92,2015-09-22 07:31:22,1b42f57d-8b03-44ed-b170-933fc6fa2f4d
79.164633,80.497628,29.54,2015-09-22 07:33:53,72fbd1ef-e00f-48d9-902a-1cfd15505943
79.159767,80.47076,29.08,2015-09-22 07:36:23,ff8cc218-f707-41f4-9f70-2cc917908f62
79.154833,80.443733,28.92,2015-09-22 07:38:54,fa751dd6-fd30-4380-b686-b54bc1b99fcb
79.149883,80.416915,28.68,2015-09-22 07:41:25,3b2be6ae-8a17-4ea1-be7d-c3c892db4975
79.144983,80.39022,28.26,2015-09-22 07:43:55,1572caea-eee4-47b5-bfab-a31ad02db9b7
79.140117,80.363903,28.03,2015-09-22 07:46:26,e9bf7eb2-8f8c-484a-a497-d52bcbc4be1b
79.135283,80.337385,28.15,2015-09-22 07:48:57,4efab828-a917-4c02-ae0f-4b89ecb75015
79.13055,80.310415,27.73,2015-09-22 07:51:28,76557b20-fe49-4dd4-b462-908fe283a03b
79.1258,80.283822,27.75,2015-09-22 07:53:58,09b1cce2-b454-4daa-802c-0cae69121ec3
79.121033,80.256883,27.76,2015-09-22 07:56:29,3ec375ea-6621-4bbc-a828-7acf13d83dcb
79.115733,80.226567,27.5,2015-09-22 07:59:15,4b7128f0-d437-4d5e-9bb7-80ba91d13ff0
79.110933,80.1992,27.36,2015-09-22 08:01:45,3d8bd45a-f6d8-4169-a757-9238110d1704
79.106133,80.171832,27.15,2015-09-22 08:04:16,d41ffc24-8370-4a40-9469-af60ccfa6b02
79.101333,80.144353,27.01,2015-09-22 08:06:46,27a3865f-37ed-413b-bf85-927780fd18a0
79.0964,80.11678,26.85,2015-09-22 08:09:17,7bcb4a27-71b0-481e-94fa-f557d5da87a5
79.0916,80.089283,26.68,2015-09-22 08:11:47,68a0c879-0f20-4f77-9765-1df28e38ca83
79.086717,80.061288,26.68,2015-09-22 08:14:18,f765327a-be29-465a-9b41-3c09eb1fc612
79.081833,80.033372,26.66,2015-09-22 08:16:48,46483c4c-a5a0-4977-b6d6-279a8cb17cd9
79.076967,80.005387,26.53,2015-09-22 08:19:19,9e5e648d-83f2-4892-8e49-1932197846d0
79.071983,79.977258,26.52,2015-09-22 08:21:50,fdfde366-aa1b-46e4-9b33-2082d44f871e
79.06715,79.949635,26.62,2015-09-22 08:24:20,a062dfed-cab1-48f4-b5a2-5fb38f673426
79.062233,79.921765,26.53,2015-09-22 08:26:50,8856f407-7a1d-44f8-94c5-91bae1b15f75
79.057267,79.894258,26.43,2015-09-22 08:29:21,8b65cdca-1fae-4fef-b63c-b3cebcc8cfa8
79.052317,79.866708,26.34,2015-09-22 08:31:52,0fcfb67b-92c7-4c16-a5f0-57170c0a1ea2
79.0474,79.839188,26.15,2015-09-22 08:34:22,90a53462-03b9-47b6-af4c-d2a25a883a15
79.042483,79.811595,26.08,2015-09-22 08:36:53,caf9cd0a-6f15-404b-a025-e97ad62b6ec2
79.037583,79.783517,26.01,2015-09-22 08:39:23,d0af07b0-c8e0-45c0-80bf-555ef352fb61
79.0326,79.755095,26.01,2015-09-22 08:41:54,578870b6-3bf8-4013-8526-736448eefe4f
79.0277,79.726797,26.09,2015-09-22 08:44:24,b049f055-cedf-4dea-a20d-5b90e123810c
79.022733,79.698108,26.21,2015-09-22 08:46:55,c36f295b-97f5-4839-84bc-db289c045f48
79.0178,79.66958,26.25,2015-09-22 08:49:26,47c82b18-c6c0-49c5-b502-296e20c2426b
79.01275,79.640418,26.36,2015-09-22 08:51:56,be6ef961-6a9c-4112-bef9-5622af83a068
79.007883,79.611665,26.66,2015-09-22 08:54:27,f4cfdb95-20de-4dc8-9ed8-cec6cf51c298
79.002933,79.582838,27.33,2015-09-22 08:56:58,bb970480-d7a6-4262-b021-e1c31edebad2
78.998017,79.553948,27.8,2015-09-22 08:59:29,617e9f2a-2bc3-4d45-8f18-0958f2e337ee
78.99305,79.525863,28.04,2015-09-22 09:02:00,1ab6be83-6982-437a-82b6-93529b16dbd9
78.988133,79.497888,27.99,2015-09-22 09:04:30,5acd78bd-796a-46ea-a4e2-976603d53cd7
78.98315,79.469832,27.88,2015-09-22 09:07:01,84b06e45-ce9d-48b6-ae90-2d8cb1ff74cd
78.978183,79.44165,27.77,2015-09-22 09:09:31,ba3ac786-6c69-45eb-8f53-e1203b3cc71a
78.973117,79.413445,27.62,2015-09-22 09:12:02,ac3773ba-ea01-4e47-beb2-20c0e8c04965
78.968133,79.385283,27.38,2015-09-22 09:14:33,8a39eb96-cb88-4218-8c7f-1de0829446b4
78.963117,79.357168,27.07,2015-09-22 09:17:04,92ecf3f7-a751-4624-9892-a80328cf5f99
78.95815,79.32892,26.9,2015-09-22 09:19:35,6bc1dc77-26e9-4250-b5d5-4e0981c4df2b
78.953267,79.301308,26.86,2015-09-22 09:22:06,f9dfd610-4575-40bf-bc98-41516818736e
78.9484,79.273197,27.07,2015-09-22 09:24:37,daa6f348-54fb-42ef-81e6-bb5a8be98ce9
78.943583,79.245773,27.41,2015-09-22 09:27:08,a92c2c77-0c0a-41c7-bb3c-c9841b798426
78.938783,79.218213,27.74,2015-09-22 09:29:39,32d4cfc8-3b51-4637-9df4-969459f83e81
78.933917,79.19088,27.62,2015-09-22 09:32:10,a3e844b0-e284-412f-9b16-18130b96691a
78.929067,79.164075,27.49,2015-09-22 09:34:40,7d74f3f1-9a29-4925-ba3f-d7a3b11fd572
78.924233,79.137298,26.8,2015-09-22 09:37:11,d5316ff2-ac5d-4603-8426-12e545a1afa7
78.919383,79.110813,26.36,2015-09-22 09:39:42,3d500cc0-6e40-432c-8d96-fa3cb15c2f96
78.9145,79.084177,26.43,2015-09-22 09:42:13,6aa18db9-6e0b-4db8-92e7-442e8b1c2374
78.909683,79.0572,26.39,2015-09-22 09:44:43,7ca33e47-f0fc-49eb-b7ca-40e56f00596f
78.90485,79.030295,26.37,2015-09-22 09:47:14,14b5c620-d5a6-4179-9842-7c7cb98c8a23
78.900017,79.003262,26.41,2015-09-22 09:49:45,4090ac91-63ad-4502-b187-5000adea7219
78.895133,78.976365,26.44,2015-09-22 09:52:15,3d1f8f2e-31b7-4a35-b2f9-b336f4ba64e3
78.890283,78.949793,26.49,2015-09-22 09:54:46,e9428aff-065f-4b5d-898f-d6a8b9a8f279
78.885417,78.92275,26.69,2015-09-22 09:57:16,41e8bd18-571e-4255-9224-4070b6c23a2a
78.880517,78.89623,26.9,2015-09-22 09:59:47,5eb59f9a-7b97-4bf5-b0e8-1028966ea2a1
78.875517,78.87039,26.85,2015-09-22 10:02:18,06702060-fb36-4478-acd5-f337f86ac7b8
78.8705,78.844438,27.57,2015-09-22 10:04:48,6098439f-d7c1-4b25-88cb-6c8994b78ab3
78.865567,78.818422,27.53,2015-09-22 10:07:19,f7386deb-4f61-46e8-945d-9a34d50eb6e2
78.860817,78.7919,27.3,2015-09-22 10:09:50,02ddb1e1-7fe6-400c-a8e2-e8cfa46f7d52
78.856033,78.76524,27.25,2015-09-22 10:12:20,5efe5fc4-8363-402e-b141-9782ad15bcf8
78.8513,78.738518,27.25,2015-09-22 10:14:51,f8edc8f2-1f1c-47c3-a8c2-dbf0aac55011
78.846583,78.711373,27.3,2015-09-22 10:17:22,2907e29b-9285-4fb5-932f-64656e76409e
78.84185,78.684275,27.32,2015-09-22 10:19:53,1b819396-c92d-486a-a73a-a58f09c997e9
78.8371,78.657083,27.31,2015-09-22 10:22:23,1b712dc2-dc47-497e-aed4-c6ec15f749b5
78.832417,78.630222,27.45,2015-09-22 10:24:54,9c56d443-deb7-4630-8ca4-78f5ccdb7c9f
78.827733,78.603387,27.8,2015-09-22 10:27:25,3ed22d4f-be81-4c77-b7cb-811d58c1c61a
78.82305,78.576552,27.85,2015-09-22 10:29:55,8e499aaf-2b18-4c72-80dc-564af2079c1b
78.81835,78.54966,27.88,2015-09-22 10:32:26,7fcd9f10-33a2-4951-901e-222520fe71ce
78.813683,78.522922,27.91,2015-09-22 10:34:57,4d1ccd9a-ed56-4894-bf6d-29020b83ad41
78.809033,78.496037,27.94,2015-09-22 10:37:28,4dbf9a5d-c36f-4d34-a03f-541905729a72
78.804467,78.469495,27.12,2015-09-22 10:39:58,777c24d9-c631-48f1-ba9d-7f0f60a952d4
78.79985,78.443867,26.54,2015-09-22 10:42:29,ea4f3337-45ed-4703-8e5a-3d12ebc43d11
78.795217,78.418923,25.37,2015-09-22 10:45:00,d50369af-311f-4521-9e24-f250b939a044
78.790467,78.394118,24.74,2015-09-22 10:47:30,2c1a60cb-368c-4bd3-9935-1e483d69e1b9
78.785867,78.369787,24.53,2015-09-22 10:50:01,a81ff74b-fb9b-4d46-946f-4425c0316bda
78.781367,78.345083,24.48,2015-09-22 10:52:32,2f4d325a-db2a-4e0f-bec3-c9c8241c1630
78.77685,78.32045,24.51,2015-09-22 10:55:03,6ab7b642-1316-4f8f-a813-c4cdf5757d4c
78.772367,78.295558,24.41,2015-09-22 10:57:33,b0ddfe9f-d431-49e1-91a4-9d733b38086d
78.767967,78.270582,24.36,2015-09-22 11:00:04,094e8f8d-d485-4249-a0ef-f62909f3a1ea
78.7635,78.245353,24.29,2015-09-22 11:02:34,b0815d34-0150-44f8-891e-ba6576132042
78.7591,78.219953,24.32,2015-09-22 11:05:05,48360b13-4174-456a-8dd9-dc5acc5b3276
78.75465,78.193887,24.36,2015-09-22 11:07:36,a1c8b00e-c3dc-43a7-b5be-9bd1986814bc
78.750133,78.167737,24.37,2015-09-22 11:10:07,1365874a-a715-47be-92e8-77285487ca74
78.74565,78.141652,24.36,2015-09-22 11:12:37,fc3d8b0e-ddb3-4a98-abd4-e6fd887d890c
78.741133,78.115555,24.35,2015-09-22 11:15:07,593dbe40-be7f-40ec-bdb4-d1c66d7a5b5d
78.73655,78.089443,24.36,2015-09-22 11:17:38,b477e2fc-7d82-4d59-93c3-3ba14371f06b
78.731917,78.063265,24.33,2015-09-22 11:20:08,8c8cccca-ccd5-4f27-b3ca-ecc7b93f3ece
78.7273,78.037033,24.35,2015-09-22 11:22:39,a0f038e7-20aa-401b-8315-8f557ab06216
78.722583,78.010695,24.3,2015-09-22 11:25:10,85e7ca96-f8e2-41e6-b171-c2d4022f26c8
78.717817,77.984393,24.3,2015-09-22 11:27:40,c34e2dbc-a7a5-48d8-9a32-02e40114524f
78.713,77.957943,24.27,2015-09-22 11:30:11,d5b9a1a5-c28a-4b0b-a7bc-022465ed62a8
78.708217,77.93183,24.22,2015-09-22 11:32:42,f7a4c05e-5a4f-446d-9d32-91ece4a350ab
78.70345,77.90524,24.22,2015-09-22 11:35:13,2428d746-0f45-4e1a-80bc-3573a9481640
78.698683,77.878772,24.18,2015-09-22 11:37:44,064f1694-b315-4369-9f0a-7f7062145af0
78.693933,77.852547,24.25,2015-09-22 11:40:14,78701ff8-e597-44e7-8c21-7dfd13014a17
78.68915,77.82588,24.29,2015-09-22 11:42:45,a161362b-9ec4-4c45-9342-eb580d6c4f49
78.6844,77.799385,24.33,2015-09-22 11:45:16,c782f033-c2b4-45c5-a11b-b543e0d931fa
78.679683,77.773382,24.29,2015-09-22 11:47:47,bd75933f-8ded-4e13-942b-1ecb39ea8480
78.674967,77.747375,24.26,2015-09-22 11:50:18,585daaad-8f02-47bc-98ee-654d4e449574
78.670283,77.721723,24.19,2015-09-22 11:52:48,4bca44f5-b817-4c04-a87e-7525f0bb1af8
78.665633,77.695995,24.19,2015-09-22 11:55:20,d41657c2-e399-4f6f-91d2-8b57c9e7c31e
78.6609,77.669895,24.19,2015-09-22 11:57:50,a41cbb04-4391-4945-ae99-efc277d9e59f
78.65625,77.643848,24.2,2015-09-22 12:00:21,4357ebc2-80d9-4128-9503-ef5d599d2f8a
78.651617,77.617583,24.22,2015-09-22 12:02:52,40549038-e16d-43d9-90bd-c1f0177d85b4
78.647,77.59134,24.26,2015-09-22 12:05:22,5a9e90d7-0049-4789-b2b8-497082460049
78.642367,77.56477,24.27,2015-09-22 12:07:53,88cdd4e1-5fdc-4918-a781-cc5155b70c4c
78.63725,77.536052,24.56,2015-09-22 12:10:39,2632fac3-3f51-4556-b705-411b2ea4e411
78.632517,77.509785,24.5,2015-09-22 12:13:10,ea83e537-e3b6-4a43-817f-c252dff6b941
78.627867,77.483607,24.42,2015-09-22 12:15:40,0dae55b6-c094-47f7-bcbf-b265ed8df34a
78.6232,77.45758,24.39,2015-09-22 12:18:11,e6004e7f-051d-4870-812d-c770b77c9d66
78.6185,77.430952,24.4,2015-09-22 12:20:41,06ad031d-cf95-4af2-9474-c9737467a54b
78.6139,77.404345,24.41,2015-09-22 12:23:12,c14071cb-a4a0-4213-abbb-9ba24618c6a6
78.609267,77.377725,24.45,2015-09-22 12:25:43,ef66debd-7827-4531-93dd-fae13f23454d
78.604667,77.351258,24.43,2015-09-22 12:28:13,0722f3d4-669f-4452-811d-42ced052d601
78.600033,77.324258,24.4,2015-09-22 12:30:44,f5d39504-e6f7-469d-892d-3e9c2f20d519
78.595483,77.297575,24.37,2015-09-22 12:33:15,2f87cd04-f002-4b55-a46c-3aea994dc1c7
78.591,77.270642,24.36,2015-09-22 12:35:45,563114b5-e05e-4e8e-b603-4641837a7f02
78.586467,77.244158,24.4,2015-09-22 12:38:15,b80d4290-67aa-450b-8a79-b9cfccf6e482
78.581983,77.217728,24.4,2015-09-22 12:40:46,871e17a0-0b76-40da-863a-21fa3094911e
78.577517,77.191432,24.44,2015-09-22 12:43:16,3a071816-b797-462e-a6ce-7002e318bc91
78.5731,77.16547,24.46,2015-09-22 12:45:47,f1eb5f84-c93d-46e2-9e4e-02e57285c7de
78.56875,77.13936,24.47,2015-09-22 12:48:17,d4138b6e-6a6f-41ea-9d3b-a7ce412971ba
78.564433,77.113298,24.5,2015-09-22 12:50:47,57bf9b53-c3bb-4174-afe7-5d9bf4abed0d
78.56005,77.087225,24.58,2015-09-22 12:53:18,858cd8f5-6e54-4656-90ec-550539321b22
78.555517,77.061297,25.06,2015-09-22 12:55:49,cf92d468-4ac6-4f89-854e-d30b960d3d18
78.5509,77.035183,25.05,2015-09-22 12:58:20,52e76fb3-093e-4db9-8acc-5a370789dd14
78.546183,77.008933,25.05,2015-09-22 13:00:51,943b9e4d-efb0-47b0-bff8-d8117bce7971
78.541433,76.982795,24.81,2015-09-22 13:03:21,860e0c24-0385-4509-8690-634273948442
78.53675,76.956603,24.69,2015-09-22 13:05:53,8251b054-144a-493c-be95-55500138ba75
78.531967,76.930293,24.66,2015-09-22 13:08:23,04380e6c-1bbb-469a-9147-6705edeaf5d3
78.527133,76.903947,24.64,2015-09-22 13:10:54,2208c320-2f1a-42cf-a48b-f6ca617ba567
78.522283,76.877608,24.58,2015-09-22 13:13:25,2efbd831-b253-49c0-bdf8-7ac8de6c04dc
78.5174,76.85153,24.45,2015-09-22 13:15:56,0bda41bd-d3b9-40dc-b6aa-64f881613e96
78.512417,76.8255,24.43,2015-09-22 13:18:26,094634a0-1b96-4fa0-8aa4-5d4bd8025d2c
78.50745,76.799122,24.44,2015-09-22 13:20:57,9fdd520f-2ae7-4c48-b14a-d84d92dd4267
78.5025,76.772693,24.33,2015-09-22 13:23:28,ddba6dbb-25f4-4707-9f21-d1ef8ae90935
78.497483,76.745837,24.45,2015-09-22 13:25:59,d66b2f4b-ac05-4ef2-8e4c-0a11f71ab856
78.492583,76.719503,24.65,2015-09-22 13:28:30,d46d8dfd-6e37-4da3-8ef9-db647991534d
78.487617,76.692835,25.1,2015-09-22 13:31:01,c3884232-9a79-4908-8754-389528e8fd28
78.482733,76.666233,25.31,2015-09-22 13:33:32,c6507e43-06c1-4a00-8a05-6f6069ae423a
78.4779,76.639847,25.31,2015-09-22 13:36:02,19bac66a-2c7d-4c30-8b73-e715bdf3acd5
78.47305,76.613153,25.29,2015-09-22 13:38:33,ce8c5e64-42d7-4cd3-8096-2634ba37d190
78.46825,76.586552,25.29,2015-09-22 13:41:03,d01ee96a-14b3-4f6a-9fba-eb2ea3ba22dc
78.463383,76.559712,25.34,2015-09-22 13:43:34,0df9ec15-65fe-4dd8-aa81-23be947417ab
78.458583,76.533222,25.46,2015-09-22 13:46:04,ceec14ba-40ce-4a50-b6ad-accf6a5d3b6b
78.45385,76.506735,25.62,2015-09-22 13:48:35,22a63d8c-38ae-4334-a8ed-494c7d51e8c6
78.449033,76.479505,25.6,2015-09-22 13:51:05,aff870c4-c920-40ee-8cc4-79deebbe7c12
78.444267,76.45236,25.59,2015-09-22 13:53:36,5deac43e-58c2-4b55-8292-b6490fca0484
78.439367,76.425018,25.59,2015-09-22 13:56:06,e8facb40-9381-4333-8f8e-ee91a59e660d
78.43445,76.397573,25.6,2015-09-22 13:58:37,598efa8e-00cb-4cce-be37-eb446839d7ed
78.429533,76.370178,25.58,2015-09-22 14:01:08,e9e79097-3516-4fff-9ba1-861b08b8b5d6
78.4247,76.342732,25.6,2015-09-22 14:03:39,0f7c15f5-028b-4f79-85c9-6c1a2ccef6e7
78.41985,76.315398,25.89,2015-09-22 14:06:10,19a3e578-537c-4a4a-bd65-c5306727ad30
78.415,76.287915,26.18,2015-09-22 14:08:40,53dcfc5a-d3a0-4fa8-9623-feea5ae121da
78.410083,76.260595,26.3,2015-09-22 14:11:11,5a05e94e-21ea-4b32-a5f0-3a190669670e
78.405233,76.23333,26.24,2015-09-22 14:13:41,3d84ec33-f960-4ea5-b5c1-bc6d2f69e809
78.400333,76.205792,25.84,2015-09-22 14:16:12,8d92834b-b0d8-43ae-9f92-76225278da2a
78.395417,76.1785,25.58,2015-09-22 14:18:43,f9bbac12-2812-459d-829e-49d40d62a5c3
78.390317,76.151002,25.51,2015-09-22 14:21:14,eafaa700-c6fe-4669-82f5-991434c78e2d
78.385183,76.123905,25.51,2015-09-22 14:23:45,4e8440cc-3dd3-44b1-8c43-ddb6f378b2e3
78.38,76.096533,25.5,2015-09-22 14:26:15,25e81277-9163-485e-a359-53033393ae8f
78.374683,76.06883,25.5,2015-09-22 14:28:46,ba7e6171-9a8f-4d9d-a55c-7a93ba2160a7
78.369333,76.041182,25.53,2015-09-22 14:31:17,3363db8f-063e-434f-b48b-0e199ffd1285
78.364,76.013582,25.5,2015-09-22 14:33:48,c20b1a7d-acaa-4d8c-955b-2aeac78c648e
78.358767,75.986208,25.48,2015-09-22 14:36:19,01372255-6131-4c5a-bd7e-a4d6e68a1791
78.353483,75.958708,25.49,2015-09-22 14:38:50,d854be57-c7bf-41ad-bb39-96faaa5e6d36
78.348183,75.931255,25.48,2015-09-22 14:41:21,26bd478a-a25e-4c12-9f65-408d3d33f6e6
78.342883,75.904112,25.46,2015-09-22 14:43:52,ddbd6204-5470-4a93-bd3c-6822d55e3a59
78.337633,75.877203,25.49,2015-09-22 14:46:23,f8c402f0-95f4-4ca3-9276-e846956240e4
78.332433,75.850352,25.61,2015-09-22 14:48:53,a99fae4b-8d09-428a-bd0b-2016bba16836
78.327233,75.823447,25.69,2015-09-22 14:51:24,a527d83f-bac2-4e7f-834f-397f1e4fcf28
78.321983,75.796995,25.53,2015-09-22 14:53:55,c0e973f4-79c7-4df9-a489-e24922ad521a
78.31665,75.770767,25.49,2015-09-22 14:56:26,320d420e-e61f-4265-9545-2c31d912bb8e
78.311267,75.744462,25.45,2015-09-22 14:58:57,739f8db1-6582-4bd0-bfed-d176b2b8a4bf
78.305933,75.718103,25.43,2015-09-22 15:01:28,3df80144-0676-46ff-b671-46f440ac6289
78.3006,75.691452,25.4,2015-09-22 15:03:58,2b787c25-04a4-4c6e-9829-b2035248063f
78.2953,75.664893,25.39,2015-09-22 15:06:29,ac4dfd96-96a8-40cf-bd4b-7c5d77fc8d21
78.289967,75.638032,25.36,2015-09-22 15:09:00,01347cc4-f077-4ff4-92f5-9001e44400e0
78.284533,75.610943,25.42,2015-09-22 15:11:31,87ea4419-1c33-4417-a46d-d03e5fbb0a7c
78.279167,75.583695,25.53,2015-09-22 15:14:01,838309e3-2bc6-4bfa-b7a7-ed84e13223a3
78.273867,75.556428,25.87,2015-09-22 15:16:32,c2c420d1-9628-42b7-b77d-50cb6e9f6376
78.26855,75.529418,25.81,2015-09-22 15:19:03,a8908c1d-73cb-485d-8c62-db336401ad15
78.263283,75.502273,26.11,2015-09-22 15:21:34,4090955b-1a21-4736-b9a9-442412c583b3
78.2581,75.47448,26.18,2015-09-22 15:24:05,9d2eb978-edff-4818-81cb-e3c98ff12c9e
78.252917,75.446785,26.05,2015-09-22 15:26:36,d7dff85e-2af7-4b2b-90bb-f4c224a94b1c
78.247733,75.419385,26.0,2015-09-22 15:29:07,6e5c031f-2bbf-428a-9863-b357311c2739
78.242583,75.392238,26.12,2015-09-22 15:31:37,460b8a33-c02f-4372-ba24-fa45aded4eab
78.237483,75.364977,25.91,2015-09-22 15:34:08,c3fd5940-a8f2-4da1-af5f-fb450e4e9943
78.2324,75.33774,25.74,2015-09-22 15:36:39,5e9cc818-58f6-4331-93ea-d84a80b02e69
78.227283,75.3104,25.75,2015-09-22 15:39:10,1cb389bb-d250-4453-b18b-5ada9a4db9f4
78.222133,75.283167,25.95,2015-09-22 15:41:41,05de5324-4554-4a06-9012-1e99379d07da
78.21705,75.255823,25.89,2015-09-22 15:44:11,ee3a3af6-27b9-400f-9fc8-9e88a4fb8423
78.2119,75.228427,25.86,2015-09-22 15:46:42,b7ddd1d3-d2cd-4846-bf8f-db93046e99c4
78.206783,75.201298,25.7,2015-09-22 15:49:13,72571eb9-181f-4cae-b25e-5b70a65e8097
78.201633,75.174237,25.66,2015-09-22 15:51:44,080c2395-81ba-4650-9ba4-4f6967ede303
78.196433,75.147198,25.64,2015-09-22 15:54:14,f38c8b1f-69f4-4255-9878-e3aa9a238918
78.191183,75.120385,25.75,2015-09-22 15:56:45,5983f81a-a23e-4f81-8bf4-f132e99791b8
78.1859,75.093695,25.78,2015-09-22 15:59:16,06406217-f3ba-4c9c-80d6-bda63847d462
78.180733,75.066175,25.59,2015-09-22 16:01:47,4664a8dc-4d2d-4332-9f17-c7046529374b
78.175617,75.03851,25.72,2015-09-22 16:04:18,fa35ac06-cec2-4fef-9df1-92003c245265
78.170533,75.01074,25.73,2015-09-22 16:06:49,b82c7c95-cb09-4172-a5df-9f474cc08eb8
78.165467,74.982847,25.67,2015-09-22 16:09:20,81ef17bc-6057-40f3-a6f1-892b5712fb65
78.160517,74.955067,25.61,2015-09-22 16:11:50,87f64a5d-7662-47af-b1df-07838d408aba
78.155533,74.926748,25.6,2015-09-22 16:14:21,c245e486-acc0-480b-bf47-1a1db203e7de
78.150583,74.898307,25.56,2015-09-22 16:16:52,408d4995-5aca-4328-b06b-ab3069b28ebe
78.145683,74.870138,25.48,2015-09-22 16:19:23,4cbcffef-9ade-4522-a9a7-c1dd36f7d2fa
78.140317,74.83915,25.48,2015-09-22 16:22:10,8780f6e0-2047-45dd-9bad-5a74e0a39206
78.1354,74.811078,25.51,2015-09-22 16:24:41,c2267d9a-af05-4395-8296-10e481106e6f
78.13055,74.78307,25.51,2015-09-22 16:27:12,c3cc87dc-1e5a-4a8f-98dd-d12295a8fea5
78.125683,74.755223,25.51,2015-09-22 16:29:43,a58255ed-c211-46b6-898d-10f542689864
78.120817,74.72784,25.5,2015-09-22 16:32:14,92531286-884f-4cb7-853a-3c23a2fdcc56
78.115933,74.699952,25.52,2015-09-22 16:34:45,157f14aa-24af-4628-bf99-866cd2af0b01
78.111033,74.672573,25.59,2015-09-22 16:37:16,bebd4f1a-1a3c-495f-a0e4-1f6b6e1384e0
78.1063,74.645828,25.68,2015-09-22 16:39:47,cc940159-da63-486b-ae7d-a29930634642
78.10165,74.619588,25.65,2015-09-22 16:42:17,0b867cf1-8411-421a-bcce-50151d5eb36b
78.096983,74.593105,25.59,2015-09-22 16:44:48,9ce434a8-a672-40fd-b81c-cc0a30f9cc26
78.092333,74.566887,25.59,2015-09-22 16:47:18,82bf9afd-39ca-4e95-a9c8-9ab4b4c6f65e
78.0875,74.541385,25.58,2015-09-22 16:49:49,df57eba9-b40c-4622-b401-2ea1326cd0ec
78.082667,74.516378,25.67,2015-09-22 16:52:19,07c33c45-05e2-4497-a090-1a1d282b3dbe
78.077817,74.491142,25.7,2015-09-22 16:54:50,2e7057cf-721b-4af1-bbdc-4d945fd60203
78.072967,74.465913,25.7,2015-09-22 16:57:20,8aa2aa19-5dec-4f27-a6fa-982c91bc8ea4
78.068133,74.440358,25.75,2015-09-22 16:59:51,ab568ed3-5e34-4f76-95bd-f730a7060415
78.063283,74.414757,25.81,2015-09-22 17:02:22,6c1ce386-2822-432c-a10f-354d43ed7e40
78.0585,74.389377,25.84,2015-09-22 17:04:52,bfa8b169-600a-42f5-be50-c253609c5c6c
78.053717,74.364292,25.98,2015-09-22 17:07:23,34a008b2-b74f-46ef-bba5-db19d9d428c7
78.04895,74.339665,26.86,2015-09-22 17:09:54,5bed6c90-5442-4400-b426-5dd1aae1c215
78.0442,74.315672,27.95,2015-09-22 17:12:25,06f4f94d-8e71-4fcd-8f94-1d8a7e93a30c
78.039567,74.291752,27.99,2015-09-22 17:14:56,1c591ca5-6c3f-4f44-85f5-57b7070310cb
78.034883,74.267882,28.28,2015-09-22 17:17:27,4572432e-6bd1-4c1a-bd14-e55d6926c762
78.0302,74.24418,28.41,2015-09-22 17:19:58,20aef0c5-0671-489e-a03e-9adf48335cbb
78.025567,74.220213,28.42,2015-09-22 17:22:28,5cbb3bc0-2e9c-418b-babe-8b4ae5afcbac
78.020917,74.195965,28.51,2015-09-22 17:24:59,323738ca-c7f0-4c9c-bfe6-8e34661dd585
78.016217,74.172138,28.46,2015-09-22 17:27:29,d341b977-e3f7-417a-a431-aa193d2bd50a
78.0114,74.148397,28.2,2015-09-22 17:30:00,f4a7c944-435f-499b-b7f4-c4d5b72a3ea9
78.00655,74.12473,28.04,2015-09-22 17:32:31,4a6f7a9c-3d2c-48c0-88a4-ac4448c8e922
78.001667,74.10084,27.99,2015-09-22 17:35:02,07a8c1cb-fd31-4a9a-844f-4169f0acd777
77.9968,74.077372,28.17,2015-09-22 17:37:33,758039ec-42b6-4ceb-ac56-103cbc0fa320
77.99185,74.054138,28.17,2015-09-22 17:40:04,aff389d2-fee3-4ddc-8f0b-56bcf866ff3f
77.986817,74.030375,28.2,2015-09-22 17:42:36,1f0af5c7-c6c6-4606-b28d-fc37b66f0fd3
77.981917,74.006163,28.2,2015-09-22 17:45:07,52c07d59-afe6-46be-8fc7-a2faa5fc6fa9
77.977033,73.981708,28.04,2015-09-22 17:47:38,c727775d-1385-4ba9-a72d-753be1b55f54
77.972133,73.957345,27.94,2015-09-22 17:50:09,51fa2d6c-64c0-465b-ba4c-158f2e260855
77.967267,73.93278,27.99,2015-09-22 17:52:40,3c2ce47e-4715-41d0-a418-c4a9cd65ee80
77.962433,73.907978,28.01,2015-09-22 17:55:11,786f2308-91b5-46b9-95f2-2061fa269463
77.957567,73.883053,28.12,2015-09-22 17:57:42,74f1ec67-f96f-49cf-ae17-69237fc5f465
77.95275,73.858757,29.24,2015-09-22 18:00:13,6a77bb16-57ec-4395-b472-e1a7cb54a5bb
77.947917,73.835027,29.39,2015-09-22 18:02:44,c2ab6563-2cf8-40ac-9853-68e4065c0f49
77.943183,73.811192,29.39,2015-09-22 18:05:14,5190208c-c1f1-4ce3-b0a3-f92bac87d545
77.938383,73.787322,29.42,2015-09-22 18:07:45,1bb779cd-af59-4d1c-b258-1847d9b6c094
77.93355,73.763658,29.37,2015-09-22 18:10:16,d7f6c313-5e13-4dfd-bdb5-0a1ad73bafdc
77.928883,73.739268,29.25,2015-09-22 18:12:47,e3e1af76-008f-43d9-bcdb-aa3478389fc7
77.924283,73.714905,29.18,2015-09-22 18:15:17,ac3613c6-c8a7-4c9c-b17b-174a33a73b8f
77.919633,73.690572,29.04,2015-09-22 18:17:48,0df07417-04a4-480b-8752-a2e2f57f409a
77.914967,73.666615,29.19,2015-09-22 18:20:18,733be206-c2e5-4980-a40a-82ec2384c3a3
77.91025,73.643102,28.64,2015-09-22 18:22:49,7316ce1a-526c-450c-a73a-b788dfe1191d
77.905567,73.619278,28.4,2015-09-22 18:25:20,4f283742-fadb-4a07-a44c-aba2deef17c9
77.900967,73.595038,28.45,2015-09-22 18:27:51,ae702dbb-4f6c-47a0-ade8-010817859334
77.896367,73.569978,28.61,2015-09-22 18:30:21,6d44874c-8278-45c8-b4f6-5335a2d01c91
77.891767,73.545748,29.24,2015-09-22 18:32:52,0cf790ac-e5d7-483d-9ceb-74c7e7590cd0
77.887083,73.521473,29.24,2015-09-22 18:35:23,2aaae052-035c-4701-81e5-253add4485ed
77.88245,73.497133,29.23,2015-09-22 18:37:53,6077e5fb-cd9e-4320-a151-582b1001b25f
77.877917,73.472515,29.32,2015-09-22 18:40:24,481d4572-8cb3-4970-bd59-39d914b89470
77.873467,73.44767,29.36,2015-09-22 18:42:54,c191a8da-5aee-4960-85d7-bd6fe95feaa2
77.86895,73.422768,29.36,2015-09-22 18:45:25,0c29f61c-0c99-42c1-a46b-edf668a36529
77.864417,73.397798,29.23,2015-09-22 18:47:55,a5141a05-8963-4011-8139-5b759ca2d6f4
77.859983,73.37282,29.17,2015-09-22 18:50:26,4f135a75-ec44-4962-8bde-46b70dbf5658
77.855517,73.347783,29.14,2015-09-22 18:52:57,f8aa7c9b-0d84-4cc1-89b4-8860ad25ac10
77.851083,73.322465,29.1,2015-09-22 18:55:28,3d558a4d-c268-48f6-8bc7-44bc0ce17ba1
77.846733,73.297257,29.09,2015-09-22 18:57:58,383e4b2c-71b4-4347-b2d6-2ab4eed4c58f
77.84235,73.271845,29.06,2015-09-22 19:00:29,d6107e11-7e4b-45aa-9a8a-205a54f2448d
77.8381,73.246585,29.02,2015-09-22 19:03:00,09b8f688-87d1-4aba-bf61-7d1892ab0c8e
77.833833,73.221773,29.07,2015-09-22 19:05:30,8d3c5158-1bf1-406d-95f4-5c3cfd19ed42
77.829283,73.197742,29.02,2015-09-22 19:08:01,929baa49-01c3-4e72-b03c-768968d70b40
77.824767,73.173762,29.01,2015-09-22 19:10:31,b271fc86-6218-40d5-ab82-3b11d443bea6
77.820083,73.149893,29.61,2015-09-22 19:13:02,4af7efef-13af-45d0-93ce-8e92d706de8a
77.815283,73.12612,29.26,2015-09-22 19:15:33,25696c88-6d69-4587-81d0-d6d466e8b27c
77.81045,73.102407,29.21,2015-09-22 19:18:03,2b5ef641-19c2-4567-9842-39bdf6290f35
77.805633,73.078317,29.24,2015-09-22 19:20:34,3b630bcf-9416-4fcd-bd08-94a0bb4431e9
77.800833,73.054365,29.28,2015-09-22 19:23:05,82f26f63-2381-473f-afa2-b12e660df524
77.796117,73.029802,29.31,2015-09-22 19:25:35,c61ea198-ee74-4c08-9aa8-76d2eccde92e
77.7914,73.005003,29.35,2015-09-22 19:28:06,d5cbd5e4-d42f-4abe-ac0c-9b12132a6180
77.786683,72.98,29.42,2015-09-22 19:30:37,2044ee69-9e40-4b6e-82c8-bfa105a12f15
77.78195,72.954992,29.68,2015-09-22 19:33:08,69f90f6a-19d1-450f-b796-31e6b918e7a4
77.777183,72.929852,29.8,2015-09-22 19:35:38,3e0adc30-f232-4c79-8b09-672e0ef680ba
77.772433,72.904837,29.83,2015-09-22 19:38:09,a1db26b5-e7d2-43c3-8d89-43cb2858e53e
77.76765,72.879605,29.93,2015-09-22 19:40:40,89f2f6ce-d627-4072-b826-0bd21f24bd3f
77.762833,72.854822,29.9,2015-09-22 19:43:11,560af9d9-8f2a-4301-a8ba-a49135296ef0
77.758017,72.83015,29.87,2015-09-22 19:45:41,f81de89e-b1ef-4efa-a76e-f84ea4c84583
77.7511,72.796158,29.86,2015-09-22 19:49:10,2f483b38-b709-4260-bd32-6ca51e8aff56
77.746083,72.772402,29.71,2015-09-22 19:51:41,1544c3dd-2328-4d36-9766-f279823bb560
77.741017,72.747942,29.66,2015-09-22 19:54:12,f1d8ab17-f327-4048-b0e5-7cf7570bcdce
77.736033,72.723245,29.71,2015-09-22 19:56:43,d64923b9-e3e6-4387-9839-198e2f0df37d
77.731083,72.698387,29.69,2015-09-22 19:59:13,cdcfd605-825b-4a8e-8002-ee59089520d6
77.7262,72.67347,29.73,2015-09-22 20:01:43,c110d7cd-b23e-43bf-b884-834ba54818f0
77.7213,72.648952,29.93,2015-09-22 20:04:14,e5654515-7021-4a9c-893d-d631e272f837
77.716383,72.623832,29.76,2015-09-22 20:06:45,b6928ab5-c050-44b1-a015-e435d6ec8e8a
77.711517,72.598747,29.81,2015-09-22 20:09:16,87954c5f-2ada-46d3-b9d4-0f2e239cb126
77.706683,72.574065,30.05,2015-09-22 20:11:46,749a7121-a0bb-4299-b099-dd7629370de6
77.701933,72.549625,30.18,2015-09-22 20:14:17,689a449c-ea81-4722-9551-c4d907e874b8
77.69715,72.525225,30.37,2015-09-22 20:16:48,944788f1-6be8-400f-a3a1-fe519f8aed3f
77.692367,72.500613,30.4,2015-09-22 20:19:18,e4b83f35-3d2f-4ebc-85dd-4989f5c180ee
77.68765,72.476192,30.33,2015-09-22 20:21:49,fb6ad626-e3be-44ed-9b2a-93f65e12b2ae
77.682933,72.451605,30.6,2015-09-22 20:24:20,73181adb-d59e-4933-8bf2-1acd1451800c
77.6781,72.427632,30.79,2015-09-22 20:26:51,046e34b3-cb6c-406e-a258-dcb3c69e89af
77.673283,72.403768,30.7,2015-09-22 20:29:21,36b0e99c-03e7-46c6-83ec-d603ac30fe75
77.6685,72.379587,30.68,2015-09-22 20:31:52,f9dd3b61-ce93-47af-b4ca-e6933afd25e4
77.663717,72.354792,30.62,2015-09-22 20:34:23,94cf999b-1495-471f-913f-ee3e2155030d
77.658967,72.32957,30.72,2015-09-22 20:36:53,18337e58-fe78-4b32-9900-9a5c68da6c63
77.654233,72.304798,30.8,2015-09-22 20:39:24,a82db263-1aaf-4b15-b84c-29147556eb1e
77.649517,72.280342,30.83,2015-09-22 20:41:55,d048d09f-23e2-4bea-bc19-dcc573c9ab61
77.64485,72.256193,30.78,2015-09-22 20:44:26,5fb574c1-6686-41bf-a257-0f8cafcd07d9
77.64015,72.231702,30.72,2015-09-22 20:46:56,a01efd7e-cf8e-489d-afad-f1fbb1f99ce0
77.6355,72.207532,30.68,2015-09-22 20:49:27,43ce0ed1-f8f1-4486-97ea-1464228c8415
77.630717,72.182807,30.65,2015-09-22 20:51:57,fa0c9493-d15b-49e3-b2fd-4d26ab68f34d
77.626117,72.158778,30.64,2015-09-22 20:54:28,02569cee-cc83-4bdd-8537-ed0d1a7dcdf3
77.621467,72.134543,30.63,2015-09-22 20:56:58,70959d0c-1ad3-47ab-b305-2f2ea866afac
77.6169,72.11059,30.64,2015-09-22 20:59:29,176c9c90-4218-44c5-ba20-2055eedf0f68
77.612317,72.086642,30.63,2015-09-22 21:02:00,e72a3db5-17a5-44be-a171-74119b02069b
77.607717,72.062938,30.62,2015-09-22 21:04:30,2478bf6c-2a77-4111-9327-30e6f7ed1cff
77.60305,72.038995,30.59,2015-09-22 21:07:01,b0f78751-fcfd-41c9-a896-7139851a2ba0
77.598483,72.015092,30.56,2015-09-22 21:09:31,cc0e3ad4-97a6-495b-b13c-e8a007ac94d7
77.593967,71.990868,30.52,2015-09-22 21:12:02,6f9d59a9-9960-441b-9a3a-61ceb7695837
77.58945,71.966648,30.49,2015-09-22 21:14:33,61c959f7-208e-4e0c-ae1a-cb66c0e4c065
77.584883,71.942687,30.43,2015-09-22 21:17:03,75639001-aaea-4b00-a50e-6eaae75ff535
77.5803,71.919223,30.46,2015-09-22 21:19:34,7a9b5262-b72c-4fcc-bdb8-6ba61766db10
77.575633,71.89553,30.56,2015-09-22 21:22:05,3c7851c5-187b-4b72-83f9-f66c38386eb7
77.571017,71.871813,30.6,2015-09-22 21:24:35,bca10937-5677-440d-b66d-6ea54ec1cee0
77.566533,71.849188,30.59,2015-09-22 21:27:06,19fa518c-b205-4a13-8067-b16b830b8e21
77.561733,71.824653,30.58,2015-09-22 21:29:37,835718c4-a720-4e68-b111-f56a7dad36d5
77.557083,71.801207,30.48,2015-09-22 21:32:08,6f348955-3a4e-437e-a3f6-d23358f9ea07
77.552317,71.777612,30.31,2015-09-22 21:34:39,64968595-a716-4702-9827-e50c9becc621
77.5476,71.754097,30.24,2015-09-22 21:37:10,3cabf046-a275-43b7-b876-343a8a0a6e23
77.542833,71.73064,30.23,2015-09-22 21:39:40,fac1bb8a-9848-478f-a67f-1c0fb58e7d9a
77.53815,71.707467,30.21,2015-09-22 21:42:11,d008248a-9b24-4ec6-9f39-765d87850b57
77.533533,71.684423,30.22,2015-09-22 21:44:42,b204178a-1985-4ad4-92b4-983721be3613
77.528767,71.660945,30.21,2015-09-22 21:47:12,5600b0b9-c0d1-4e8c-b4ba-3e83cc9a1357
77.524,71.637707,30.28,2015-09-22 21:49:43,bca1cb10-69a7-49a1-b1f9-84946b51b10e
77.519633,71.616825,30.28,2015-09-22 21:52:14,e96c6e74-205f-4555-bc0c-99806e86613c
77.5146,71.592857,30.28,2015-09-22 21:54:44,b0ec44e7-f506-45c6-8676-19814b38c1d2
77.50985,71.570237,30.25,2015-09-22 21:57:15,4a12fbc3-c1ae-4a0b-b930-74645e5c4d06
77.5051,71.547468,30.26,2015-09-22 21:59:46,6697cf40-1b2b-439c-a22f-1087825fca33
77.500333,71.524062,30.29,2015-09-22 22:02:17,0b4cb7d6-a8e4-4495-a462-2998654e9644
77.495683,71.500908,30.35,2015-09-22 22:04:47,5d7b691d-3820-492f-b6f5-0010c7152a1e
77.490967,71.478108,30.48,2015-09-22 22:07:18,ff638589-6abb-4837-afb0-e916ae82f5ae
77.486167,71.454835,30.46,2015-09-22 22:09:48,4f0b8bae-f7d9-4856-90a2-e9327e61711a
77.481417,71.431942,30.52,2015-09-22 22:12:19,20814991-3a63-4190-8904-28fc02dba5e5
77.476683,71.409365,30.63,2015-09-22 22:14:50,307ae12c-99c8-4dee-9e34-77c94f3d8c5d
77.471867,71.38646,30.56,2015-09-22 22:17:21,68e87ed3-2ccb-4853-ba51-d9857451892f
77.46705,71.36372,30.69,2015-09-22 22:19:52,6ac5aea0-eded-4a1b-bbd9-3290d82a0369
77.4623,71.34026,30.76,2015-09-22 22:22:23,0b124b22-8edb-416b-9f52-2178da401272
77.457717,71.316745,30.83,2015-09-22 22:24:53,f255e7e5-d527-4be2-b03f-df2b44f4d2c1
77.453217,71.293445,30.65,2015-09-22 22:27:24,cb38bcb4-cfc3-49c6-9110-dbf3ad24e881
77.448733,71.269777,30.52,2015-09-22 22:29:55,e35e1e9e-dfa2-408a-b010-d122d34e4044
77.444217,71.24583,30.45,2015-09-22 22:32:25,ed7fbe99-0dca-4c5a-98b2-9dad39cd487b
77.439617,71.222255,30.37,2015-09-22 22:34:56,1c368ebb-02a2-4477-a846-6fda81ebe7bf
77.435117,71.198757,30.37,2015-09-22 22:37:27,fe637352-30d3-4602-86e4-46d20063e361
77.430517,71.17455,30.43,2015-09-22 22:39:58,10c4aa9d-0ec3-4f98-a83c-1f570124b85d
77.425867,71.150698,30.42,2015-09-22 22:42:29,93834923-7060-415a-80bf-cc1c312ee745
77.4212,71.1265,30.44,2015-09-22 22:44:59,dd1b520e-0bf5-41a1-926c-acdbc9d91db3
77.416533,71.102603,30.46,2015-09-22 22:47:30,8e4b77bc-963e-4f5b-a3dc-804e4ea5d1ae
77.411817,71.078453,30.46,2015-09-22 22:50:01,ff2e4a2c-a95f-4a0e-9338-74bd9d0e3e17
77.40715,71.054212,30.5,2015-09-22 22:52:31,ba13a0a6-9320-4f58-b199-5222227bb5d5
77.402467,71.030307,30.48,2015-09-22 22:55:03,8afb3ee1-da7d-46d3-b956-91349910093b
77.3978,71.006502,30.44,2015-09-22 22:57:33,94a2f622-c9fb-46e5-ae75-56bae11fdd29
77.3932,70.982995,30.4,2015-09-22 23:00:04,b66b2678-ebf7-4c55-80ff-37bb206e6aa7
77.388517,70.959795,30.41,2015-09-22 23:02:35,b94ead86-0329-4e8f-9370-a78dfab3d6c4
77.383917,70.936478,30.44,2015-09-22 23:05:05,9c7ed0ef-c225-4dca-9e0e-a269f87ae4d6
77.379367,70.913225,30.46,2015-09-22 23:07:36,d082abd7-ab22-4abe-8410-df1b33b088f7
77.37485,70.890112,30.44,2015-09-22 23:10:06,c2bc355d-ae5f-492b-bc28-8674dfc857fc
77.370317,70.867422,30.37,2015-09-22 23:12:37,8cc8dc36-2408-4b33-8c1d-084a78b4d640
77.365783,70.844453,30.35,2015-09-22 23:15:07,82c730af-576f-49d0-ad53-7665a6d36aa8
77.361217,70.821387,30.31,2015-09-22 23:17:38,5cc99a92-d6a5-4e9d-ba99-8b2070930159
77.3567,70.797882,30.27,2015-09-22 23:20:09,ce8d98b2-148e-4239-ac1f-1808e42eef8b
77.35215,70.774053,30.27,2015-09-22 23:22:39,01628004-bba6-4a4e-b3b5-5ecdfe4a1980
77.34755,70.750767,30.31,2015-09-22 23:25:10,1ea1175b-e56d-4e10-a5c4-30d720058446
77.34295,70.726948,30.41,2015-09-22 23:27:41,5c549456-54bc-4122-b7f3-dc02b903b39c
77.338383,70.703413,30.5,2015-09-22 23:30:11,2025587e-18c7-4ae2-8b4e-0f111ae05368
77.333783,70.679543,30.48,2015-09-22 23:32:42,7276628a-b908-4b21-8ead-3f91329d63cb
77.329183,70.655777,30.48,2015-09-22 23:35:13,7e02c1dd-fdc0-401b-b694-cc5d95654af4
77.324583,70.632333,30.47,2015-09-22 23:37:44,300645f0-6a20-4a4f-8dd0-fc145b1bd03f
77.319867,70.608922,30.31,2015-09-22 23:40:15,03224f1c-aa4e-47a1-be9e-69c1b2323118
77.315167,70.585632,30.29,2015-09-22 23:42:45,2187b1c6-d6e5-4003-bf62-281d3f80bfb9
77.31035,70.562415,30.43,2015-09-22 23:45:16,ddef36e5-6979-430b-8730-67ea731c8b3a
77.30555,70.539077,31.63,2015-09-22 23:47:46,db5b777b-7f27-4101-9da3-3de74a003ceb
77.300683,70.516027,32.15,2015-09-22 23:50:17,4a5a0690-d0c1-41b0-9ba0-a52e2707cc2a
77.295883,70.492815,32.18,2015-09-22 23:52:48,80f34d7d-d595-4edd-b6cd-9d93e5b95d7a
77.291067,70.469557,32.17,2015-09-22 23:55:18,9aef3194-89b7-41d5-af0e-9c728c57e9ed
77.2863,70.445928,32.14,2015-09-22 23:57:49,8b288450-aabc-4fc8-9a95-760a9bb6db34
77.281033,70.420027,32.13,2015-09-23 00:00:35,e062de09-74b6-4f0a-82c6-bafbcb927564
77.27635,70.396782,32.13,2015-09-23 00:03:05,7a5a26a2-6ce0-4df3-bbb1-9326da10e06f
77.271733,70.373777,32.13,2015-09-23 00:05:35,167d67da-6302-47ac-953b-7b85b5f20d34
77.26705,70.350858,32.12,2015-09-23 00:08:06,e5228ba7-e006-4deb-9f8f-2a2c83c3d759
77.262383,70.327782,32.15,2015-09-23 00:10:36,aed99c77-4fa6-4aa2-98ee-15858884b25f
77.25765,70.305253,32.18,2015-09-23 00:13:07,d004e65e-ab6d-48a4-b517-bb0174a92255
77.2529,70.282758,32.19,2015-09-23 00:15:37,00f3f6f4-3b98-4d1e-a583-6ba2a90f9bae
77.2481,70.26037,32.2,2015-09-23 00:18:08,d92330f7-d746-432f-97ee-d513d0f1a3e3
77.243183,70.237995,32.16,2015-09-23 00:20:38,39572a07-096a-43df-b12c-6db2d45862ee
77.238333,70.2159,32.15,2015-09-23 00:23:08,ef909785-82cb-4262-b3b2-67c58c967900
77.233483,70.193588,32.18,2015-09-23 00:25:39,c02180a6-f754-4415-a976-874a64963454
77.22865,70.170653,32.18,2015-09-23 00:28:09,01e5895c-40e2-40d7-856f-8e6a9de6e2a8
77.223917,70.147303,32.19,2015-09-23 00:30:41,1ade0a37-7b7f-4e4a-8085-decf90d180ab
77.219233,70.1239,32.18,2015-09-23 00:33:11,3a1a6ae5-dcba-42c1-af58-047d386a2dfb
77.214567,70.10074,32.19,2015-09-23 00:35:42,9ae084c7-07c7-49e3-8071-38a95e7629af
77.209933,70.07772,32.16,2015-09-23 00:38:13,9e971c53-df75-4825-8ee2-8ac70264451f
77.205267,70.054597,32.18,2015-09-23 00:40:43,f46ad101-02e3-44f1-b78a-356ae92e0b77
77.200633,70.031487,32.24,2015-09-23 00:43:14,dcca2aee-0fac-405f-b5b4-c7fa5458101f
77.195933,70.008228,32.24,2015-09-23 00:45:44,5ab0adfd-e37e-4765-ad97-b20f1e279e49
77.191267,69.98546,32.22,2015-09-23 00:48:14,c1029cba-d345-4367-bf9c-bf24945acfbb
77.186517,69.962533,32.16,2015-09-23 00:50:45,1a10f3ca-86b6-4d71-a4e0-959a10cafaaf
77.1819,69.939247,32.1,2015-09-23 00:53:16,77e03e32-449a-4cdf-ade3-4c415582c096
77.17675,69.913438,32.04,2015-09-23 00:56:02,85755cf8-36b1-42a2-967a-a97544f07253
77.172117,69.890095,32.03,2015-09-23 00:58:32,b63884ac-2422-441d-90a3-9c66261f6ac5
77.167517,69.86649,32.04,2015-09-23 01:01:03,7092aec1-8901-4ff9-b20f-adb8962d607c
77.162883,69.8429,32.04,2015-09-23 01:03:33,bf19022d-4ef1-46ca-8bea-6aae1fd270e8
77.158233,69.81935,32.05,2015-09-23 01:06:04,c66943f4-57a6-446d-bf15-a88d549edef0
77.153517,69.796018,32.08,2015-09-23 01:08:34,5b853f2e-1ed7-4ed5-adac-00ac9a70e608
77.148833,69.772638,32.06,2015-09-23 01:11:04,a77f2ac5-22c4-46f0-9a09-32b6ab7621af
77.144083,69.749527,32.1,2015-09-23 01:13:34,6c487693-a6ff-4c89-a301-a962350366d3
77.139417,69.726697,32.14,2015-09-23 01:16:05,35b2be03-9957-450d-b49a-e28060c74417
77.1347,69.703308,32.16,2015-09-23 01:18:36,9f445a93-7b5a-4f5a-9a15-5a6a0cffa95f
77.129983,69.6804,32.18,2015-09-23 01:21:07,e5333777-183e-4712-b672-771805d044be
77.125167,69.657148,32.2,2015-09-23 01:23:37,5ce9fd59-4d9a-45c5-9eac-4e47726e3447
77.120333,69.633862,32.18,2015-09-23 01:26:08,09066778-ebee-47ee-bb5a-3430ed51f03c
77.11545,69.610377,32.17,2015-09-23 01:28:40,19121429-0196-4cd5-a2ed-e8e5899c2a42
77.110567,69.587228,32.08,2015-09-23 01:31:10,0ae29758-ebf7-4a6e-9d00-28b9613490a9
77.1057,69.56408,32.04,2015-09-23 01:33:40,98722d05-e818-4ca5-93de-ba90d9ee4140
77.1009,69.540397,32.05,2015-09-23 01:36:11,658a4515-7645-4814-a83f-540df5e93b12
77.09605,69.516488,32.06,2015-09-23 01:38:41,c469e948-bf1f-4351-9d49-06d20e66e4be
77.0912,69.49272,32.06,2015-09-23 01:41:11,baa8b4cc-262a-4425-846c-faa522c4c56c
77.086233,69.468895,32.0,2015-09-23 01:43:42,f3c70e22-a5c1-4f7c-b35e-134a9441dbe9
77.081467,69.44476,31.91,2015-09-23 01:46:12,212ef706-cc8a-4ef3-a205-dee0b04743ef
77.076667,69.420138,31.85,2015-09-23 01:48:43,a4b614c5-ab0d-4d92-9980-bbdf0255939b
77.071883,69.396007,31.84,2015-09-23 01:51:13,76e5b387-16cd-4bf2-978d-eab13142938d
77.06715,69.372007,31.85,2015-09-23 01:53:44,fac28039-9126-4b65-bf41-eda96c15b50b
77.0625,69.348108,31.84,2015-09-23 01:56:14,641b62dc-aeca-4005-9d5d-a463e151e85d
77.057917,69.323597,31.86,2015-09-23 01:58:45,c0f96712-c1de-42fc-a29a-a6acbe7d06cb
77.053233,69.299542,31.98,2015-09-23 02:01:16,8e2d8c07-58a5-41ec-849f-1f53163fd702
77.04845,69.276107,31.98,2015-09-23 02:03:46,1c89fa2b-5ed7-460d-95b4-6eace7983097
77.04355,69.252667,31.93,2015-09-23 02:06:17,993499a8-8ed3-4365-8c0c-b4750f3003a8
77.038667,69.229502,31.89,2015-09-23 02:08:47,726dfd40-6c38-4455-a1e1-03205eaf1c44
77.033817,69.206175,31.89,2015-09-23 02:11:17,9d812cf7-da82-4672-bff0-1b91a50468df
77.028967,69.182382,31.89,2015-09-23 02:13:48,e7ac529c-a392-4798-bedd-7f3fb8cab72a
77.024183,69.158668,31.89,2015-09-23 02:16:18,d7d5ddcd-1aed-4c83-a8bb-e3247ea38fbb
77.019533,69.134487,31.88,2015-09-23 02:18:49,0d83d6a1-1ae9-4d3c-86c6-d48067b4917e
77.015033,69.109615,31.88,2015-09-23 02:21:20,49372774-b8be-4c33-82ba-77c20ae40ba9
77.010533,69.08442,31.89,2015-09-23 02:23:51,eb5697f0-65e8-46de-af64-0bc524d1698d
77.005983,69.058702,31.94,2015-09-23 02:26:21,b38c0efa-a2e0-4f7c-beb5-d316726a6879
77.0014,69.032562,32.02,2015-09-23 02:28:51,79aa9959-59cc-4ac5-a5ba-a00d1e0fe697
76.99655,69.007135,32.11,2015-09-23 02:31:22,69b250b7-351e-4424-8656-baf496e95850
76.991767,68.982877,32.49,2015-09-23 02:33:52,8ed66e71-ce96-43db-bd32-c59fe3cb92a1
76.986833,68.959477,32.59,2015-09-23 02:36:23,43a10505-c167-45db-a412-ada5bdd841d3
76.98185,68.936418,32.59,2015-09-23 02:38:53,524c27ca-1d3e-4261-9f15-98244a2dfc55
76.97705,68.913928,32.61,2015-09-23 02:41:24,9471ce0b-a708-46a3-96e9-ae4032d68254
76.972383,68.892105,32.42,2015-09-23 02:43:54,9f58bb09-a2fd-41b2-83fb-3521d585d5f5
76.96825,68.871427,32.08,2015-09-23 02:46:24,81d46a20-f05a-47b4-b206-3dd2914c3f32
76.9639,68.850377,32.02,2015-09-23 02:48:55,6e3890d3-a06e-4604-b05c-74c034056b2b
76.959633,68.828428,31.97,2015-09-23 02:51:25,4ba49313-4622-4c41-b0ee-2cbf1e3f2184
76.9554,68.804925,31.93,2015-09-23 02:53:56,e5f7703a-0e4f-46ab-9948-abc150a4c882
76.951317,68.781187,31.92,2015-09-23 02:56:26,a6c98f61-cb38-4536-bcde-69dd3e2d9a0e
76.94725,68.756563,31.91,2015-09-23 02:58:57,2c14db9d-29a9-4d30-a4ea-4db436080ad5
76.943317,68.732382,31.93,2015-09-23 03:01:27,7c1c30dc-c714-4e0b-9c4b-20cc55a6b5dc
76.9416,68.706947,31.93,2015-09-23 03:03:58,412b9e1e-f9e3-4410-97bf-deb5aa96f980
76.941433,68.68084,31.97,2015-09-23 03:06:28,6b569b80-f6a4-4fe5-bf47-e236673961ab
76.941817,68.657183,32.0,2015-09-23 03:08:58,261536c4-93f0-4817-bad4-fbb76feb8c0d
76.942067,68.63929,31.99,2015-09-23 03:11:29,b7e2c7a6-2683-4096-9fe4-b8f8d5b945e9
76.94225,68.622483,31.98,2015-09-23 03:13:59,38cb05a7-71fb-4b44-8f11-3de086863497
76.942417,68.608085,32.03,2015-09-23 03:16:30,34046c27-b284-47fa-bd35-257ae03ab55a
76.942617,68.59811,32.05,2015-09-23 03:19:00,7be5ff7d-9769-49c9-8feb-293884cda37e
76.816617,69.602382,32.38,2015-09-23 07:14:18,70651c0f-f57f-4497-aa18-6f61b6a66b41
76.812617,69.629705,32.47,2015-09-23 07:16:49,444d0b80-4085-44ac-b0fd-0b7ed904000a
76.8087,69.656798,32.47,2015-09-23 07:19:19,ff8c90ea-16ca-43ad-b9f1-f523da93fd5d
76.804717,69.684297,32.47,2015-09-23 07:21:50,c6b6d560-e748-4c5e-b6ea-3183a7899344
76.80075,69.711785,32.48,2015-09-23 07:24:21,b07fc416-3226-4900-a1c2-3c1b761c4b7c
76.7968,69.738913,32.48,2015-09-23 07:26:51,fecd1738-bb95-4923-a50c-d8c7b649f5ea
76.79285,69.76612,32.48,2015-09-23 07:29:21,0b0aec68-484c-49d2-8266-1917999aceb2
76.788917,69.793083,32.46,2015-09-23 07:31:52,dd977ca4-44dd-4b8d-8cae-dbac6262ebb5
76.784933,69.81984,32.44,2015-09-23 07:34:23,8c76ed0b-98d5-4964-8104-80afaa4848ad
76.780933,69.846815,32.42,2015-09-23 07:36:53,622cff6b-26f9-46a1-ba37-78ce6e088fe0
76.776917,69.873438,32.46,2015-09-23 07:39:24,fcb2c925-eecf-4a98-b53d-9e5a801148e2
76.772967,69.900995,32.48,2015-09-23 07:41:54,4560bf17-a200-41a5-ab72-db1151c2cc2f
76.768917,69.927895,32.48,2015-09-23 07:44:25,eef3f15d-3bb2-4554-aa79-f82e2362a36e
76.764783,69.95431,32.53,2015-09-23 07:46:56,49971b02-e8c0-478d-94e7-d9d5ee31d576
76.760583,69.9816,32.61,2015-09-23 07:49:26,1203fca1-57e8-443a-8cb4-1d7fc4293480
76.756317,70.009058,32.6,2015-09-23 07:51:57,36f5f129-964d-4ad6-958b-b5b2a596e900
76.751967,70.035842,32.59,2015-09-23 07:54:28,397b2fe9-7945-48ed-a4bc-9cc634c2c174
76.7476,70.062728,32.61,2015-09-23 07:56:58,0abff25e-c588-4233-8e38-fe4daf6d2967
76.743283,70.089465,32.62,2015-09-23 07:59:29,bf70a2c3-4555-4386-8732-eb9d4339a9bd
76.739017,70.11703,32.61,2015-09-23 08:02:00,965b2728-7d01-4c70-bba3-6320bc45a5da
76.734783,70.144343,32.62,2015-09-23 08:04:30,11d4412c-edde-44bb-b37e-3f628d882acc
76.730617,70.17139,32.64,2015-09-23 08:07:01,26fc6a63-5200-46e9-8e8e-24bbfc00bde6
76.726467,70.198308,32.65,2015-09-23 08:09:31,fa719085-0372-4a73-bd01-ec50629dc4a2
76.722467,70.22502,32.69,2015-09-23 08:12:02,316daacc-a72c-438a-9e89-580d30dcc1bc
76.718533,70.252332,32.73,2015-09-23 08:14:32,4d53ea60-5b9f-477b-8885-b087c53371a1
76.7146,70.279832,32.69,2015-09-23 08:17:03,5dd30299-acc3-4243-b2f5-3a34050cbaed
76.710467,70.30713,32.65,2015-09-23 08:19:33,b7632800-8d6f-49ba-84b4-332eb36d4756
76.70615,70.33797,32.65,2015-09-23 08:22:19,4a91ce45-6926-4717-b214-ab3b3c5e8408
76.702167,70.365615,32.59,2015-09-23 08:24:50,1e7e18dc-a4b5-434a-8405-225c88c95f09
76.698033,70.392882,32.45,2015-09-23 08:27:20,10963df3-c61f-4026-a644-6ac3dc3d3aa7
76.693833,70.419698,32.38,2015-09-23 08:29:51,b7045b98-a310-4e39-84be-c66911780804
76.689517,70.4466,32.28,2015-09-23 08:32:21,afc9d77c-c606-4c36-ab48-e6e467ebf657
76.68515,70.473513,32.27,2015-09-23 08:34:51,f15ddd8b-8650-4ff6-ba7c-884992459f56
76.68075,70.500595,32.18,2015-09-23 08:37:22,007f55a2-e113-4d49-b8da-fcce1cce61a3
76.67635,70.528058,32.06,2015-09-23 08:39:52,f62e7676-f73c-44fd-be26-0fa080740cfc
76.671883,70.555133,32.02,2015-09-23 08:42:23,1a6b72f5-c3fc-4ed4-b792-8be9be39db44
76.66755,70.582523,32.02,2015-09-23 08:44:54,2befa063-7a4d-4272-a74b-b1a1b95aa462
76.6632,70.609993,32.01,2015-09-23 08:47:25,66c8096e-2f1c-4cd6-9b7f-3e30c8d6152e
76.6588,70.637602,31.97,2015-09-23 08:49:55,373f3542-519c-4d77-a983-aa095c76d006
76.65435,70.665053,31.93,2015-09-23 08:52:26,24807ccb-d1d6-481b-901f-2548573c7be1
76.649967,70.692585,31.92,2015-09-23 08:54:56,cf37bf93-d6fd-4137-a8fd-edcdd32247a2
76.6456,70.719568,32.01,2015-09-23 08:57:26,68653824-d452-4e3d-af92-ca98e972ae58
76.64135,70.7466,32.06,2015-09-23 08:59:57,ae996c74-b2fc-4118-b10f-b4067273c099
76.637217,70.774062,32.05,2015-09-23 09:02:28,b7b9e17f-af7a-4fda-97f5-a7114d85f721
76.6331,70.80094,31.99,2015-09-23 09:04:58,4b81c646-60a9-4d07-b3b7-4f62658f16fc
76.62895,70.827433,31.71,2015-09-23 09:07:29,51194404-1271-4a8b-a71c-e6aee4a4b6e6
76.6248,70.85401,31.47,2015-09-23 09:09:59,7ccd5260-90f4-43e6-bdd0-535fa63d37a4
76.6207,70.880125,31.29,2015-09-23 09:12:30,b55bfcfd-11fe-4022-83d8-bbbbef10f05d
76.616567,70.906483,30.99,2015-09-23 09:15:00,79768182-6e04-41c3-942f-030aacfd643f
76.612433,70.932723,30.59,2015-09-23 09:17:31,4dcb8f2a-c29d-45ad-8047-2cf8d1a9c7f7
76.608317,70.959077,30.32,2015-09-23 09:20:02,ff18756e-2851-4c10-9de4-8523b181f95b
76.60415,70.985353,30.1,2015-09-23 09:22:32,dd7f3f23-1a7b-4de5-823f-24bd8a0fa198
76.600017,71.011453,29.78,2015-09-23 09:25:03,f586df02-d5a2-457f-aebe-4d572a95513b
76.595883,71.03763,29.51,2015-09-23 09:27:34,af995420-5c65-4a73-b2e2-55bcbe1d9465
76.591767,71.063777,29.33,2015-09-23 09:30:04,7681b480-d0a6-4333-b6f2-577226809b49
76.58765,71.089988,29.33,2015-09-23 09:32:35,0966a9fe-fe18-44ec-89e3-9ce8fcd581d9
76.5835,71.116523,29.33,2015-09-23 09:35:06,c6fb3b90-cf04-4387-9a7d-b5f04338e4c1
76.579267,71.143277,29.55,2015-09-23 09:37:37,08c77d72-117c-473c-8269-f81abc683855
76.575083,71.170033,29.52,2015-09-23 09:40:07,db57c797-3654-4450-9593-9df52f669a02
76.570917,71.197057,30.02,2015-09-23 09:42:38,a36a5d28-05f0-4577-9da6-136a2818a975
76.5668,71.22366,30.54,2015-09-23 09:45:09,f3831448-9cad-4d5a-a934-342d5c3466a4
76.562983,71.250677,31.16,2015-09-23 09:47:39,69d46f6e-25fa-44f4-9acb-829c2bf1b8a3
76.559417,71.277848,31.46,2015-09-23 09:50:10,d153a8ff-4773-41de-b03a-018559c57c6f
76.555917,71.304788,31.86,2015-09-23 09:52:40,83891e9c-8ed4-4558-9dd3-916f7974ff43
76.552483,71.331193,31.95,2015-09-23 09:55:11,2c8add00-56c2-43e4-bbbd-d57275177144
76.549367,71.355255,32.06,2015-09-23 09:57:42,3642963f-6876-443c-a98f-8f7467633dcc
76.546867,71.375252,32.15,2015-09-23 10:00:12,16cf973c-09ba-4993-a463-d20033b1f3b7
76.543733,71.381185,32.16,2015-09-23 10:02:43,de86f188-931a-4ac2-a0a8-4f9d07914a6f
76.530617,71.371762,31.85,2015-09-23 14:29:41,109794fd-4e40-4315-82ab-0ce56c46d840
76.527283,71.36369,31.57,2015-09-23 14:32:11,d21375b1-fcaf-46b3-a682-b045a737a223
76.522867,71.351653,31.47,2015-09-23 14:34:42,fda659f4-6d61-409f-8be0-f013c7b2af06
76.517967,71.338102,31.19,2015-09-23 14:37:12,fb09b736-3f4f-49d8-ad39-e3c1a3212fc5
76.512667,71.323282,31.06,2015-09-23 14:39:42,a6ceaf58-796c-4bb6-afbd-5029e3679b27
76.50745,71.308765,30.55,2015-09-23 14:42:13,742181d9-9e56-4437-85c0-ce7e03c9a398
76.503083,71.296062,30.07,2015-09-23 14:44:44,21f0bd44-56ce-4ee1-9dfe-8049bdcb18c4
76.499133,71.284803,29.56,2015-09-23 14:47:14,f8dcfe27-049c-4b79-8dcf-9a6c02ff6284
76.494917,71.274292,28.86,2015-09-23 14:49:45,b1386a86-beb0-4184-a22d-b546fb15a714
76.490583,71.263307,28.91,2015-09-23 14:52:16,37f4a59c-f917-42f6-a036-b548094356ea
76.4863,71.25226,28.23,2015-09-23 14:54:46,0b6cfa54-b7da-4d11-9aa8-9735ff5317a3
76.4819,71.239802,27.15,2015-09-23 14:57:17,8be0960f-4ea3-4693-b592-56991e727f22
76.477317,71.225957,26.51,2015-09-23 14:59:48,a69d9f0d-5e59-4f16-8fbe-1f38172e76a3
76.472233,71.210455,25.8,2015-09-23 15:02:19,c237e083-2d10-4227-b8c7-e1a58b0941ee
76.466967,71.193617,25.42,2015-09-23 15:04:50,b9dcc68e-447f-4792-85fb-9f44b4041451
76.461483,71.175977,25.07,2015-09-23 15:07:20,64694999-e68d-4e37-80b1-831c4c9bbd46
76.455917,71.157827,24.63,2015-09-23 15:09:50,a617b68c-9684-4de9-951c-62afb69fd073
76.450117,71.13881,24.2,2015-09-23 15:12:21,448607b2-5307-4217-b747-05a946732081
76.444,71.119665,24.1,2015-09-23 15:14:51,1b3ebc98-5c65-4409-a8f9-6aa532f7a453
76.43785,71.100295,24.34,2015-09-23 15:17:22,a860be57-5a55-4b79-b68d-fa9912b43fd9
76.431617,71.080723,24.58,2015-09-23 15:19:53,b29565d7-1c60-4678-a861-b523a79d2c9d
76.425283,71.062072,25.31,2015-09-23 15:22:24,854b780c-7645-4378-a864-9ff5bdba5648
76.418917,71.043925,25.98,2015-09-23 15:24:54,99c39956-659b-4f72-a0dc-a13260e3af98
76.412517,71.02549,26.14,2015-09-23 15:27:25,2c1bd1f0-dad6-415d-a3c0-df3001ff1761
76.406117,71.007068,26.15,2015-09-23 15:29:56,026c5ed0-85e2-4478-a342-20c95da64d66
76.399733,70.989037,26.12,2015-09-23 15:32:26,900bb9a5-469e-4acd-af22-d341a252994b
76.393333,70.970723,26.21,2015-09-23 15:34:57,4d6b6e59-9303-4b6b-8478-a6e98d164757
76.38695,70.95252,26.04,2015-09-23 15:37:28,4e8c081b-ee5d-4bd3-bd68-a4134a974107
76.38065,70.934253,25.98,2015-09-23 15:39:59,bf40a207-fc3b-43ac-a6f7-d7ecef77b7a9
76.3743,70.916073,26.1,2015-09-23 15:42:30,b0ab5179-0d0a-460c-a146-79d8aefe4b12
76.367983,70.897835,26.53,2015-09-23 15:45:00,e470b5e8-68f1-4b8e-974f-88ac1d74c9ea
76.361683,70.879848,26.91,2015-09-23 15:47:31,f38ae484-2dfe-41e9-bb88-636b715be442
76.35535,70.861878,27.32,2015-09-23 15:50:02,05735e25-687c-404d-a553-8cb000165dd8
76.349,70.843887,27.58,2015-09-23 15:52:33,4b337c5e-0b72-41f7-b3c5-1fbb5d430a37
76.342633,70.826092,27.73,2015-09-23 15:55:03,8dc1e43e-ce9a-4daa-986e-6cd6d4e592b4
76.336333,70.809123,28.13,2015-09-23 15:57:34,02493d21-2f04-49c0-b770-886df35edc7b
76.330033,70.792792,28.8,2015-09-23 16:00:05,630162a6-fc6b-4be9-9184-253816285b1a
76.323667,70.77803,27.28,2015-09-23 16:02:35,816d82dd-cca8-41ce-bb8d-ddd54e73dcea
76.317267,70.763283,25.74,2015-09-23 16:05:06,203884a5-ee1e-4bde-8b0f-7defbbc3065b
76.310933,70.748797,24.84,2015-09-23 16:07:37,4fcb0fc7-3732-42e9-8184-e3a2ffc9995f
76.304633,70.734595,23.86,2015-09-23 16:10:08,86998f08-5833-4b8c-8588-4a239f84b9d7
76.298417,70.719675,22.76,2015-09-23 16:12:39,47da19b1-4645-42c2-be88-cb2c188586dd
76.292467,70.704223,21.78,2015-09-23 16:15:10,1daa9984-9713-4bf2-9b0e-1eb4436b3e07
76.286517,70.688707,20.92,2015-09-23 16:17:41,64651020-7acb-4993-869b-cb8687735311
76.28065,70.67351,20.4,2015-09-23 16:20:12,90f9c22c-45cc-4a4f-9e20-266f6a93c711
76.274767,70.657747,20.19,2015-09-23 16:22:43,c2a4c318-1054-421e-84d1-2415d75562e3
76.2689,70.641688,20.04,2015-09-23 16:25:14,b68495cb-a5a7-49f8-9f35-58ca89080b99
76.263,70.625627,20.02,2015-09-23 16:27:45,26d3e2c3-3dcd-4844-8e86-cd8db06c2f35
76.2571,70.60937,19.95,2015-09-23 16:30:16,8a1d99fc-97bb-41bd-aebe-36adcbb2866b
76.251217,70.593472,19.8,2015-09-23 16:32:47,4ceddab8-a7ff-42a1-93ce-653ec3deca21
76.245367,70.5777,19.67,2015-09-23 16:35:18,85a8e0cd-c608-49b5-abde-0ba8ba1b80a9
76.23955,70.5619,19.61,2015-09-23 16:37:49,002f61bc-0a33-4beb-a299-2da15934ce62
76.233983,70.545045,19.65,2015-09-23 16:40:20,a0812710-790c-4801-9c25-893f509e6f20
76.227817,70.526558,19.78,2015-09-23 16:43:07,4fb234b2-5487-4276-92a5-6d37e7ee6c3a
76.222183,70.509467,19.76,2015-09-23 16:45:38,b7bda522-53cf-4cb2-a6f2-5d19e5fe2d01
76.21655,70.492152,19.76,2015-09-23 16:48:09,3a2cb4bf-c15e-4335-bae6-b2be95f6236b
76.21095,70.474627,19.82,2015-09-23 16:50:39,248b4b9c-61b2-49cd-b951-6db7c5e21c4b
76.2053,70.456803,19.92,2015-09-23 16:53:10,04a8d175-4f10-41dc-9db0-bb060a5a6940
76.199733,70.438833,20.0,2015-09-23 16:55:41,4876efc2-2f66-44a1-af81-7a7e077a6300
76.1941,70.42029,19.88,2015-09-23 16:58:12,841efe05-028e-447a-b079-7feb03019d1d
76.188533,70.401698,19.87,2015-09-23 17:00:44,a639e4d2-1891-4b7b-8f4a-3789c34e6d31
76.182967,70.383297,19.82,2015-09-23 17:03:15,baec6f06-7298-4cc2-b768-b82af9a33c7e
76.177433,70.364728,19.79,2015-09-23 17:05:46,37df81c0-ff2b-48e9-bc53-3b69e431d909
76.171767,70.346887,19.79,2015-09-23 17:08:17,f4ed44fc-61df-4ffe-bbc2-7fa95e5fb120
76.16615,70.328717,19.77,2015-09-23 17:10:48,86f30895-6fa6-4c51-b6ef-aa634c7e9655
76.160467,70.310347,19.73,2015-09-23 17:13:19,4427f10c-586c-43b4-9ca9-8b8389302b4c
76.1548,70.291868,19.7,2015-09-23 17:15:51,6fb971e0-b30b-4544-830f-305e3ce87723
76.1492,70.27311,19.66,2015-09-23 17:18:22,bc9ee0fb-030f-4924-ac28-c66f83782951
76.14335,70.255337,19.58,2015-09-23 17:20:53,a4d246a9-000b-4774-8cd2-7081ed4f918a
76.1374,70.237583,19.54,2015-09-23 17:23:24,6b2784b2-d030-403f-98b6-f5d4fdf89bce
76.13145,70.219993,19.55,2015-09-23 17:25:55,048bb39d-8522-4496-99ff-d5a3d45f4913
76.125533,70.20215,19.58,2015-09-23 17:28:26,330624b1-6e89-4ffd-8cb7-8e57d58e9289
76.119483,70.184738,19.57,2015-09-23 17:30:57,4e73190e-63cf-4c29-aa94-37bd92c1ec0a
76.1134,70.167107,19.52,2015-09-23 17:33:28,9b50d503-a87e-4be4-9b3b-9f248098b973
76.107317,70.149692,19.48,2015-09-23 17:35:59,87e0f8ed-ddaf-4684-8af7-6eb2853a16e4
76.1012,70.132637,19.43,2015-09-23 17:38:30,e3ec9483-6ae7-45bf-99a2-9ef099087c54
76.095017,70.115385,19.43,2015-09-23 17:41:00,d216167c-d462-47a0-870c-483a18689c83
76.08885,70.097885,19.45,2015-09-23 17:43:31,3d073030-71d2-46b9-a1c8-6302b926d9e7
76.082717,70.080448,19.47,2015-09-23 17:46:02,f4b9f99a-d907-48ca-84fa-79f7d7b170f9
76.076517,70.06266,19.48,2015-09-23 17:48:33,5ab01e90-9c3a-4b6f-b40d-44cc992a7e6d
76.070233,70.044753,19.5,2015-09-23 17:51:04,6141b5c5-6bab-4dca-8bb9-f494b1e8e332
76.06395,70.026872,19.51,2015-09-23 17:53:35,266b0381-9d5c-4e17-ac59-6ee9b081f636
76.057667,70.008932,19.49,2015-09-23 17:56:07,846f65ad-2625-48be-9eab-f7d3114f2cef
76.051317,69.991143,19.47,2015-09-23 17:58:37,5e609362-ac55-4eac-b1be-e459acb9c03b
76.04495,69.973462,19.43,2015-09-23 18:01:08,6876172e-af0b-4e1d-86de-43fa184a252d
76.038633,69.955675,19.4,2015-09-23 18:03:40,0aa52f6f-57e9-4277-a4ab-b396e1d95586
76.032267,69.93825,19.37,2015-09-23 18:06:11,73b4781a-7fa7-46b3-aa69-2c1297bc23fe
76.02585,69.920755,19.36,2015-09-23 18:08:42,b814ae29-ae91-47b6-acc7-ba73dd7b21ac
76.019383,69.903068,19.36,2015-09-23 18:11:13,f7382713-8588-414c-a5f3-e782a607ed0d
76.01295,69.88532,19.38,2015-09-23 18:13:44,ce24ae02-351e-4d0b-8e48-b5bda40d4076
76.006517,69.86764,19.36,2015-09-23 18:16:15,69a34d4f-8ab1-4f83-93c6-24c420bc9e26
76.000033,69.849975,19.36,2015-09-23 18:18:47,44e9d50c-4fec-4315-bbc9-53b693d2e9e3
75.99355,69.832285,19.35,2015-09-23 18:21:18,a5416c6c-7427-48e4-b5eb-ad84fbfe6f05
75.987033,69.814453,19.35,2015-09-23 18:23:49,8c0c12bd-b46d-4e16-a18f-7d78413d6cb2
75.980567,69.796703,19.34,2015-09-23 18:26:20,2ebf7fdd-2d46-46eb-a8e7-09beaa2fe781
75.97405,69.778918,19.35,2015-09-23 18:28:51,9ac8589d-7bec-44ec-9c97-a2ec2c249977
75.967617,69.7611,19.37,2015-09-23 18:31:22,6f6bab6d-9c8b-4088-a9ad-364ef3ec305b
75.96115,69.743112,19.37,2015-09-23 18:33:53,880b0ef0-e98d-46f5-aab2-870aae6d2ff3
75.95475,69.725117,19.37,2015-09-23 18:36:24,a8980674-5050-432d-adba-7c2d7651772c
75.9484,69.70691,19.42,2015-09-23 18:38:55,aa3e4db8-ef44-4817-92da-deba74352e03
75.942083,69.688582,19.41,2015-09-23 18:41:26,0facb703-1cca-4ad7-bfc7-c4e7031c99fc
75.9358,69.670163,19.45,2015-09-23 18:43:57,5fc1cbdc-bd68-4fd0-a345-b2a1b96a8d1c
75.9295,69.651412,19.45,2015-09-23 18:46:28,5afd4ecc-c3a4-44c9-9489-7785f12de5c7
75.923133,69.632497,19.56,2015-09-23 18:48:59,87e414ce-42d2-4563-a8cf-12ea4d9c8bda
75.916717,69.613562,19.59,2015-09-23 18:51:30,44b4089e-30db-41d1-9306-fdb41664983a
75.910233,69.594972,19.66,2015-09-23 18:54:02,de91ce39-0cfc-4cf2-a158-ef08dd8286c3
75.903567,69.577115,19.8,2015-09-23 18:56:33,0f0dd7a1-5e92-4641-9e75-09b977e6424b
75.896817,69.55916,20.18,2015-09-23 18:59:04,a056f1d5-2a48-4e93-af81-019dc18c75c6
75.890167,69.541675,20.54,2015-09-23 19:01:35,adbe43a6-4d97-44b6-97bd-a29e13246a03
75.883467,69.524537,20.58,2015-09-23 19:04:06,77523049-a5fc-47bb-b346-902b5f2f1d58
75.876717,69.507317,20.68,2015-09-23 19:06:38,2c463390-5b87-4a85-9be5-2651be3e3bc9
75.869967,69.489972,20.71,2015-09-23 19:09:09,16098404-c3ea-443e-88dd-629865a4a551
75.863133,69.472728,20.72,2015-09-23 19:11:40,aa2651fd-ca30-47ab-8f71-b0362f47abfd
75.856333,69.4553,20.79,2015-09-23 19:14:11,d33a2f4e-c482-44d4-9b8a-abf372a78335
75.8496,69.437912,20.72,2015-09-23 19:16:42,9f3355fa-e54c-45cb-90dd-6fdbb5b02c43
75.842833,69.420878,20.67,2015-09-23 19:19:13,498a3086-a63d-4dc9-91b2-c14b0653ffb9
75.836017,69.404037,20.66,2015-09-23 19:21:44,48dd2884-3735-43c4-afae-dc15a1558d26
75.829183,69.387683,20.73,2015-09-23 19:24:15,a5fe780f-e7a1-4c9c-b9b3-811e8a02c50b
75.822383,69.37146,20.47,2015-09-23 19:26:46,f829c3f7-93a6-43a0-8562-f2ebbdc451b3
75.815583,69.355157,20.18,2015-09-23 19:29:17,1c97a712-eb60-44df-a066-5e44e8f65dc1
75.809,69.337918,19.96,2015-09-23 19:31:49,6c403f50-5ad5-4e9b-bf20-d6dfc03a06eb
75.8025,69.320248,19.84,2015-09-23 19:34:20,bb1da552-d3a5-41c8-8d27-4e3791e03367
75.796033,69.302343,19.79,2015-09-23 19:36:50,248cfb11-9ee3-4458-b4fb-8379098059f2
75.789533,69.284135,19.83,2015-09-23 19:39:21,e80ef7ba-53db-4a7e-ac8c-7d2baf43ae97
75.783117,69.266062,19.96,2015-09-23 19:41:52,b8e32e11-4c7c-41fb-86b3-17d75893419a
75.776683,69.248125,20.34,2015-09-23 19:44:23,86a0aba5-7f69-4362-a242-4c20e14813ee
75.770333,69.230323,20.13,2015-09-23 19:46:55,3ffb4242-bc03-49fe-92d3-1769879b863e
75.76395,69.21259,20.2,2015-09-23 19:49:26,05db0b90-132b-43c1-882e-e01485f4da3d
75.757517,69.194705,20.21,2015-09-23 19:51:56,fbeaa5b4-9a4d-42a0-a584-073c746f06d9
75.751117,69.176805,20.11,2015-09-23 19:54:27,3ff4cd1a-9f4d-4f68-9b93-44d6b7edf1c7
75.744767,69.159175,20.06,2015-09-23 19:56:59,963bfeba-3b43-440f-a100-e436bfe8a6ba
75.73845,69.141458,20.02,2015-09-23 19:59:30,bf1d1b11-410a-4403-9adf-dd326f563ed0
75.7322,69.12381,20.03,2015-09-23 20:02:01,ec63a19b-e4b3-460e-b8d7-699acf6b75d3
75.72595,69.106275,20.04,2015-09-23 20:04:33,18e66ed9-e91d-4829-93c3-7f8c4c6c1284
75.7197,69.088675,20.11,2015-09-23 20:07:04,3f4e55dd-937d-47ce-a7dc-f3b565c273bc
75.7134,69.070983,20.2,2015-09-23 20:09:35,00c15f42-8016-4644-95a6-26cad9a39c0c
75.707133,69.053123,20.37,2015-09-23 20:12:06,b7a904e1-c7a0-43e3-a59b-51d8b49a4b81
75.700867,69.03539,20.56,2015-09-23 20:14:37,6ae0551c-bc2e-47d2-a032-5404578d978d
75.694567,69.017768,20.66,2015-09-23 20:17:08,d639b19f-aa8c-45aa-817f-29795123daab
75.68825,69.000002,20.9,2015-09-23 20:19:40,fd7cb7a8-a8d7-4e91-adce-3d0a1ee4ed71
75.681967,68.982282,20.86,2015-09-23 20:22:10,56677675-98df-46c3-94bc-6ecfa62b5a3f
75.675667,68.964545,20.71,2015-09-23 20:24:42,3665a3ff-8867-4202-bee9-b48c5473ea37
75.669333,68.946898,20.56,2015-09-23 20:27:13,32e5e2f4-cb5d-4d61-8c1f-6ecb89a2a716
75.66295,68.929357,20.52,2015-09-23 20:29:44,f2d16982-8c4c-41c4-80fa-e89eb2ace3e5
75.65655,68.911833,20.47,2015-09-23 20:32:15,82582381-9bb4-47a0-84a8-3b90939900d1
75.650233,68.89453,20.35,2015-09-23 20:34:46,cbc7e4c4-3245-418e-9a86-1be9458fd8e8
75.643917,68.877307,20.45,2015-09-23 20:37:17,359c03f5-96db-411b-af34-8cecfb616994
75.6377,68.859655,20.4,2015-09-23 20:39:48,9b92e3de-4d55-4d1f-8e4a-258a78e41645
75.63155,68.842167,20.25,2015-09-23 20:42:19,6392a4cb-e715-45ff-b270-afde2ad4ddeb
75.6253,68.825002,20.17,2015-09-23 20:44:50,9af28085-34cc-4d6a-91a9-81db775c13dd
75.619117,68.807682,20.15,2015-09-23 20:47:22,8addc43f-8cdf-4ecd-b31e-b047a5b61b03
75.612967,68.790298,20.15,2015-09-23 20:49:53,c9715d93-74a4-478c-b1c8-70a6a6e0cbcb
75.606883,68.772783,20.24,2015-09-23 20:52:24,d5e136e7-e510-4ace-829f-1a2c9c268a55
75.600133,68.753755,20.18,2015-09-23 20:55:10,9b1e13b5-ee6e-41dd-be24-a8f6094927f0
75.593967,68.736362,20.13,2015-09-23 20:57:41,efa1c024-b6c2-46a7-afa4-f2689d4fd390
75.587817,68.719033,20.14,2015-09-23 21:00:12,fbe7a103-5087-411a-91aa-5dd1aab40583
75.581583,68.701912,20.15,2015-09-23 21:02:44,4f87fb3c-a38c-430e-896f-a5343870ffe2
75.575317,68.684538,20.14,2015-09-23 21:05:15,5c857294-d919-4f01-bd01-48fda2a229d1
75.56905,68.66731,20.15,2015-09-23 21:07:46,d2e4a7b0-442b-4fdc-a5f1-e46c612e69a2
75.56275,68.650113,20.2,2015-09-23 21:10:17,63519c3e-d2cd-44dd-94a3-f1af2c0fe162
75.556417,68.633123,20.31,2015-09-23 21:12:48,97cc6456-6d68-41bd-a31d-b3db03dbb8fe
75.55005,68.615937,20.43,2015-09-23 21:15:19,6f7c8b4e-9968-4f57-8c6a-cea2c289268d
75.54375,68.598487,20.45,2015-09-23 21:17:51,fdb45b3a-346f-45a5-98c4-8853e05b2844
75.537333,68.581368,20.42,2015-09-23 21:20:22,7fc73eab-b3d9-4963-ac97-65290acd9f44
75.53085,68.564165,20.3,2015-09-23 21:22:53,e859f4ae-41da-4771-9b12-3c5fcf349636
75.524417,68.54705,20.17,2015-09-23 21:25:24,79c2f1fa-7308-42fc-9ea8-519338dd4256
75.517967,68.529763,20.21,2015-09-23 21:27:55,7763dabe-3880-438f-9fa2-915c59bbe110
75.511517,68.512208,20.23,2015-09-23 21:30:26,4599aa11-8590-4a20-8c4b-c0fa9c69e1a5
75.505067,68.494722,20.2,2015-09-23 21:32:57,7a203275-beb1-4460-aaeb-f5a5ee04fc0c
75.49865,68.477012,20.19,2015-09-23 21:35:28,1880500b-4e1b-4d59-8a29-c9354ef23f8a
75.492283,68.459615,20.2,2015-09-23 21:38:00,5cd67527-ed1d-41de-8c00-10c2493f9a3a
75.485883,68.441887,20.31,2015-09-23 21:40:31,02b8d735-a181-4e1c-acd8-d2641b185c40
75.47955,68.424338,20.38,2015-09-23 21:43:02,cfb2e9cd-c633-4305-924e-1f7c7be0ab8f
75.473233,68.406685,20.33,2015-09-23 21:45:33,ab25807d-5869-49ff-97e8-c00ac936cafa
75.4669,68.388988,20.36,2015-09-23 21:48:04,faf7c93c-a164-460a-a636-0d82ede921ed
75.460567,68.371233,20.35,2015-09-23 21:50:36,99eaee97-a3e5-484d-b20e-4b7c6e90f15d
75.45425,68.353638,20.33,2015-09-23 21:53:07,13a38bf4-97b2-426a-beba-1aebc3f069fd
75.4479,68.336047,20.26,2015-09-23 21:55:39,0ab64c41-ede0-472b-9444-8a9edaa26d44
75.441567,68.318622,20.19,2015-09-23 21:58:09,b3420e8b-981b-4bb9-82ec-98250af1e7f3
75.435183,68.301073,20.18,2015-09-23 22:00:40,96afd29a-56c5-4075-afd8-650244e1646e
75.428817,68.283515,20.16,2015-09-23 22:03:12,9ec31b64-cebe-48cd-bfc0-fe43d9cf96fb
75.422383,68.26595,20.15,2015-09-23 22:05:43,e27f5dfe-2024-4e21-b25a-7765b319fb92
75.4159,68.248313,20.14,2015-09-23 22:08:14,827038bb-ca32-4725-8dd2-ce85a5d8999b
75.409567,68.231012,20.13,2015-09-23 22:10:45,c25bbdbd-1f92-4a61-b9b8-f46406d677d8
75.40315,68.213622,20.19,2015-09-23 22:13:15,b202fc34-8df7-4e99-b3b6-dedcf1c73b7e
75.396733,68.196237,20.24,2015-09-23 22:15:46,5db3ec30-15e6-4ffe-a078-960639d2e5be
75.390333,68.178885,20.29,2015-09-23 22:18:17,d6699390-19cc-4d68-90a1-3c47eb1d7488
75.3839,68.16148,20.39,2015-09-23 22:20:49,eb123a42-a6f1-4957-849f-ebd7f319ecd6
75.377517,68.144057,20.48,2015-09-23 22:23:20,86c8483a-f500-496f-8ee4-fab06dcbff2e
75.371033,68.126457,20.71,2015-09-23 22:25:51,98767b27-09b7-486d-877f-f594f3133817
75.364683,68.109155,21.01,2015-09-23 22:28:22,62b8bdf9-c0fa-4264-9b49-3b6e896b45b0
75.358283,68.092063,20.97,2015-09-23 22:30:53,c0c21fa2-6021-4390-a6eb-9b45ec454ef9
75.351783,68.075035,20.64,2015-09-23 22:33:24,82162f34-81be-4f4a-a4e6-22c974fd7763
75.345317,68.058062,20.4,2015-09-23 22:35:55,49c7041e-e84f-438a-a870-0ea60b15ad7e
75.338983,68.0414,20.24,2015-09-23 22:38:26,33767252-37a0-4a1d-bc6b-c64113a5262f
75.3326,68.024443,20.27,2015-09-23 22:40:57,46c27652-8c2d-44e4-a368-6f6b342c258f
75.32625,68.00738,20.55,2015-09-23 22:43:28,493f790a-823e-48bd-aa39-aebfc60ff891
75.31985,67.990677,20.83,2015-09-23 22:45:59,57f98a57-9693-4539-806b-9beedc309768
75.313483,67.973897,20.64,2015-09-23 22:48:30,21b7bb1a-df7d-41af-9978-508ffc4d799e
75.307067,67.957,20.35,2015-09-23 22:51:02,cba4ea0e-3452-42e3-86a9-7ffe5ebfee04
75.300633,67.94013,20.13,2015-09-23 22:53:32,655f708f-d09d-4775-bf39-f7ee531c7342
75.2943,67.923198,19.98,2015-09-23 22:56:04,c26a8493-7d4e-476f-942d-37b9929c2873
75.287967,67.906247,19.91,2015-09-23 22:58:35,7a4d43d4-ec87-479d-b0fa-5ed953b84b3c
75.281633,67.889207,20.0,2015-09-23 23:01:06,15184c20-aaee-42d6-87a5-b90217351e3e
75.275367,67.871918,20.1,2015-09-23 23:03:37,2a9d24a1-524a-4e76-b3ce-8e2e9791f46f
75.269,67.854735,20.25,2015-09-23 23:06:08,cd2b0475-e992-4d31-98bf-d7246f3cf381
75.262583,67.83751,20.77,2015-09-23 23:08:39,40efb19c-5f09-4c78-826e-f46ab50ed839
75.256217,67.82047,21.41,2015-09-23 23:11:10,c7328165-e68e-42ab-be57-d45f522114bb
75.249983,67.803512,22.83,2015-09-23 23:13:41,47f302e3-de4f-4a82-a881-325f428e6c6c
75.243733,67.786492,22.88,2015-09-23 23:16:11,d4965c37-ddaa-49d2-96c1-75d7ab2abf2a
75.23745,67.769597,22.84,2015-09-23 23:18:42,123a0d3f-99d6-4a41-a857-dcb33f8b4115
75.231067,67.75246,22.87,2015-09-23 23:21:12,b733432b-8020-4ba2-bcfd-146fea0edc8c
75.224733,67.735552,22.88,2015-09-23 23:23:43,2e9cb75a-fed8-44d5-9629-13dbcf2280c2
75.218417,67.718853,22.89,2015-09-23 23:26:13,89c8fb04-2322-41e1-9e5e-d7c403d0d47c
75.212117,67.702127,22.93,2015-09-23 23:28:44,899428a8-9658-477e-8f68-272f1d5086df
75.205867,67.685368,22.93,2015-09-23 23:31:14,6df5a07b-86ff-4157-959a-1058faf68f72
75.19955,67.668562,22.9,2015-09-23 23:33:45,0570a05a-5138-4cb5-9a23-8c80fe2348c9
75.193267,67.651867,22.89,2015-09-23 23:36:15,e013ebb2-89d4-4034-9432-a2b1a54cc92e
75.186917,67.63509,22.91,2015-09-23 23:38:46,d7b3a4c8-cdab-42c0-b141-82f5eff895b3
75.180617,67.618302,22.95,2015-09-23 23:41:16,80f1b1aa-e14a-43bb-bae6-97a26b085ba4
75.1743,67.601448,22.98,2015-09-23 23:43:46,ce03e2e4-b2b3-4e2e-93e7-cc39f0c3b15d
75.167917,67.584507,23.11,2015-09-23 23:46:17,02c64e26-c7d6-42c9-bf7d-83f180cdf7df
75.161583,67.567715,23.22,2015-09-23 23:48:48,5a5b4947-1667-4ab4-929b-133e01d6e51b
75.155167,67.551257,23.31,2015-09-23 23:51:18,7fdb7d7b-9a1a-4845-b680-eede72a86970
75.14875,67.534812,23.28,2015-09-23 23:53:48,d13c0015-a21a-4aa6-91e0-d2addde78b0d
75.1423,67.518312,23.4,2015-09-23 23:56:19,ed9c1a04-2ca8-4c60-9d49-df23da870ab7
75.135867,67.501828,23.22,2015-09-23 23:58:49,007858ef-3376-4c1b-b200-7df67b937c2c
75.1294,67.484945,22.88,2015-09-24 00:01:20,940411de-dff1-4207-97e4-167434681798
75.1229,67.468165,22.47,2015-09-24 00:03:51,5bed7914-37b4-41a8-9bb7-62cd7b9c79e8
75.1164,67.451578,22.2,2015-09-24 00:06:21,a541ac67-e710-4750-b409-d393d1bb48d1
75.109833,67.434902,22.08,2015-09-24 00:08:52,5af506fc-4997-453c-a83d-1dc1d3010c1d
75.10325,67.418212,22.06,2015-09-24 00:11:23,2865fe0e-16c7-4f12-91c4-e972f4930bd3
75.096717,67.401255,22.05,2015-09-24 00:13:55,0f4652b6-58c4-4e46-9e43-0045a3d8766d
75.090267,67.384355,22.36,2015-09-24 00:16:25,d4d3b259-d544-4744-b7d6-fb50acdd6300
75.083933,67.36777,22.54,2015-09-24 00:18:56,42cc7cf7-4fb8-48c3-bfa3-8a25c9fd7f46
75.077633,67.351493,22.49,2015-09-24 00:21:27,ba82ea79-b1b9-4309-ade1-ac7eaa667047
75.0713,67.335322,22.26,2015-09-24 00:23:58,3b9b46ac-3e18-4cda-8ef3-f5d5950562c1
75.06495,67.319265,22.22,2015-09-24 00:26:29,0fe32b57-ef53-41d4-971d-2685bf76d1dd
75.05855,67.303188,22.14,2015-09-24 00:29:00,f63b31c1-0b7b-4525-8d4d-24fb71595763
75.052183,67.287038,22.33,2015-09-24 00:31:31,03b4eacb-d5bb-472d-9a18-d44a61ddf509
75.045717,67.271072,22.25,2015-09-24 00:34:02,67828c6e-164f-460c-bcfc-003d2499bcda
75.039233,67.255303,22.05,2015-09-24 00:36:33,46d33b76-610f-4128-9620-1bff37099856
75.032733,67.239382,21.86,2015-09-24 00:39:04,f7925e5c-b6a8-450b-add4-2babec0c0271
75.026217,67.223445,21.78,2015-09-24 00:41:35,b056fd8c-2fe1-44ba-9b5b-17ddd785556b
75.019717,67.207277,21.76,2015-09-24 00:44:07,56020ba6-b1d1-4d1c-a1d2-50335323f626
75.013283,67.191253,21.67,2015-09-24 00:46:38,eecbd567-9805-400d-9362-9e30e96ca15e
75.007,67.174942,21.64,2015-09-24 00:49:08,074a15d3-d0b2-4a3d-8f68-e6c8f44bed20
75.000667,67.158367,21.56,2015-09-24 00:51:39,f5478b15-8a43-4027-89b3-80ba9f1e7707
74.994317,67.141682,21.55,2015-09-24 00:54:11,d4cb7074-2413-4921-9b62-fc6c72d90d2b
74.98795,67.125028,21.57,2015-09-24 00:56:42,561afb8b-a7a8-498d-b5e8-447ad6f09f29
74.981583,67.108153,21.58,2015-09-24 00:59:13,45da0970-825c-48e6-8935-341340dcb166
74.9752,67.091165,21.57,2015-09-24 01:01:44,6e4c41cb-d26c-4922-a27d-a32a1c4e6bfa
74.968833,67.074188,21.55,2015-09-24 01:04:15,106f7c52-4131-4162-a5e2-b3103f393aa2
74.96185,67.05548,21.53,2015-09-24 01:07:01,c6f1cae5-cf79-4ecd-8b15-1e3348d915f8
74.955467,67.038388,21.5,2015-09-24 01:09:32,2d69024d-639d-4c2a-917d-6cd4eb596bec
74.948967,67.021187,21.46,2015-09-24 01:12:04,db21d04f-2d67-426b-9e16-72a1cb10f703
74.94265,67.004147,21.41,2015-09-24 01:14:34,053fea77-d6a5-4c27-a2a8-6304741f9032
74.93635,66.987293,21.34,2015-09-24 01:17:05,ab12da4e-633d-478e-b7ee-2cac26b9aa0b
74.929917,66.970148,21.28,2015-09-24 01:19:36,743f46a1-61c1-494b-b3c8-8b71bf8a1506
74.923583,66.952925,21.16,2015-09-24 01:22:08,13ae1851-1e43-4acd-8d61-ebeabd94ea0f
74.917267,66.935937,21.08,2015-09-24 01:24:39,e400662f-9735-4f35-b9a5-77f966a99568
74.91095,66.918933,21.02,2015-09-24 01:27:10,e9c6ebee-f2fa-499f-bc10-3df2e6141333
74.904717,66.902025,20.99,2015-09-24 01:29:41,d5a01e39-c5b9-4b1f-86ae-5f78ed1bc531
74.898467,66.885485,21.1,2015-09-24 01:32:12,5c7e4276-650e-409f-810f-5c3c1a027668
74.892167,66.868732,21.3,2015-09-24 01:34:43,9d2e5b81-e967-4bca-9ce7-7a02c399b418
74.8859,66.852138,21.54,2015-09-24 01:37:14,a87d0238-03b3-45c0-a0ec-273e8bdc43d3
74.8797,66.83571,21.79,2015-09-24 01:39:45,5f00eb9f-c70b-4931-ba51-13450e709c06
74.87345,66.819365,22.3,2015-09-24 01:42:16,a9906095-d784-475d-b37f-c6409bd7dfc5
74.86715,66.803515,23.29,2015-09-24 01:44:47,c911e328-b683-42f8-a2c1-f6a5b6d23d5d
74.860867,66.787983,23.37,2015-09-24 01:47:17,fbe79e9c-c1d3-44fd-863d-fb44bef17276
74.854583,66.77258,23.09,2015-09-24 01:49:47,f440eada-5d1e-40a7-8b3e-82b2e081da4c
74.848433,66.756722,23.05,2015-09-24 01:52:18,22ccbb04-797d-4229-a6d0-c0ccbfb38b1a
74.842317,66.739898,23.08,2015-09-24 01:54:49,6a047282-a6d0-43c5-ad97-6b0dbafecdb2
74.83625,66.72315,23.16,2015-09-24 01:57:19,f0ebd480-e2fb-488f-b9eb-410114a1721c
74.8303,66.70691,23.15,2015-09-24 01:59:49,9f659395-4b7b-4210-bfa4-ba873f268122
74.824467,66.69061,23.01,2015-09-24 02:02:20,7e88b0bc-cf74-41b2-924f-f4d7e56faf52
74.818733,66.674287,22.88,2015-09-24 02:04:51,bff94cc2-0db2-4400-8bb1-0b1f3d262c05
74.813767,66.660118,22.74,2015-09-24 02:07:21,b7ee321d-6021-462a-92dc-415cebeb81c6
74.809867,66.64961,22.71,2015-09-24 02:09:52,dfce83b6-f2ca-40f5-99e3-2eafdb6eb915
74.8062,66.640275,22.79,2015-09-24 02:12:23,366389ca-b425-44b3-b0d5-d91a6a70d48f
74.80205,66.629523,22.9,2015-09-24 02:14:53,4feceb09-8141-4fa8-9916-77661c252ca1
74.797583,66.617012,22.98,2015-09-24 02:17:24,00a4aa11-7439-4080-8cc3-36a35713c84e
74.793783,66.606317,22.96,2015-09-24 02:19:54,9e419845-00fa-4191-8861-bd8f0bf8b1dc
74.790717,66.597685,22.97,2015-09-24 02:22:25,98401452-34c1-49c4-8821-9ffed9c1889c
74.787517,66.58896,23.0,2015-09-24 02:24:56,f0fbaa31-4d24-414c-be29-33f0f4e7744e
74.785417,66.583972,23.04,2015-09-24 02:27:27,a5f01063-775b-4079-96f4-51cb7de745b9
74.777483,66.588997,23.23,2015-09-24 04:39:47,cb4bdb19-9969-4e1e-8e78-7761e1de7380
74.77745,66.573992,23.1,2015-09-24 04:42:17,8806a7fb-1d18-4c93-a307-8fff738ce3ca
74.777383,66.55749,23.25,2015-09-24 04:44:48,21d967cc-68d3-40df-83e9-b71351b2671e
74.777317,66.540125,23.45,2015-09-24 04:47:18,87a0af51-e6bd-4813-afe0-0b0387ae7bf7
74.777283,66.522702,23.56,2015-09-24 04:49:49,51e90681-5d92-438e-b6fc-856f2c082a95
74.777217,66.505112,23.76,2015-09-24 04:52:19,00cb46cd-117c-4a04-8ca7-e967e05b6579
74.777133,66.489143,24.04,2015-09-24 04:54:50,0776e69b-560c-4269-a416-94b5105996f6
74.777183,66.47723,24.21,2015-09-24 04:57:20,534e2a3c-ac5a-487e-8eb4-5b50f648ed3c
74.77735,66.466277,24.4,2015-09-24 04:59:51,b7c3f273-09ed-4967-a1ed-894d2653cbb7
74.777583,66.454607,24.51,2015-09-24 05:02:21,30980bd5-89ba-41cf-abd2-54d246575649
74.77775,66.44021,24.65,2015-09-24 05:04:52,5d5b02cf-fc27-43c6-bf5f-0bafaa5bda64
74.77785,66.423988,24.77,2015-09-24 05:07:23,f40552d8-ddb6-484f-9d2c-479e7d577bd2
74.777717,66.403358,24.77,2015-09-24 05:09:53,aa1b7cba-a918-46b8-9775-63e4d08596e8
74.777483,66.376468,24.94,2015-09-24 05:12:24,28da4cde-eaad-4b02-8346-407e43191b42
74.77725,66.347995,25.09,2015-09-24 05:14:54,8e47cc2d-b116-464a-b52b-c49c7a5a532e
74.77705,66.319372,25.26,2015-09-24 05:17:25,e3d54a08-c53b-4a13-9249-b3f1b8d05f44
74.77685,66.290485,25.13,2015-09-24 05:19:56,6247d248-23de-4b3e-a092-8a3277fe9d1b
74.77675,66.262022,24.87,2015-09-24 05:22:26,73726913-c4d5-43e6-be0d-c0d4ac2ff2c2
74.776667,66.233577,24.74,2015-09-24 05:24:57,6c60ff24-97ef-45e1-8aa0-48a775e32cbd
74.776633,66.205452,24.87,2015-09-24 05:27:28,0ebf52f4-f7c9-4464-8f8b-daa8c3327782
74.776533,66.176887,25.14,2015-09-24 05:29:58,ce50581e-1f91-43ff-bc5b-716997442e75
74.776433,66.148562,25.13,2015-09-24 05:32:29,99d7fddd-1001-4184-8169-4fab16fd0dea
74.776333,66.119927,25.0,2015-09-24 05:34:59,41edbc57-f31e-45a6-b1b0-ea2da7085b7a
74.776167,66.091295,24.92,2015-09-24 05:37:30,cb0d58fc-7aee-4957-8db8-b583f1d9a1db
74.776017,66.063037,24.84,2015-09-24 05:40:01,154260b3-c9d1-4ea8-8d24-8373641ce665
74.775883,66.034663,24.73,2015-09-24 05:42:31,dfda297c-e4f9-4292-a240-524980a36f2d
74.775717,66.006103,24.65,2015-09-24 05:45:02,d3e85f0a-4ea8-48f4-9319-ca214b333366
74.775533,65.9777,24.46,2015-09-24 05:47:33,d12bec8a-1002-4715-9c0a-c1c7a60b8efa
74.775317,65.949187,24.13,2015-09-24 05:50:04,8ebf9eec-491b-458e-99fd-7c86a6e5b2fe
74.775133,65.920942,23.95,2015-09-24 05:52:35,73e1734a-68b7-444d-bede-f52de6b82972
74.77485,65.89221,23.77,2015-09-24 05:55:05,79ba31fb-c89d-45d1-93b1-3d300a7921cb
74.774633,65.863533,23.68,2015-09-24 05:57:36,e3c021de-c116-4341-b053-ad507719d2a3
74.7744,65.834835,23.62,2015-09-24 06:00:06,648795b9-51f1-49fd-8c76-ec25dc3b8ca8
74.774017,65.80624,23.58,2015-09-24 06:02:37,5d210f53-a4b3-41c2-ba50-94585be4600a
74.773633,65.777228,23.52,2015-09-24 06:05:07,2bd3d15f-7a99-4daa-ba87-eea74f446fec
74.77325,65.748228,23.47,2015-09-24 06:07:39,d309cbdb-fc0c-4cd0-a9bb-f91c193071ba
74.772833,65.719133,23.47,2015-09-24 06:10:09,f35f8c26-ac46-4619-8620-024509630f95
74.77255,65.690032,23.49,2015-09-24 06:12:40,6baea73b-adfd-4a1a-9449-7d86457a405e
74.772267,65.660987,23.53,2015-09-24 06:15:10,de38f9e4-78d0-448e-9b94-c1b9b0fb17e8
74.771917,65.632035,23.53,2015-09-24 06:17:41,85b62b84-f230-4ed3-8422-8532de68ba9c
74.77155,65.602945,23.28,2015-09-24 06:20:11,e96a3e18-cbe4-4413-8ac0-e6e9ac0bf8ff
74.771217,65.574067,23.1,2015-09-24 06:22:42,7d1f203c-f770-4f33-a5ee-4bf9576ae9b9
74.77085,65.545283,22.95,2015-09-24 06:25:13,065b6e03-5820-4cd1-9b3e-7ecbcfbf8b48
74.77045,65.515915,22.87,2015-09-24 06:27:44,565a6d84-2ce6-4ed8-ad96-979215c160b6
74.770067,65.486563,22.84,2015-09-24 06:30:14,fc378a67-f340-4928-8282-3fa1523a4118
74.769733,65.457483,22.8,2015-09-24 06:32:45,22a2cfbd-184f-41f1-a01d-79f0e77adbfb
74.7694,65.428467,22.77,2015-09-24 06:35:16,b4b66c89-b2c1-458c-92b6-de0c1873b03f
74.769117,65.399812,22.77,2015-09-24 06:37:47,2ac1268c-95c1-4207-8b77-7f8a9abbef5d
74.768867,65.370643,22.74,2015-09-24 06:40:17,94683cda-1b80-478f-86bb-41a2c6f2faf9
74.768617,65.341665,22.76,2015-09-24 06:42:48,9849f751-b973-498b-bf62-7df1717f6d4c
74.768383,65.312993,22.88,2015-09-24 06:45:19,839bd787-9a64-4bc5-9a6d-bd7c6bf5c096
74.768183,65.284198,22.92,2015-09-24 06:47:49,6673fddc-b94f-49be-a0c4-2752b3aee635
74.768017,65.255715,22.96,2015-09-24 06:50:20,332abdf1-626a-436c-afe2-34e5c194c752
74.7678,65.226692,23.02,2015-09-24 06:52:50,e603600c-c236-4f4c-8182-d69626e428d0
74.76755,65.197628,22.9,2015-09-24 06:55:21,db1b9c79-7463-4839-9a66-7f086fce13cd
74.767267,65.16863,22.64,2015-09-24 06:57:51,a3dbe19b-69fe-4981-907d-7d0da96ef837
74.766983,65.139703,22.52,2015-09-24 07:00:22,146a6d7d-1c4a-4c1e-acc7-259d0a95f6f0
74.766633,65.110678,22.46,2015-09-24 07:02:52,7761db6c-e483-4d41-8962-c3ed655669ff
74.766267,65.081518,22.45,2015-09-24 07:05:23,4caeef43-ba8b-4edf-8107-575f93678653
74.765917,65.049707,22.36,2015-09-24 07:08:08,fc0b3c64-69b7-4fd4-ba1b-a2539796c8e3
74.7656,65.020567,22.28,2015-09-24 07:10:39,4d307de3-0eb5-41a2-82fe-d481453451cc
74.765317,64.991397,22.16,2015-09-24 07:13:10,d28eb9ea-3ff3-4a5f-951d-eaef9233dd12
74.76505,64.962543,22.02,2015-09-24 07:15:41,04530c3d-083d-47dd-8e1b-5c137890fa1c
74.764767,64.933318,21.92,2015-09-24 07:18:11,176fcd6f-5eed-4d92-95ba-3d311e5f16d4
74.76425,64.904243,21.76,2015-09-24 07:20:42,03fd2e07-dd08-4f39-ad50-88bae0bdf389
74.763817,64.875262,21.75,2015-09-24 07:23:13,a2a85348-bae8-47b7-b16c-4e24a06fac38
74.763383,64.84613,21.89,2015-09-24 07:25:43,afa56566-b9da-414e-9cc5-54fa1d05fb43
74.763,64.816997,21.83,2015-09-24 07:28:14,c31c4102-95e2-430c-b57b-b67955bb5585
74.76265,64.788068,21.83,2015-09-24 07:30:45,8235ea34-2b6c-4eb5-859b-b82919ae8a0c
74.76225,64.759125,21.86,2015-09-24 07:33:15,fd2f0b91-5a41-481e-93ee-b7950970677b
74.761867,64.730448,21.76,2015-09-24 07:35:46,cc03e466-28bd-4c0e-a3fb-2c88f1ed9ead
74.76145,64.702077,21.58,2015-09-24 07:38:17,7e72029c-dba5-4663-ad4f-5ffe5592b7a5
74.761,64.67352,21.29,2015-09-24 07:40:47,3cf42859-63cf-4cfd-a3cf-c660eaddcc1f
74.7605,64.64484,21.07,2015-09-24 07:43:19,f456b07f-8504-4d4b-92ce-0859f52a83de
74.76,64.615942,20.88,2015-09-24 07:45:50,07d6bc71-c7da-4e69-83ce-eeb3d80d5995
74.759567,64.587293,20.87,2015-09-24 07:48:22,8f1015da-4fb5-4a12-94e3-8cbe4876a785
74.759233,64.558683,21.0,2015-09-24 07:50:52,64730d6c-6462-44c9-b7b8-7b9089accda4
74.758983,64.529727,20.89,2015-09-24 07:53:23,0e3896f3-5dd6-4e0e-a1cd-bc1f1c1ae67c
74.75875,64.500687,21.2,2015-09-24 07:55:54,087e6903-ee5c-4035-9ca7-bd4b8e5dd81b
74.75855,64.4719,21.56,2015-09-24 07:58:25,500c2c4d-a525-46b3-bfc7-c086dd576585
74.758333,64.443317,21.52,2015-09-24 08:00:56,cd9b9f26-fcab-40fd-aa81-4f82e4ed6cc8
74.758117,64.414672,21.53,2015-09-24 08:03:27,004d658d-43d1-4a31-9fad-ce2caee6c13a
74.75785,64.386015,21.82,2015-09-24 08:05:58,8411f109-c3d9-4d52-bc8f-538297235e78
74.7576,64.35748,21.77,2015-09-24 08:08:29,5ed9cc8f-e78b-4c67-a114-bf7f2ee3cc80
74.7574,64.329123,21.8,2015-09-24 08:11:00,2524edca-382d-4a98-ad00-c76e6b90e6f1
74.757233,64.3004,21.75,2015-09-24 08:13:30,965aa800-e87e-49f7-8a94-a8f6d8634722
74.757083,64.271672,21.77,2015-09-24 08:16:01,96731fbf-f9b0-4750-be4f-f1b7189a9e67
74.756817,64.242875,21.78,2015-09-24 08:18:32,31e4c287-0454-430d-891f-7adc63314678
74.756583,64.21407,21.86,2015-09-24 08:21:03,da2f7f38-4226-433f-ba8c-5e2d610eb469
74.756317,64.185408,22.05,2015-09-24 08:23:34,7daa7225-4fd7-4587-bf7b-ec66a32138c6
74.756,64.156957,22.12,2015-09-24 08:26:05,434d53cb-9e49-43d7-b131-96ff6fc02830
74.755717,64.128455,22.02,2015-09-24 08:28:35,ffe1896b-c419-45f0-ad9c-2ad51772429a
74.755483,64.100148,21.83,2015-09-24 08:31:06,fc8a7166-eaeb-4c6d-ba84-ae2f9e20a9c5
74.75525,64.071778,21.8,2015-09-24 08:33:36,16f0abde-bde9-4e21-b46e-9417bd006b20
74.755083,64.043767,21.55,2015-09-24 08:36:07,cbf6c5d7-f41c-4c05-977f-d6dd56dd710f
74.755,64.015988,21.42,2015-09-24 08:38:38,f81e19be-d071-44e4-926a-6e4303ce33b3
74.754967,63.988027,21.31,2015-09-24 08:41:09,08e1fa00-bb0d-4504-9d63-1c4c90b24d56
74.75475,63.95994,21.25,2015-09-24 08:43:39,7a40a1b5-5726-45c4-85ea-57fb5591e038
74.754467,63.931982,21.33,2015-09-24 08:46:10,fd31a667-5093-479e-b8c5-d424a7cfcd85
74.75415,63.903622,21.59,2015-09-24 08:48:40,535abf8f-e895-4dec-9044-9f487ceb57f5
74.753767,63.87516,22.0,2015-09-24 08:51:11,efadc666-f0ef-4612-8cd7-b92654fa6a86
74.7534,63.84687,22.04,2015-09-24 08:53:41,d82064a3-f177-4d7b-a72f-f81be5bbbe5f
74.75305,63.818413,22.05,2015-09-24 08:56:12,4294a701-a6e3-4db7-8491-8af57b9cfac5
74.752783,63.790383,22.16,2015-09-24 08:58:42,83288e12-7d59-4877-9694-ae87921c95cb
74.752433,63.762005,22.26,2015-09-24 09:01:13,d01efef5-d6a8-4756-b0ec-c17148953598
74.752133,63.733765,22.21,2015-09-24 09:03:43,e1811fed-e417-4aae-84f4-e3029bdcb2a1
74.7518,63.705368,22.09,2015-09-24 09:06:14,3dc5a08f-80c1-4a75-b569-872e9051482e
74.751533,63.67707,22.01,2015-09-24 09:08:44,8075e359-8cd7-4f4a-8604-80cc7fa4927e
74.751183,63.648397,21.96,2015-09-24 09:11:15,f9cfcecf-e593-4250-aa16-ea6ac7377415
74.750767,63.620038,21.92,2015-09-24 09:13:46,d94163f1-d2eb-4b58-86d1-aa0b54f7a288
74.750367,63.591405,21.89,2015-09-24 09:16:17,bb546d6e-4da4-4591-9630-8febe261da71
74.75005,63.563153,22.12,2015-09-24 09:18:48,b3af28c5-3710-4cf6-af63-9a8210d3b242
74.749683,63.534948,22.25,2015-09-24 09:21:19,8fb02a1e-6cfe-43d8-8d65-451ccb808ef1
74.749367,63.506723,22.25,2015-09-24 09:23:49,b385fee4-079d-42e7-9b78-77ae0faaa224
74.749033,63.478568,22.23,2015-09-24 09:26:20,a3aca6ee-6f20-43d0-8ea2-a56453363254
74.7487,63.45059,22.24,2015-09-24 09:28:50,80349ede-9108-462e-ad16-31d66ae83773
74.748383,63.422285,22.19,2015-09-24 09:31:21,fe5ed705-c389-4c10-9b02-4c54a34dd52a
74.748067,63.394078,22.1,2015-09-24 09:33:52,50241490-f1fe-4336-ac8c-eef6515c6f85
74.747667,63.366265,22.11,2015-09-24 09:36:22,c3c930bc-5d5e-4979-9153-3c6feb84c934
74.747267,63.338333,22.11,2015-09-24 09:38:53,d0a40c66-b0bd-442d-acdf-f2c1c4e53090
74.746867,63.310442,22.13,2015-09-24 09:41:23,233317e9-c82a-49b4-8049-755a037fc9f6
74.746483,63.282878,22.06,2015-09-24 09:43:54,bd4dc397-937d-4c6b-9536-44901a025e68
74.746067,63.25519,21.99,2015-09-24 09:46:25,a2833e15-9468-4818-a4ac-a53b1ae004f3
74.7457,63.227472,21.93,2015-09-24 09:48:55,c8a33a8f-0342-4aba-a92e-d9edb81be937
74.7453,63.19935,21.93,2015-09-24 09:51:26,ab59eeb3-9d17-4169-b3c1-e4b4ba979b9f
74.744883,63.171505,21.97,2015-09-24 09:53:56,83205163-7658-4ffc-9e4a-d576ef4b1e04
74.74445,63.143518,22.02,2015-09-24 09:56:27,4fb79d37-ca37-4a3a-ba28-4a89b13fd00c
74.744,63.115547,22.05,2015-09-24 09:58:58,21ffd551-9a2c-4d25-9f4f-eb353c50061d
74.743533,63.08735,22.03,2015-09-24 10:01:29,529c0df7-9b17-48b0-a913-a977462692d6
74.743117,63.059147,22.03,2015-09-24 10:03:59,bcd05d24-60b6-4d1d-899d-01970f7a92db
74.742767,63.030737,21.95,2015-09-24 10:06:30,7f18b136-60f1-4c97-9a2f-21d036fc7486
74.742433,63.002557,21.82,2015-09-24 10:09:00,93337fcd-c691-4179-a0f8-85d462babb72
74.742083,62.974002,21.69,2015-09-24 10:11:31,6d59817a-b51f-4193-ac83-cdbafcf9825a
74.7419,62.945553,21.63,2015-09-24 10:14:02,58587b4a-04b2-4c01-a97f-8807148787a7
74.741617,62.916777,21.56,2015-09-24 10:16:32,f85f35a7-4f8d-46d5-ac55-5aa4feb69be4
74.7413,62.88785,21.51,2015-09-24 10:19:03,22c6e051-10ed-4fc6-acc0-e8e3f920035a
74.741017,62.858987,21.43,2015-09-24 10:21:33,cf40a4d1-0ffc-4908-ad0f-8a48141ac8de
74.74075,62.830215,21.43,2015-09-24 10:24:04,d99ed27b-c667-4ed5-8606-669ba50c846a
74.7405,62.8014,21.44,2015-09-24 10:26:35,ad3ec8c2-2ab6-4df0-a18d-7aed562e82c1
74.740217,62.772642,21.4,2015-09-24 10:29:05,997b53a5-ea45-4a78-9a8e-8eb600b01960
74.739883,62.743703,21.35,2015-09-24 10:31:36,24ab5610-23a9-45a4-b58b-deaf9fddea02
74.7396,62.714828,21.34,2015-09-24 10:34:07,34fe68cf-c611-43fd-8e6c-7d5b16b5afc5
74.73925,62.685877,21.37,2015-09-24 10:36:38,57ddbf19-6bb1-4fb5-89cc-e4a237f11dd2
74.738967,62.656888,21.63,2015-09-24 10:39:09,c807d15e-4f82-40db-a093-76a8f4d95e47
74.73865,62.627958,21.66,2015-09-24 10:41:40,d13c0de2-9ea7-4ca7-a675-4416052fffc3
74.738383,62.599183,21.66,2015-09-24 10:44:11,b42e7b1a-0f44-4140-b6f3-12c974f0440e
74.73805,62.570597,21.99,2015-09-24 10:46:41,2424a3a9-38a9-435c-b507-7d9b3f6d5622
74.737717,62.541925,22.18,2015-09-24 10:49:12,0d0ebbdb-e848-4b24-b1a4-b42cdf0dc81b
74.737433,62.513462,22.59,2015-09-24 10:51:42,dea87db5-bf94-4763-9cee-7892afb5e183
74.737117,62.48503,23.24,2015-09-24 10:54:13,7dd44661-8f19-4ce9-b75e-40c85dc55b25
74.736783,62.456687,23.38,2015-09-24 10:56:43,3faccd3b-398c-43ae-8059-92d2cc188ee0
74.7364,62.428368,23.44,2015-09-24 10:59:14,64e55dd2-a533-4acd-b8db-704ce73e3481
74.736033,62.399813,23.42,2015-09-24 11:01:45,34cd861d-ef99-434c-8363-723bbe34a825
74.735667,62.371587,23.43,2015-09-24 11:04:15,c81e270b-26a4-4400-a90d-a20942224c30
74.735317,62.343448,23.7,2015-09-24 11:06:46,3e1053b8-736a-4de1-80f6-1b774df575e2
74.734933,62.315073,23.81,2015-09-24 11:09:17,d19f6493-3904-4e80-97b4-9bdcd3247576
74.7345,62.286677,23.89,2015-09-24 11:11:47,4ccd37ad-a53a-4560-9342-686b0762c155
74.734117,62.257963,23.92,2015-09-24 11:14:18,70457fc2-9250-41bc-9763-8b0007edf898
74.733733,62.229175,23.94,2015-09-24 11:16:49,13c8de7a-e3c4-4bda-a569-eadb09ed4d81
74.73325,62.197223,23.95,2015-09-24 11:19:35,c7625d8e-d96d-406e-a5f4-d71cee8d24f9
74.732867,62.16795,23.94,2015-09-24 11:22:06,977aef09-0c83-4df9-8422-4d41ef8c9b08
74.732467,62.138608,23.91,2015-09-24 11:24:37,24e4dd06-2461-449c-b4f3-4b855eb3686c
74.732033,62.109465,23.88,2015-09-24 11:27:07,b0be21f8-7ed8-4a30-9613-7076f8679b88
74.7316,62.080178,23.89,2015-09-24 11:29:38,8defa35f-4a55-4e69-bd92-423cd1c3d422
74.731017,62.051402,23.6,2015-09-24 11:32:09,e270ca7f-9b02-4f9b-b37a-1750413be93b
74.730467,62.02271,23.29,2015-09-24 11:34:39,3995084a-232b-4d0b-9d17-de1e805e4b46
74.729917,61.994123,23.16,2015-09-24 11:37:10,c17f5c26-7445-47d7-8923-5e0b691e6404
74.729617,61.965132,23.0,2015-09-24 11:39:41,d3c65f07-231f-49c5-ab10-f1a177a550a9
74.729283,61.936252,22.94,2015-09-24 11:42:11,1bc05422-a303-4d9e-a948-2ac12d560181
74.728933,61.907012,22.9,2015-09-24 11:44:42,b3049063-52c9-49a3-9147-ec7cdccaeb6d
74.728667,61.877903,22.87,2015-09-24 11:47:13,c75887e5-7d33-4920-8211-9b940c48903d
74.7284,61.848995,22.79,2015-09-24 11:49:43,99292294-a819-4e9a-a876-a1b018940b83
74.7282,61.820077,22.76,2015-09-24 11:52:14,a3ac30df-a9ae-4d4e-b9fe-d7f4f946d808
74.728067,61.79104,22.78,2015-09-24 11:54:45,79db0a2e-e43e-4867-a809-2e5cf0c190d8
74.727933,61.761882,22.76,2015-09-24 11:57:16,3264ef88-275a-43c5-be90-9b1cbc7c7f32
74.727817,61.732608,22.75,2015-09-24 11:59:47,9ce7c68a-6fcc-427d-be72-bd3f2ad79919
74.72765,61.703408,22.73,2015-09-24 12:02:17,2c51ad2e-bb1e-4f29-af74-df8565f46476
74.727317,61.67435,22.72,2015-09-24 12:04:48,b13043d4-427e-4026-8b29-0d31000db6ae
74.727017,61.645167,22.71,2015-09-24 12:07:18,6e9f66d5-20f8-424f-973e-d6cf82c0a299
74.726683,61.615663,22.69,2015-09-24 12:09:49,1539f2f0-3537-4247-af01-cd17d8e00a35
74.7264,61.586078,22.66,2015-09-24 12:12:19,11bdffa4-f1a3-4e17-bcd4-79637c110662
74.726083,61.55664,22.63,2015-09-24 12:14:50,16022667-030a-43e6-a818-1ee795994d2e
74.725833,61.526982,22.64,2015-09-24 12:17:21,713761de-5b54-4451-8567-083e1970ea20
74.72555,61.497153,22.63,2015-09-24 12:19:51,21728e3b-cdec-4404-8373-3a38f24d5809
74.725283,61.467605,22.62,2015-09-24 12:22:22,664f6690-c8d0-4e49-b2d4-a6163ba7d447
74.725,61.438,22.63,2015-09-24 12:24:53,9dc360a8-add8-41d1-afe0-cc0985f938e3
74.72475,61.408695,22.62,2015-09-24 12:27:23,6078cb48-59e7-4c77-a6ac-f1bcbe95f4dd
74.7245,61.379325,22.64,2015-09-24 12:29:53,ff5113f4-4ee2-4f79-b053-7837de32f78d
74.72425,61.350127,22.61,2015-09-24 12:32:24,08bf241e-ce31-4ba6-9b67-35421b6bc493
74.723917,61.320817,22.73,2015-09-24 12:34:55,cf24683d-e28d-4387-8aea-f93e6e88fde4
74.723567,61.291592,22.87,2015-09-24 12:37:25,46f557c3-079e-4cbd-9d7a-22746e7f5f7d
74.723167,61.262325,22.93,2015-09-24 12:39:56,4f9ebc2c-fea4-4ce2-9320-5b8002bc34d6
74.722867,61.232963,23.02,2015-09-24 12:42:27,c3653a78-7930-4074-aab9-358f5e78efc5
74.72255,61.203538,23.13,2015-09-24 12:44:58,ff214396-9168-4eb7-bc06-15d0441d25ec
74.72225,61.17425,23.16,2015-09-24 12:47:28,2f664d69-9efc-416a-b0cf-132eb1f3901c
74.721883,61.145052,23.37,2015-09-24 12:49:59,761aeaae-58ef-4246-ac93-a8d34cda1ef9
74.721433,61.115895,23.52,2015-09-24 12:52:29,dad916ae-6234-4ddb-97da-1911de4629f6
74.721067,61.086782,23.57,2015-09-24 12:55:00,72dca57d-f4a0-49d7-970f-d0be23308750
74.720667,61.057712,23.84,2015-09-24 12:57:30,bb0bf56b-c587-413a-91d9-cb9a18b391e5
74.720217,61.028545,23.99,2015-09-24 13:00:01,b6261234-bbf1-4771-84ca-9fb0fc84f693
74.71985,60.999177,24.1,2015-09-24 13:02:32,3d7dc110-4e74-44cb-bf19-6b737f747073
74.719433,60.970035,23.96,2015-09-24 13:05:02,872a8dae-0a12-4090-a487-acde4ae40214
74.719033,60.940483,23.79,2015-09-24 13:07:33,687a5ff3-985f-4db7-8c7f-43b7e8d64901
74.718617,60.91093,23.66,2015-09-24 13:10:04,1d1714a3-43f4-4887-a565-f3330d0cb749
74.718133,60.88121,23.66,2015-09-24 13:12:34,9940f7ba-6793-4378-bf45-e2e17512f52d
74.71765,60.851715,23.69,2015-09-24 13:15:05,c7d007c7-0ee7-4baa-a802-a2fc0d811d63
74.717167,60.822085,23.64,2015-09-24 13:17:35,4ac32892-5a39-4118-9d5f-4ddd79520a1f
74.7167,60.792305,23.55,2015-09-24 13:20:06,6c3866ec-f12e-4c3d-8e5f-b0ca8b5c8824
74.7162,60.762713,23.53,2015-09-24 13:22:37,19cb8042-342a-4327-b823-3177a3260d82
74.7159,60.734455,23.51,2015-09-24 13:25:07,ca2c988d-dae7-4120-a80b-fbba35b72cd2
74.715617,60.70638,23.48,2015-09-24 13:27:38,369f1745-87fe-4c9f-8555-e4eb06468b53
74.71525,60.678293,23.47,2015-09-24 13:30:08,c0b1e12b-9908-46af-ac80-4ea8a0b5f00e
74.71485,60.650263,23.42,2015-09-24 13:32:39,d7411089-963a-423e-a558-3cfe997a69e0
74.714417,60.622052,23.41,2015-09-24 13:35:09,fec87264-c317-4128-90d6-c31b7cebb797
74.714067,60.595227,23.42,2015-09-24 13:37:40,df027c9a-22f2-4163-a766-288a85fb8b29
74.713783,60.571672,23.4,2015-09-24 13:40:11,4257a9bf-03d7-4273-b055-dc8e990b52e8
74.7135,60.549133,23.4,2015-09-24 13:42:41,4fd0b1c1-9803-44da-a0d5-1a3cc05ffb07
74.713267,60.529787,23.42,2015-09-24 13:45:11,266fb65e-0e88-45b2-834a-164c9d0a5769
74.7131,60.514048,23.44,2015-09-24 13:47:42,666625f0-f434-4c23-acdd-6a786582ac23
74.7132,60.498768,23.47,2015-09-24 13:50:13,d68f49b0-0376-4ec6-a9dc-a549d6d290bb
74.713167,60.485062,23.48,2015-09-24 13:52:43,b55c2323-7849-4c22-b9cf-58cc31c66d55
74.712917,60.471747,23.52,2015-09-24 13:55:14,75aa1510-b583-46d2-8743-da0606e19ccc
74.712683,60.457662,23.57,2015-09-24 13:57:44,cdc1f41e-f3fb-45f7-b1d0-faf1801d5687
74.712533,60.447537,23.53,2015-09-24 14:00:15,5cd1f3df-fe36-45d6-8933-5b68c382a49b
74.7124,60.434847,23.49,2015-09-24 14:06:16,b2e2ed36-dc9a-4567-9922-251d1d7a4b4c
74.712233,60.429158,23.48,2015-09-24 14:08:47,883a59bf-5ef2-471b-8d9f-63cd70bb27cd
74.712117,60.423222,23.47,2015-09-24 14:11:18,9b8590e3-14de-4e7a-b1bb-9554abde458d
74.71195,60.417283,23.47,2015-09-24 14:13:49,176c3e3f-ed56-4dbf-b910-5442bff6ec61
74.711817,60.411482,23.47,2015-09-24 14:16:19,f0f389d5-b2ac-4d6e-95e9-b41f17af3890
74.711783,60.405552,23.51,2015-09-24 14:18:50,dcf4f53f-d138-4c02-8283-12550317da62
74.711733,60.399667,23.51,2015-09-24 14:21:21,c3464dba-6ac0-4741-85c0-e3b683afca13
74.71165,60.393607,23.55,2015-09-24 14:23:52,fb69af8e-4d62-446b-a34e-0147fdf5e9d0
74.711617,60.387665,23.56,2015-09-24 14:26:22,a15071a0-3f86-4b0b-98b7-1cc88b46a4bf
74.711617,60.38155,23.6,2015-09-24 14:28:53,c91af903-1b79-41ae-8248-1712393797a2
74.7116,60.375502,23.62,2015-09-24 14:31:23,f8c5feee-d0f3-4312-b49f-aa2dd34281a4
74.711533,60.369432,23.64,2015-09-24 14:33:53,65e2a819-0bc8-4b3c-98ae-1de07e9ea03d
74.711433,60.363405,23.62,2015-09-24 14:36:23,77f0e29b-a9bf-4df6-9dda-21ce2f631906
74.711483,60.357477,23.64,2015-09-24 14:38:54,4f39003b-e45a-4115-844f-79e11450572f
74.7115,60.351545,23.64,2015-09-24 14:41:24,4ca5a592-3e58-4ed6-98c7-67f84a4a7ba8
74.71155,60.345447,23.64,2015-09-24 14:43:55,d4326d81-2b10-4dc4-9706-86359ab47222
74.7116,60.3394,23.62,2015-09-24 14:46:25,f4985d5a-d244-453c-816b-bd1a06b1cde5
74.711667,60.33328,23.64,2015-09-24 14:48:55,bd6fd834-b73d-4402-b803-7934133f5b02
74.711683,60.32722,23.64,2015-09-24 14:51:26,c9198ae6-1fec-411d-8d7f-c31ce75cf180
74.7117,60.321107,23.64,2015-09-24 14:53:56,1ca13dc1-78e0-4670-9a77-38a3f8efb3d8
74.711717,60.314853,23.64,2015-09-24 14:56:27,c6ccc78c-a1bc-4f2d-9bcd-aed10309637a
74.7117,60.308718,23.64,2015-09-24 14:58:58,5408e151-256e-4d83-9171-bb569f4c05b9
74.711633,60.302625,23.63,2015-09-24 15:01:28,d344c6e6-b775-4385-9551-bf7812be2dc4
74.711617,60.296777,23.62,2015-09-24 15:03:59,b202fb73-2a61-4b4d-87b4-30a8895f56ab
74.711583,60.291052,23.58,2015-09-24 15:06:29,1b0d57c7-75fe-4c2f-8b8d-b7f5f8432aab
74.71155,60.285315,23.55,2015-09-24 15:09:00,13a640dd-43e6-47ed-9eef-77ae17b51683
74.7115,60.2795,23.54,2015-09-24 15:11:30,fc685a06-7a95-44a2-bbfb-748c4e862745
74.711433,60.2737,23.53,2015-09-24 15:14:01,cf4b464e-070e-4763-ab80-99c735bc86f7
74.7112,60.268287,23.51,2015-09-24 15:16:31,8ce7aeb3-688c-4d21-adba-e75d25c1ec0b
74.706917,60.272357,24.46,2015-09-24 15:29:06,16ec073f-7464-41d4-9912-077581078db8
74.706767,60.278058,24.38,2015-09-24 15:31:37,ddabd2d0-4719-4d14-a9f7-efbdd4715c0e
74.706633,60.284085,24.33,2015-09-24 15:34:08,af071a22-cf77-4770-9257-309f96873bc0
74.706617,60.290303,24.21,2015-09-24 15:36:38,30dbbcbb-b692-4923-aad1-4a0d9617a135
74.70665,60.296768,24.48,2015-09-24 15:39:09,e51b81b6-0af0-42a7-ac62-413d4545ade2
74.706617,60.303258,24.48,2015-09-24 15:41:40,b855d12d-f17d-4676-bc83-324730d2f8e1
74.706583,60.309705,24.28,2015-09-24 15:44:10,ba9efeb1-9bf1-4f91-ade0-b53af03e0cb4
74.7066,60.316002,24.54,2015-09-24 15:46:41,0b931445-71cf-4055-b590-18c99fa32518
74.706617,60.322088,24.57,2015-09-24 15:49:12,a2cadf17-5b9a-433c-bc92-3045bf55df95
74.70665,60.32797,24.28,2015-09-24 15:51:43,6b54be13-cfa4-468b-8d1f-87e905a5e268
74.706717,60.33369,24.3,2015-09-24 15:54:14,032a70c8-c61d-4be0-b9c9-9f648e511a39
74.706733,60.339223,24.05,2015-09-24 15:56:45,a49fbb07-574f-4be3-9bab-7d0b186f1383
74.7068,60.345102,23.82,2015-09-24 15:59:16,7990711f-2735-428e-b23a-dfac21f0582d
74.706833,60.35107,23.94,2015-09-24 16:01:46,30e09e0f-d151-435f-b5b3-6d53b5c01fc2
74.70685,60.35712,23.98,2015-09-24 16:04:17,63ca2a03-cde3-4661-9c6d-ab6ecea0bd12
74.706867,60.363065,23.97,2015-09-24 16:06:47,50b05f7e-a940-4b6e-b382-ebad1d8228ea
74.706933,60.368675,23.65,2015-09-24 16:09:18,225d3ef2-0da6-40a4-971b-71c88ee52ae4
74.706883,60.374055,23.69,2015-09-24 16:11:49,3758aba9-deca-49f5-8d4b-bd8a00e178ed
74.70675,60.38104,23.65,2015-09-24 16:15:06,4287506f-93d6-407c-adf4-f760329a0524
74.70675,60.395173,23.71,2015-09-24 16:21:52,4cd681cb-a395-43ed-bf60-5b37075f1671
74.706733,60.400735,23.73,2015-09-24 16:24:23,c4e625a3-3315-4a79-94c2-d81815ca6da9
74.706683,60.40635,23.68,2015-09-24 16:26:53,792fdc3b-b530-4c4f-b52b-04104565d002
74.70665,60.412223,23.63,2015-09-24 16:29:24,3d72bfa9-8b96-4341-8688-600077987acd
74.706617,60.417915,23.65,2015-09-24 16:31:54,ba6d6201-70d4-4127-9f01-6609a3adc754
74.70475,60.426803,24.0,2015-09-24 16:37:56,3c524db1-9048-4bd4-ac6b-598268273c8c
74.7031,60.42499,23.57,2015-09-24 16:40:27,ea4d8479-c2bb-4428-a39c-6db304bacac3
74.7019,60.42108,23.54,2015-09-24 16:42:57,5d08500e-0e27-495b-a513-4f779308d08c
74.701817,60.413608,23.57,2015-09-24 16:46:28,ef56f6ca-a8e7-4179-b07c-9ff50867f620
74.7018,60.407885,23.6,2015-09-24 16:48:59,2d344029-9731-4f1e-a950-f45e51d79047
74.701833,60.40198,23.63,2015-09-24 16:51:30,567bb9c9-2775-49d9-a430-773fca99ef05
74.701833,60.39594,23.64,2015-09-24 16:54:01,4a9bc885-e816-48ab-8902-a785fed8e016
74.701867,60.389848,23.66,2015-09-24 16:56:32,5e52ffea-8d5f-458e-b9df-03e0d1ded5bd
74.7019,60.383767,23.64,2015-09-24 16:59:03,e5f3c33e-2c42-4b76-b734-4b587b6b6df2
74.701867,60.377662,23.66,2015-09-24 17:01:34,5da7eea7-b279-45ba-b8d5-5ebe91fed3b5
74.70185,60.371572,23.64,2015-09-24 17:04:04,92b7a093-16d2-4622-8f07-dcda73e97f45
74.701883,60.365405,23.63,2015-09-24 17:06:35,573ade5c-a91b-4638-8996-bf402560192b
74.70185,60.359297,23.63,2015-09-24 17:09:06,3651a090-cf50-4026-a264-589d19f1ed16
74.70185,60.353187,23.62,2015-09-24 17:11:38,f27401b7-ac30-4cee-8e9e-e05c58e733f6
74.701767,60.347003,23.61,2015-09-24 17:14:09,9dd4f442-597c-4702-9b01-d71c6b52a5fe
74.701833,60.340678,23.61,2015-09-24 17:16:40,c18d88c3-0c5f-4694-aeb8-593852a5bc83
74.701883,60.334498,23.6,2015-09-24 17:19:11,18b92629-712f-4910-b467-9392385daf2f
74.70195,60.32831,23.6,2015-09-24 17:21:42,135d32e7-1b0e-487a-95c9-66e636115fe4
74.70185,60.322122,23.64,2015-09-24 17:24:13,93eef7ec-bf70-4d33-8cfe-63c8b7cc3046
74.701933,60.315798,23.6,2015-09-24 17:26:44,5cf4f04f-43f0-4254-8cfb-3f598617a4f8
74.7018,60.309573,23.6,2015-09-24 17:29:15,ea8e29fe-6cb9-4a9f-99b5-9743db5a5a45
74.701733,60.303328,23.61,2015-09-24 17:31:45,63e2078b-d442-47b1-b954-6f23eec1e305
74.7017,60.29714,23.58,2015-09-24 17:34:15,09582eab-7459-47f2-a69d-5296848bf2e8
74.70165,60.290967,23.59,2015-09-24 17:36:46,10fc39bd-2de5-4267-8f98-c408dadef23f
74.701717,60.284873,23.59,2015-09-24 17:39:16,b66517c7-9568-4339-a60c-3cc89082d371
74.7017,60.278788,23.57,2015-09-24 17:41:47,aa678bf7-ad38-44ab-9355-f09c43b7386f
74.7017,60.272733,23.57,2015-09-24 17:44:19,5a79ea08-7418-40bb-b319-69f7cdd1c4a3
74.7016,60.26674,23.55,2015-09-24 17:46:50,5b63435b-68e0-4372-90aa-45b7dcca8406
74.701067,60.261213,23.54,2015-09-24 17:49:21,af2e6db8-0fe9-408b-b0ed-78b26de311f7
74.699667,60.258308,23.55,2015-09-24 17:51:53,9c44717e-1f25-4e8b-b658-70922e89d019
74.698117,60.26023,23.62,2015-09-24 17:54:24,93f536b8-ae05-4453-af5c-90cb9d99dd6d
74.696967,60.265233,23.61,2015-09-24 17:56:55,71e25ac4-a050-4283-be41-745f7dac3214
74.696867,60.271472,23.62,2015-09-24 17:59:25,691dc58b-2c30-4ebd-9796-337493141f28
74.696817,60.277828,23.61,2015-09-24 18:01:56,89d1ace8-9dd7-4662-990f-06a9956ec299
74.69685,60.284083,23.6,2015-09-24 18:04:27,4ecc3e28-f643-445a-9442-e434bdc2b1ce
74.696817,60.290095,23.58,2015-09-24 18:06:57,b45fca41-4535-49d6-9178-5b9a843870be
74.696817,60.295838,23.6,2015-09-24 18:09:28,2b88de8d-4821-4044-beee-feb01f7f38a8
74.696817,60.301392,23.6,2015-09-24 18:11:58,1176ccdf-09dc-4c4a-b236-cf9e6b3cd4e7
74.696783,60.306788,23.62,2015-09-24 18:14:28,15c9acc1-6072-4841-a8ea-9a96041ee8d7
74.696783,60.312257,23.62,2015-09-24 18:16:59,63f8ed68-4950-43dd-bb20-fb641c6f01b4
74.696833,60.317633,23.63,2015-09-24 18:19:30,b405f84e-abf1-467f-bde8-ad5192843c25
74.696817,60.323308,23.62,2015-09-24 18:22:02,931a3051-c611-4812-81cf-76f4d55df19e
74.696767,60.329595,23.62,2015-09-24 18:24:33,826b8007-625f-4e3c-8b83-945a2f8fefb4
74.696733,60.336202,23.62,2015-09-24 18:27:04,87b32fb4-25f6-4b23-bee1-c6ae82624703
74.696733,60.342547,23.64,2015-09-24 18:29:35,1bf1f5f8-3de0-46d3-a1ab-ea17a59a86a8
74.69675,60.348635,23.62,2015-09-24 18:32:06,2a4fab9e-4816-48f7-9303-022f6a364483
74.696767,60.354513,23.61,2015-09-24 18:34:37,794a06b4-a8d1-4e71-a0e5-b6be98c4b774
74.696767,60.360277,23.62,2015-09-24 18:37:08,5d4766a6-3b18-4660-8fd7-602dbbeea046
74.696783,60.366043,23.63,2015-09-24 18:39:39,3d7de54c-286d-4f07-b36c-4326a0ce742a
74.6968,60.371775,23.62,2015-09-24 18:42:10,821b0f8b-1dc3-4344-849f-9cbabbbec3e8
74.696783,60.3774,23.62,2015-09-24 18:44:40,04dee9a2-535f-43e1-b612-ab1374c34702
74.69675,60.382962,23.62,2015-09-24 18:47:10,dbab462b-227f-41d0-876b-2319d91274fa
74.6967,60.388683,23.62,2015-09-24 18:49:42,a89fb94c-7548-4dc2-9947-583e8b51ed6b
74.6967,60.394335,23.63,2015-09-24 18:52:13,27f46923-12d0-4481-b803-55979d3b02f4
74.696733,60.399812,23.64,2015-09-24 18:54:44,d15068c7-076f-4d4b-a757-bb8cbe2695da
74.696767,60.40545,23.63,2015-09-24 18:57:15,e5974812-9218-4b5c-8920-ddcd2a82478a
74.696783,60.410962,23.62,2015-09-24 18:59:46,79663185-d2f0-41bc-b88d-e39abac21fe8
74.6968,60.416355,23.63,2015-09-24 19:02:16,bb577dac-7146-42da-bb38-ef87c91a8289
74.696567,60.422167,23.63,2015-09-24 19:04:47,d5b17713-1525-4bf3-99d0-a925c5586781
74.695267,60.425233,23.64,2015-09-24 19:07:18,0a8ba380-5834-4de5-8e90-452f314a7d35
74.693667,60.423415,23.6,2015-09-24 19:09:49,a1f00c59-0508-475f-9e57-0d5fd9c1ae53
74.6925,60.41885,23.58,2015-09-24 19:12:20,3d85adc5-5097-4de2-8642-4ff36ea0a7c8
74.69205,60.413177,23.58,2015-09-24 19:14:50,2481c996-04bd-42ff-a94c-7330327bd8d7
74.691983,60.407003,23.58,2015-09-24 19:17:21,d54e7f57-5500-493e-8c4d-f7c14ad55f82
74.691883,60.400833,23.6,2015-09-24 19:19:51,9d77b5f0-91e6-45ac-b6b1-ff03292c5e65
74.691767,60.394633,23.6,2015-09-24 19:22:21,120e8b93-9fe8-473b-a326-b24938701d60
74.691633,60.388358,23.6,2015-09-24 19:24:52,76b96d6b-19ce-48c9-be74-468cdcefbb98
74.691633,60.382015,23.58,2015-09-24 19:27:22,0a59b2b9-b007-4611-aea0-70b029e089d6
74.69165,60.375617,23.57,2015-09-24 19:29:53,6d1bccb0-8655-4a74-8ddb-a1f6cbe80db4
74.691667,60.369248,23.57,2015-09-24 19:32:24,c9b68799-545a-47e7-b85a-ae335aae8fec
74.691667,60.362997,23.56,2015-09-24 19:34:54,096b752a-0579-4edb-862b-748ad843c8ff
74.6917,60.356715,23.57,2015-09-24 19:37:25,839ed91e-7983-4bb3-99ee-4011b1c3649f
74.691683,60.350425,23.58,2015-09-24 19:39:55,8893f179-764d-473d-9891-affe34547286
74.6917,60.343603,23.57,2015-09-24 19:42:41,76a1c6d1-bda5-488d-a6d3-f48b03e21ab8
74.691717,60.337477,23.58,2015-09-24 19:45:11,01db386d-d223-4e0c-82b3-d6465fe65173
74.6917,60.33127,23.57,2015-09-24 19:47:42,ddc57233-8dc5-4c5e-87cf-877faa3fdc99
74.69175,60.32522,23.57,2015-09-24 19:50:12,7a060f4a-9f53-46cf-857e-58c389cbffce
74.691733,60.31896,23.6,2015-09-24 19:52:43,e074ca1c-0dff-44e2-bc1e-9a739e023b5a
74.691733,60.312778,23.58,2015-09-24 19:55:13,98f9dacb-7277-437d-aace-c4e1d06e2f57
74.691767,60.306655,23.59,2015-09-24 19:57:44,fcd1921d-ddc9-480c-95ef-57112826e66f
74.691767,60.300378,23.6,2015-09-24 20:00:14,975cc582-05cd-46da-b448-ab2e335aa00a
74.691733,60.294237,23.59,2015-09-24 20:02:45,04ec3f98-4eb4-4d00-89c2-fa8c6655dee2
74.6917,60.288153,23.6,2015-09-24 20:05:16,679ec113-5864-46eb-82c8-ee0b462b6cfe
74.691733,60.282037,23.57,2015-09-24 20:07:46,56aa0d67-95b2-44e1-b753-5a3a532c4ca4
74.69175,60.275927,23.61,2015-09-24 20:10:17,9a2c3348-8fd5-4bd2-bb3b-d13320338ef3
74.69175,60.269762,23.62,2015-09-24 20:12:48,c3e3334f-0699-4a54-ac9b-f9d149c59946
74.691733,60.263562,23.61,2015-09-24 20:15:19,310ccc40-96ea-4b72-91f3-46d0cc64ad91
74.691667,60.257413,23.59,2015-09-24 20:17:50,0c0620bf-f900-490e-ac24-80ac45a972b2
74.691667,60.251285,23.57,2015-09-24 20:20:21,70882169-cec2-4cc2-b8aa-68a045b0a30a
74.6908,60.246152,23.57,2015-09-24 20:22:52,687f1bdf-7457-47ba-abdf-4a68f4f0339f
74.688933,60.246565,23.57,2015-09-24 20:25:23,88fa676e-cad7-4b35-9935-8b75c0c85a96
74.687467,60.25039,23.64,2015-09-24 20:27:55,e8073328-554c-4d91-8260-b419f4d64fa6
74.687117,60.255992,24.14,2015-09-24 20:30:26,36b64616-ae2a-423a-87ae-7a83b8f91f8d
74.686883,60.26206,23.66,2015-09-24 20:32:56,e4bd0e6a-9da2-4a53-9e21-c70372f782c0
74.68675,60.268503,23.64,2015-09-24 20:35:27,bde611bf-db0a-42b6-bc40-272066eab940
74.6868,60.274788,23.6,2015-09-24 20:37:58,c969ffb7-b3e2-4fe0-a8d2-0d337b7021f6
74.6868,60.281135,23.59,2015-09-24 20:40:29,71e7df06-2d2d-4872-9d04-f21c8e0ba89a
74.68675,60.287357,23.6,2015-09-24 20:42:59,30c3825b-9fc3-4258-be04-4c5f3b7089a2
74.686767,60.293357,23.59,2015-09-24 20:45:30,3824748d-7cd5-4cd3-93f5-ba40a79eb384
74.686783,60.299145,23.61,2015-09-24 20:48:00,2e4d05da-ceb0-406e-9c3e-b437290be7eb
74.686733,60.305257,23.6,2015-09-24 20:50:31,04df670b-bdc1-400f-b868-d0b929a54367
74.686767,60.310877,23.64,2015-09-24 20:53:01,d83fc4cb-c555-41a4-900c-2f9fecc8776e
74.686783,60.316688,23.62,2015-09-24 20:55:32,d853c370-7882-447c-a48f-07defffb5b4e
74.686717,60.322408,23.64,2015-09-24 20:58:03,98773b89-1375-473a-af34-a29ae2ee1665
74.6867,60.328203,23.64,2015-09-24 21:00:35,b4b4a9fe-9b87-4ed0-b623-6e00c0969ba4
74.68665,60.333808,23.62,2015-09-24 21:03:06,59b0d28f-5b7b-4813-a789-a14d459e5570
74.686583,60.339723,23.57,2015-09-24 21:05:36,d37fe7aa-2cb0-4cef-9670-00795b9aaf84
74.686617,60.345483,23.6,2015-09-24 21:08:06,33735180-25fe-4006-ac47-5b5da687bf20
74.686617,60.351795,23.58,2015-09-24 21:10:38,00e3033c-35f5-4a3d-8918-b9d03a8de1f7
74.686583,60.35797,23.56,2015-09-24 21:13:08,0dc85c3b-770d-4616-808a-b2cdc18620d9
74.6866,60.364233,23.57,2015-09-24 21:15:39,aa15477e-2a2b-4b1e-9640-091039dc6c1e
74.686633,60.370405,23.62,2015-09-24 21:18:10,58d8f74d-995e-4855-8902-871b8efe77f3
74.686633,60.376402,23.68,2015-09-24 21:20:40,e6bbb390-44c4-45cb-b407-798ec7442550
74.686667,60.382578,23.65,2015-09-24 21:23:11,f7149900-48ad-4dc9-ae49-bc5fa0c2580e
74.686667,60.388562,23.83,2015-09-24 21:25:42,b4ca00e4-4126-4812-a91f-e83951399485
74.6867,60.394602,23.96,2015-09-24 21:28:12,a0672e07-2e38-424c-a260-c6a23a553905
74.686683,60.40065,23.84,2015-09-24 21:30:43,392ce66b-429d-4b30-aaa8-f514efb0628b
74.686533,60.406165,24.13,2015-09-24 21:33:13,14681e29-88e2-46c6-951d-19782f286f05
74.681883,60.398902,23.73,2015-09-24 21:48:17,b85c4f2d-3f9f-456f-b1a6-9261e167527e
74.681833,60.392768,23.52,2015-09-24 21:50:48,2d3d8b7a-6c6e-4681-b1e3-510fda334e35
74.681733,60.386233,23.5,2015-09-24 21:53:19,a623020c-832e-4d37-8c99-0af4a3f8fea6
74.681717,60.379268,23.54,2015-09-24 21:55:49,375403c4-c245-4b2d-a3ea-3ec64729e608
74.6817,60.372363,23.51,2015-09-24 21:58:20,9696997d-2a0a-4fae-947b-d1f13bd37a97
74.6817,60.365322,23.51,2015-09-24 22:00:51,21a41bcf-12d3-4c91-a10b-b26d6c978f41
74.6817,60.358352,23.54,2015-09-24 22:03:21,d8f19270-30d9-4f81-ab4a-ecb2a57054ae
74.681683,60.351427,23.53,2015-09-24 22:05:52,63c1aae7-48b5-461f-b03b-a7e6787a9ea2
74.681683,60.344447,23.54,2015-09-24 22:08:22,db54143e-f7f9-41c3-a1be-401397a981f3
74.681667,60.337485,23.57,2015-09-24 22:10:53,878f2db5-b629-436a-a7e1-db321cdedff6
74.68165,60.33061,23.55,2015-09-24 22:13:24,f2207c70-b34c-4150-b9de-dea9c93c8d4b
74.681633,60.323635,23.63,2015-09-24 22:15:55,20c5490b-13a2-4946-9dba-aa94eb139c17
74.681633,60.316583,23.59,2015-09-24 22:18:25,e26d0150-7f9b-4c0b-b57f-1ca4da11ff3a
74.681667,60.309558,23.58,2015-09-24 22:20:56,11b20d09-c505-4eee-ae0c-eefe6679da0e
74.6817,60.302523,23.59,2015-09-24 22:23:26,203d92bc-3525-4740-a73d-849f09615b63
74.6817,60.29545,23.6,2015-09-24 22:25:57,2b855a85-5326-44c0-8c12-522d35c55805
74.681733,60.288583,23.6,2015-09-24 22:28:27,a569f4e1-d337-4c0f-94c3-e570fc8aa9cf
74.68175,60.281602,23.6,2015-09-24 22:30:58,c6afa8a9-9cc6-40d9-95d8-066704ab4678
74.681783,60.274533,23.6,2015-09-24 22:33:28,c6c6ccaf-e27e-42e6-9bfc-55a895e475cb
74.681733,60.26752,23.61,2015-09-24 22:36:00,4b3fc3f9-8e75-48ef-bbb3-1ce177bbc8ee
74.681767,60.260327,23.62,2015-09-24 22:38:30,4b80b5c0-86d1-4577-b1f0-293acc7ed155
74.681383,60.254013,24.14,2015-09-24 22:41:01,22d28f11-2c92-460d-9cee-baa7a314df1c
74.6792,60.25931,24.56,2015-09-24 22:47:32,37f17e1e-f173-4adb-ac43-67e3ed5bd68e
74.679167,60.265413,23.68,2015-09-24 22:50:03,8a6fcc40-9f82-425e-a115-f77e60387f9f
74.679183,60.272245,23.65,2015-09-24 22:52:34,7a6f3765-1c8b-4818-8f88-980deb0c4058
74.6792,60.279227,23.79,2015-09-24 22:55:05,2df40ca6-0493-4e95-ab51-15bea3433de5
74.679217,60.286487,23.8,2015-09-24 22:57:36,2acb504c-da8a-4667-a5af-afd78589f11b
74.679217,60.29359,23.79,2015-09-24 23:00:06,f577bb48-c021-4218-ada4-91288cdf3606
74.679217,60.30042,23.77,2015-09-24 23:02:36,1c3b9b49-7ec2-4b42-b89d-30be69b2cb51
74.679183,60.30707,23.71,2015-09-24 23:05:07,45bfb16a-de82-4b2f-9b64-80851c0d5c66
74.679167,60.313848,23.81,2015-09-24 23:07:37,3261557d-f479-4dd0-81e2-252c95a05aba
74.679183,60.32079,23.68,2015-09-24 23:10:09,cf80153f-1552-43e1-b0e7-9b8d1bd725b4
74.6792,60.32802,23.66,2015-09-24 23:12:40,e5f38b86-6710-41ef-80e2-382dff4114dc
74.679217,60.335002,23.59,2015-09-24 23:15:11,f4e7ad4d-f00c-46bf-8913-52abf24c7cb9
74.67915,60.342225,23.56,2015-09-24 23:17:42,e6ded4de-d3f5-40db-b252-462d72c272b9
74.679167,60.349353,23.54,2015-09-24 23:20:12,2e533b5f-a735-437b-afc8-83c26bbea972
74.679167,60.356533,23.53,2015-09-24 23:22:43,88aa8a5d-3108-47bb-9ab0-333ec2236a19
74.679133,60.363475,23.53,2015-09-24 23:25:14,ac2da095-3973-48d5-a4eb-6345359528dd
74.679167,60.370288,23.53,2015-09-24 23:27:44,bc0ae8bf-fbc4-46a0-b1ed-b8c19a57f8b1
74.6792,60.377022,23.53,2015-09-24 23:30:14,fc34b14d-beba-4118-9b94-1f525a46b2c0
74.679233,60.383915,23.53,2015-09-24 23:32:45,9e069deb-e765-4cbe-bc61-ab2e058388f7
74.679233,60.390988,23.52,2015-09-24 23:35:16,57f4fdb0-62e7-4f77-ad3c-f07cf132d582
74.679233,60.397963,23.5,2015-09-24 23:37:46,9b78bb6a-4f1c-4126-8e31-88fc3d3e74ca
74.6792,60.40484,23.5,2015-09-24 23:40:17,b60a6939-b062-4886-a0cb-87335d9a4a3b
74.679983,60.409968,23.49,2015-09-24 23:42:48,c1ff9382-bafc-44a0-bb31-dbd022779b87
74.68145,60.411613,23.5,2015-09-24 23:45:19,cabff5b6-2e20-43c4-9232-9f5a36e37330
74.682967,60.40954,23.49,2015-09-24 23:47:50,807edf67-e2ca-445e-bb64-d9006ac3d724
74.683883,60.404385,23.47,2015-09-24 23:50:20,a20f0504-a8ed-40ba-bdc8-f20f7dd6e3b4
74.684083,60.397068,23.47,2015-09-24 23:53:06,5413c76f-9477-48c4-abd7-c1489c55160a
74.68415,60.39002,23.49,2015-09-24 23:55:36,172f594c-35fa-4fad-9b3f-e2c668e07c99
74.684133,60.382685,23.48,2015-09-24 23:58:08,5f293335-ceb9-49a8-b298-01785e2c7d43
74.684167,60.375212,23.49,2015-09-25 00:00:38,9a45f040-a984-480f-b83d-55d32290540d
74.684167,60.367505,23.51,2015-09-25 00:03:09,35f4079f-84ce-4e16-8599-ad5baac01b6c
74.684167,60.359968,23.52,2015-09-25 00:05:39,dd97851e-2f1a-46fb-8fcc-b66bee69c070
74.684167,60.352692,23.51,2015-09-25 00:08:10,62b1b37f-cc05-4983-8d37-52c722626ce6
74.684117,60.345358,23.53,2015-09-25 00:10:41,aea88258-aaf4-444a-aae0-e21586ab69e2
74.684117,60.337987,23.55,2015-09-25 00:13:11,6d5890b9-5917-4a9b-9878-dc182727282e
74.684167,60.330728,23.54,2015-09-25 00:15:42,9171f8cc-9fa9-4d72-bd13-d0d80d7d12b8
74.684133,60.323492,23.55,2015-09-25 00:18:12,2d743075-5eb8-4160-aa84-6792e2b28e7f
74.684083,60.316313,23.57,2015-09-25 00:20:43,83e09e48-922d-4af4-b9e6-7919be670d34
74.684133,60.309058,23.6,2015-09-25 00:23:14,f9fa0367-8287-4605-860b-6a7f711538df
74.68405,60.30183,23.6,2015-09-25 00:25:44,3229f5b4-cd72-4caf-8993-693f3992dd3b
74.684033,60.295077,23.61,2015-09-25 00:28:15,a75b6567-a44a-469e-9ab4-fafead6653c6
74.683983,60.288267,23.6,2015-09-25 00:30:45,af6be660-6c45-4eeb-83ba-b61348f6ce71
74.683933,60.281363,23.62,2015-09-25 00:33:16,f200293a-d17d-4539-af4c-7fe9cf42cb9a
74.683983,60.274298,23.61,2015-09-25 00:35:46,3eb1b1b1-e160-43c3-b195-2ab1a0e579a7
74.683967,60.267758,23.62,2015-09-25 00:38:17,f4f0acf6-1dc3-428d-808f-dd9ab81b0263
74.683983,60.26132,23.66,2015-09-25 00:40:47,8fae68e3-a54d-4b82-9036-65858406cc90
74.683983,60.254992,23.68,2015-09-25 00:43:18,ea233ba3-3b02-4d79-91f2-d5543f88a401
74.684333,60.249417,23.97,2015-09-25 00:45:49,d31f8718-b319-4ad3-b8b1-18f9936ffb96
74.685183,60.244718,24.04,2015-09-25 00:48:20,b950735c-5f99-4c6f-84c9-b4db169be36a
74.686317,60.241032,24.06,2015-09-25 00:50:50,b5e5fb17-a766-4adc-ae76-fc4530f99dfd
74.6879,60.240817,23.97,2015-09-25 00:53:51,55b4809a-18fd-4a1a-b476-11c11c1c6cab
74.688667,60.245012,23.73,2015-09-25 00:56:21,3dbd02db-c51e-4e38-8d18-d8e3fde36c3a
74.68875,60.251682,23.69,2015-09-25 00:58:52,ce7fc32d-9338-457c-b4a3-485ed0fc4a76
74.6889,60.258128,23.7,2015-09-25 01:01:23,ea8ce23a-3647-4e6b-9d29-5697848e3661
74.689033,60.264,23.76,2015-09-25 01:03:54,c147c0e0-85cc-448c-a4b3-397be0f89894
74.689083,60.269618,23.72,2015-09-25 01:06:24,ba740da4-e3a3-4ab6-9c43-7fc9b5dbc1be
74.689083,60.27501,23.65,2015-09-25 01:08:55,c9cfcb81-598b-4a40-bb3a-94b38f6b4eee
74.68915,60.28155,23.64,2015-09-25 01:11:56,621a76d7-61c8-466b-9b4b-85cd788ceb60
74.689183,60.2874,23.62,2015-09-25 01:14:26,74f491e3-7a10-46b4-96e0-33f763507d57
74.689167,60.293597,23.6,2015-09-25 01:16:57,16a0f3cd-44c0-4ef3-b4fd-aa92451f39d6
74.6892,60.299653,23.61,2015-09-25 01:19:27,1741b0dd-6662-45da-a289-23845f73fb1b
74.689183,60.305622,23.59,2015-09-25 01:21:58,01e2a540-c12c-4875-9310-54eee5355c1d
74.689183,60.3115,23.6,2015-09-25 01:24:29,c910a79c-6c8d-4ee8-8407-7506f29567ca
74.6892,60.31737,23.6,2015-09-25 01:26:59,92531eaa-13ee-44bd-9b5e-ac25fe6614fe
74.68925,60.323168,23.58,2015-09-25 01:29:29,e89c5699-26ff-4ac6-8bd2-81b04530e554
74.68925,60.329125,23.57,2015-09-25 01:32:00,4c3401e5-1955-4a6c-bede-95505ecff926
74.689233,60.334868,23.57,2015-09-25 01:34:31,f168cf6a-a02c-4343-a5a4-a3014b0f6825
74.689217,60.340625,23.56,2015-09-25 01:37:01,11dbfb8a-8e77-41cf-afee-48c494d3e136
74.689217,60.346702,23.56,2015-09-25 01:39:32,4ba700ca-64a5-4d51-a680-56f7114191e9
74.689183,60.353007,23.54,2015-09-25 01:42:03,eee57c33-ac9b-4e9a-9556-64cb2e511956
74.6891,60.359222,23.54,2015-09-25 01:44:34,ffb82238-047b-4ae9-a68e-6b9084607053
74.689067,60.365617,23.51,2015-09-25 01:47:05,a84c5b04-6cb2-4a8e-93b0-bf53c95795cb
74.689083,60.37204,23.49,2015-09-25 01:49:36,5b2bfa23-d920-4c4f-9618-9711523f1dbf
74.689,60.37812,23.49,2015-09-25 01:52:07,c68c1ed7-1570-47ed-9410-268a8a6139c3
74.689017,60.384055,23.5,2015-09-25 01:54:38,a36b12b1-3b8c-44a9-bb4d-40cef6014732
74.689017,60.389827,23.5,2015-09-25 01:57:10,db563bf7-0d9e-4fa0-92b9-017afc53e60e
74.689017,60.395667,23.49,2015-09-25 01:59:40,330708d7-80bb-440a-9c3a-754029534cce
74.689,60.401427,23.49,2015-09-25 02:02:11,8942362a-7ea6-48c6-b272-859e8fdfb51e
74.688983,60.407488,23.49,2015-09-25 02:04:41,86cffe93-5c28-4379-838a-f2ef0697b3f1
74.68955,60.412695,23.49,2015-09-25 02:07:12,0c0f192e-143b-419d-b7fb-722723464ca5
74.690517,60.41662,23.5,2015-09-25 02:09:42,cfc5f125-8b85-4254-bb22-bc5525e210ca
74.6919,60.418765,23.51,2015-09-25 02:12:27,d2ca97f2-791f-4a6d-80b2-2e1a234477d9
74.693183,60.417233,24.09,2015-09-25 02:14:58,a2c6b2ac-817d-4798-81c9-658919f68817
74.694,60.405002,23.58,2015-09-25 02:21:14,89e0ba65-39fa-4a3f-a8a5-945a3620c622
74.694117,60.39888,23.55,2015-09-25 02:23:45,5f6d48e9-66c5-418e-a008-7ec3df1a1415
74.694133,60.392263,23.53,2015-09-25 02:26:16,6589a8fb-9822-47f7-85cc-1cb179201424
74.694167,60.38556,23.53,2015-09-25 02:28:46,00b724a1-50db-4ec0-b44d-0b94874fcaeb
74.694217,60.379103,23.53,2015-09-25 02:31:16,febb770e-fa26-447b-ab8a-75401899a27a
74.6942,60.372725,23.51,2015-09-25 02:33:48,8e7a92f3-1048-42c4-bd8c-e64d51bb4b1a
74.694217,60.366443,23.53,2015-09-25 02:36:18,e4cc97a2-709a-47bd-84d1-553662fd76e0
74.694183,60.360363,23.53,2015-09-25 02:38:49,94f7ba4d-e429-405e-803b-57723dc99701
74.694167,60.354372,23.55,2015-09-25 02:41:19,d24689ea-79e5-484b-a678-f0fbbc3de0f3
74.694167,60.348473,23.55,2015-09-25 02:43:50,a7e2e9e9-2c4f-4423-8137-fc966197b11b
74.6942,60.342555,23.57,2015-09-25 02:46:20,967a456f-4e43-4254-9afa-f8f36f967d05
74.6942,60.336387,23.57,2015-09-25 02:48:51,ac7feac9-14b8-489f-89fe-6b5e21126fc7
74.6942,60.33002,23.58,2015-09-25 02:51:22,7ad19d19-b229-491a-b51a-c0f3e28811b5
74.694217,60.323403,23.6,2015-09-25 02:53:53,dcece1f2-4d41-4ce7-b935-bfa088660d0c
74.694117,60.31686,23.6,2015-09-25 02:56:23,9037b372-708b-4c32-a643-dc51d2aff53e
74.694133,60.310218,23.6,2015-09-25 02:58:53,7ebb24eb-fdc1-47df-8e93-dd5ec4f43984
74.694167,60.303617,23.62,2015-09-25 03:01:24,64e44f67-5f35-459c-acab-9da7f5e94b61
74.694133,60.296933,23.62,2015-09-25 03:03:55,a26b5eb8-fe71-4ec5-ac68-d172d291d5af
74.69415,60.290478,23.62,2015-09-25 03:06:25,2a490f88-1977-4d5e-9140-a88459d1c676
74.69415,60.283985,23.62,2015-09-25 03:08:56,49f6b778-6748-4915-8929-d1b5e0ae82c6
74.694133,60.277513,23.6,2015-09-25 03:11:26,fb0b4206-41fa-494b-ae8d-c6ce1a30787f
74.69415,60.270923,23.62,2015-09-25 03:13:57,28673450-7c68-4331-a764-17be02cb2c5f
74.694133,60.264387,23.62,2015-09-25 03:16:27,ab1cdd3e-3a32-48ce-8d7a-7159c665706f
74.69415,60.257838,23.64,2015-09-25 03:18:58,07d22164-1756-4621-9a19-5b344e73ff7c
74.694117,60.251258,23.64,2015-09-25 03:21:29,237a78b9-e524-464f-9638-0954302b4eed
74.693883,60.24332,23.65,2015-09-25 03:23:59,0185df97-93a2-4a59-8d4d-c407ddec897f
74.691467,60.241693,23.66,2015-09-25 03:26:30,e2f949e3-ad78-4cb0-a945-8d47182f4a2e
74.690183,60.254917,23.67,2015-09-25 03:29:00,bbbb0002-f0c3-4e7c-9637-969b36fe581e
74.6894,60.272105,23.63,2015-09-25 03:31:30,3e033fe0-793d-4710-8453-4bd02315d7d1
74.688417,60.28972,23.61,2015-09-25 03:34:01,d13bb82c-6d31-4401-be85-8bd82976f2d4
74.68725,60.306312,23.59,2015-09-25 03:36:31,a0526248-030a-4fb3-8cac-81b5f40628a8
74.686083,60.322375,23.56,2015-09-25 03:39:02,0fced1a8-fd1e-4eff-bf6a-9fab4b759489
74.685183,60.334345,23.55,2015-09-25 03:41:33,6a08fe28-8dcb-4777-805a-afccf1d7a757
74.675967,60.029068,23.64,2015-09-25 05:05:49,55acb94f-3eb0-4bf2-b16e-9632f63a15dd
74.6751,60.00807,23.62,2015-09-25 05:08:20,572cab0c-1554-4aef-890f-a0b540538404
74.674333,59.986942,23.61,2015-09-25 05:10:50,3006030d-9a87-4ca5-8401-7b8b156cd236
74.6738,59.968373,23.57,2015-09-25 05:13:21,76629593-4830-4239-918d-843492db5cbf
74.673483,59.955062,23.55,2015-09-25 05:15:52,f55bd1a6-8c31-4149-8a36-f3d3541e0fcb
74.673283,59.946705,23.57,2015-09-25 05:18:22,2bc60d17-cc8a-4d09-b079-5bb32d904154
74.668183,59.942787,23.6,2015-09-25 06:32:15,83bc99fd-b8e8-485d-bf0f-58ef2c6c0c47
74.664083,59.95107,23.54,2015-09-25 06:34:46,54cd1bfe-a173-430e-87bc-065e3b1d88b4
74.659867,59.959448,23.52,2015-09-25 06:37:16,b88b7070-8757-4be2-9299-3d80e758fed6
74.6572,59.972457,23.53,2015-09-25 06:39:47,f857ea29-ed91-49f2-8de4-08b20c27dd2f
74.656017,59.984817,23.58,2015-09-25 06:42:18,0ce682bd-0d66-46da-bc65-95fe96acc1e7
74.65425,59.98174,23.57,2015-09-25 06:44:48,1bea600e-9fce-49bb-92f9-4506fb6c4726
74.654783,59.9757,23.79,2015-09-25 06:47:19,1c781297-77d8-4584-aebf-379df96e1b91
74.655517,59.968687,23.56,2015-09-25 06:49:49,097eeb26-da85-424d-9609-e7b602272722
74.65645,59.962835,23.55,2015-09-25 06:52:20,67b320bf-8f77-4408-8846-ed3d76114f97
74.657367,59.958108,23.55,2015-09-25 06:54:51,87b1592d-e458-4047-a1c2-7f031998da79
74.658333,59.953393,23.58,2015-09-25 06:57:21,c101f5f7-3adb-479c-89a8-46bcaffc3137
74.659417,59.948458,23.51,2015-09-25 06:59:52,f93ed366-49ed-4a52-ba95-f87a970dd879
74.660433,59.943652,23.53,2015-09-25 07:02:22,c933b5ee-e52c-4d85-8078-8d7ba3c74f44
74.661383,59.938873,23.54,2015-09-25 07:04:53,6374af16-5c66-4b68-b3d2-dc05a9fc0c59
74.6623,59.934165,23.54,2015-09-25 07:07:24,681667e3-ea50-4fcc-abcc-d177a9e07b05
74.663283,59.929582,23.56,2015-09-25 07:09:54,c17e28ac-40af-480c-a6d1-6321e6179e06
74.664367,59.924485,23.55,2015-09-25 07:12:25,6eb755f1-9660-42a7-bc4c-752a114f3f30
74.6654,59.919163,23.58,2015-09-25 07:14:56,7bf74640-c738-4fbd-9f85-e740fce003d0
74.666317,59.914268,23.64,2015-09-25 07:17:26,9a03323c-5160-459b-8cf0-6241f695fe3c
74.667217,59.909602,23.66,2015-09-25 07:19:57,78c31f66-d0be-45aa-ab92-660730d1db3f
74.66805,59.905182,23.64,2015-09-25 07:22:28,372d7bc0-a310-4d9f-a566-8eb7a4a14d36
74.66905,59.900407,23.63,2015-09-25 07:24:59,7e98e325-3eea-4ad9-8a4f-b1a72edfe6ef
74.670083,59.895577,23.6,2015-09-25 07:27:30,a816a50b-f5bc-4ea4-9674-d7525b8b474c
74.671117,59.890837,23.51,2015-09-25 07:30:00,352cd0ab-7642-42d7-b5d9-177b88eacc44
74.6722,59.885692,23.49,2015-09-25 07:32:31,8423bf84-c3dd-4717-a686-e60aa34b1e26
74.673167,59.880817,23.5,2015-09-25 07:35:01,acf07076-362d-49bf-86c7-89c4d0e8cbec
74.67405,59.87603,23.49,2015-09-25 07:37:32,533f580d-ad5d-4a62-a1eb-1942ad9e52f2
74.674933,59.87147,23.49,2015-09-25 07:40:02,10806dc9-5d06-4914-9a8a-53ebe93fad2b
74.675817,59.866632,23.51,2015-09-25 07:42:33,66577fa9-a8a6-4a9a-97eb-01b9ba34508a
74.676733,59.86213,23.56,2015-09-25 07:45:03,a94db64a-9b33-4243-9728-87f565774ad7
74.677633,59.857607,23.54,2015-09-25 07:47:33,b691c2bf-d48a-41a2-910e-17b14c92658e
74.678567,59.853178,23.54,2015-09-25 07:50:04,43762036-32e5-43ee-8e6d-e07fe660e149
74.679517,59.848485,23.54,2015-09-25 07:52:34,b999c498-ff25-416e-bb15-3abe6ccb6543
74.680967,59.84992,23.58,2015-09-25 07:55:06,59a1ee5b-c060-4826-8871-ee3887a09705
74.680483,59.856353,23.92,2015-09-25 07:57:37,c017ba5e-dae8-42d5-bdb3-4e084def678b
74.679733,59.862275,23.98,2015-09-25 08:00:07,47ef001b-48ef-4223-b669-16dc5171f0b7
74.678733,59.867567,24.08,2015-09-25 08:02:38,3bff787a-47df-436a-b3f8-c5f6c765e2e1
74.677667,59.872952,23.92,2015-09-25 08:05:08,7185f0c1-201a-455d-af6a-898f9f3a06c1
74.676533,59.878357,23.85,2015-09-25 08:07:39,6ed038f5-af1a-4701-a6a2-c9b4574a405b
74.67545,59.88403,23.66,2015-09-25 08:10:10,4faac620-190a-41e8-bf1c-b55d75ec2692
74.674283,59.889452,23.63,2015-09-25 08:12:40,a91b3610-baae-4e3a-af6b-29884ece94de
74.673033,59.895518,23.64,2015-09-25 08:15:26,8305c93e-2fae-4025-9b7f-ba35a02acf08
74.671917,59.901113,23.65,2015-09-25 08:17:56,f66a5757-9756-4522-9f38-2c95a26a38a6
74.67085,59.906747,23.65,2015-09-25 08:20:27,e98d3168-66a3-4dd5-b172-575149e3c0ac
74.669767,59.912455,23.61,2015-09-25 08:22:58,b2b80b17-5490-4d6f-aa06-1c38f783cd64
74.668667,59.918073,23.53,2015-09-25 08:25:29,409de993-0102-4a90-a724-ac25c8296e2d
74.66755,59.923523,23.53,2015-09-25 08:28:00,ef292ef0-299f-40aa-aece-e28f0fad8d03
74.66645,59.92901,23.54,2015-09-25 08:30:30,03319206-68c3-4db7-bb56-8b2e9504f5dd
74.665317,59.93457,23.55,2015-09-25 08:33:00,ca499c6c-8a19-44da-a0fc-2a502b8c6feb
74.664217,59.939993,23.54,2015-09-25 08:35:31,4aab49e8-5e17-474b-ab73-565aca4289bd
74.663133,59.945517,23.53,2015-09-25 08:38:02,e0754ef8-02ce-4824-8a39-13fcb51f052c
74.662067,59.950975,23.52,2015-09-25 08:40:33,12f171e7-fff8-47d7-934c-eef4240f8f01
74.661033,59.956497,23.49,2015-09-25 08:43:03,fd93d220-3c38-48bb-b35d-bac679664d91
74.659967,59.961885,23.53,2015-09-25 08:45:34,87adc689-9e9e-4732-952f-9b9551bb7a37
74.658883,59.967212,23.54,2015-09-25 08:48:04,50c87c49-5dc2-4015-9a32-8a39760d37b2
74.6601,59.974433,24.23,2015-09-25 08:54:36,defae4c4-a3ed-486c-aa64-1dc82d5bb91a
74.6613,59.971097,23.64,2015-09-25 08:57:07,c6da3ceb-1ff0-42d6-808a-1b3e65c56df6
74.662283,59.966118,23.55,2015-09-25 08:59:37,cfc2f534-aa37-4f47-9b71-e498a01782f1
74.663317,59.960795,23.55,2015-09-25 09:02:08,472d4bc0-d6fc-4f49-b4a2-b840414d3007
74.664417,59.955307,23.55,2015-09-25 09:04:39,d6196af4-5ada-49f7-b95d-1add5289a739
74.665583,59.949832,23.57,2015-09-25 09:07:09,15e4fd75-90ad-43b1-a735-2770b8af9423
74.666683,59.944417,23.64,2015-09-25 09:09:41,6806d970-deca-4a1f-aa13-928acc00330e
74.667783,59.939085,23.67,2015-09-25 09:12:11,848fcc69-bbe1-4cf5-84f5-74783448ca1b
74.668867,59.9338,23.59,2015-09-25 09:14:42,3bd72126-0170-45a6-b636-3a4198d62111
74.669917,59.928302,23.57,2015-09-25 09:17:13,3798b6e5-f757-48b2-b151-8268b3cf37ff
74.67095,59.922887,23.54,2015-09-25 09:19:43,2fb4653f-58ec-4ed6-9392-8ddc3683ee7a
74.67205,59.917518,23.53,2015-09-25 09:22:14,cc2bbdf3-f33d-43a6-b788-d6a5eb197f85
74.6731,59.912207,23.59,2015-09-25 09:24:44,1670ca80-b0d2-4bc5-92f8-3b8eed1e5f3f
74.67415,59.90677,23.55,2015-09-25 09:27:15,c2dc0523-0c86-48b0-8216-d513c03a1e92
74.675217,59.901423,23.58,2015-09-25 09:29:45,dbd02c8a-b8e0-4cac-b755-7fa86bcf55f6
74.67625,59.896152,23.62,2015-09-25 09:32:16,235b0ba8-2c3c-4d59-8d68-22fe37009217
74.6773,59.890763,23.62,2015-09-25 09:34:46,40780eac-eb4f-426f-8a01-068dab79a7ed
74.678333,59.885443,23.62,2015-09-25 09:37:18,d9d411c5-ec43-4727-9e93-c9b9d6e7ad3e
74.679383,59.88023,23.63,2015-09-25 09:39:48,d13f187a-03c4-473d-950f-1d4ed44fd894
74.680433,59.875033,23.67,2015-09-25 09:42:19,22eea931-a12c-4fd2-a7bb-8d9fcf23d24c
74.681467,59.869863,23.68,2015-09-25 09:44:50,5f67ef5d-d3e7-4e91-a98e-723891412e9d
74.682517,59.864735,23.7,2015-09-25 09:47:21,9dc81fe1-7445-4418-8739-4e95d14ea220
74.683567,59.859598,23.71,2015-09-25 09:49:52,dc76f7c5-6ecd-4744-82e4-24dd3102d274
74.684667,59.854152,23.66,2015-09-25 09:52:23,e43a2caf-c290-4e48-9487-9de4229a3bcb
74.68575,59.848912,23.67,2015-09-25 09:54:53,5daef9e9-4a8a-4ba6-b923-061d12dd14c7
74.686783,59.843772,23.72,2015-09-25 09:57:24,12d2b554-ecf9-4310-b33b-b6a236daf7d3
74.687767,59.838543,23.76,2015-09-25 09:59:58,e2e30b74-d4ad-4e7f-8196-00829a087b17
74.68885,59.832873,23.55,2015-09-25 10:02:28,0a5c2086-6cd8-4104-8c87-9ccb58368b0d
74.689867,59.827457,23.36,2015-09-25 10:04:59,d4ff7b13-0191-4fdf-a040-df8433ab178c
74.6909,59.822113,23.29,2015-09-25 10:07:30,3d191a2a-7d0e-4662-911d-7eab510e9201
74.691967,59.816868,23.27,2015-09-25 10:10:01,cc201913-f88a-4933-bcfe-2580eefaf6c0
74.692967,59.811733,23.3,2015-09-25 10:12:32,e98001cc-fa9d-4310-b881-3d74daca7646
74.693917,59.822023,23.84,2015-09-25 10:21:18,c2ec71db-42cc-44ed-ae7a-ca9db0be0c6b
74.6931,59.826872,23.98,2015-09-25 10:23:49,38d90593-3ff2-4193-9f75-da6250f9569e
74.6921,59.831993,23.9,2015-09-25 10:26:19,77f3bdc8-9cb4-46a5-ad03-348956c96df3
74.691,59.837612,23.77,2015-09-25 10:28:50,cd20ba6c-ba2e-4c30-9d81-c2bb2e41166b
74.6899,59.843585,23.77,2015-09-25 10:31:22,283e02a3-3d0d-459f-8d70-d0fbb6e156da
74.688717,59.849467,23.76,2015-09-25 10:33:53,2b45c866-a36c-4adf-9a74-89e7da45941b
74.687583,59.855153,23.75,2015-09-25 10:36:24,fc9420f0-0b07-4b4a-b1dc-ac0ea8823622
74.686467,59.860622,23.71,2015-09-25 10:38:55,4a861654-dfdf-4b38-8c7e-eae3e8bf0f28
74.685367,59.865795,23.7,2015-09-25 10:41:26,03b96c1e-5ef2-41ae-b1be-8ae9c0661102
74.684317,59.870875,23.65,2015-09-25 10:43:57,912206a4-5405-415d-83dc-646b7076736c
74.683283,59.876062,23.59,2015-09-25 10:46:27,a7557375-e207-42f4-830d-4ef141a5286f
74.682233,59.881308,23.6,2015-09-25 10:48:58,4b9649b3-4219-4a3a-9c6e-da163adedc13
74.681167,59.886637,23.6,2015-09-25 10:51:29,f2d013ac-8295-47f3-8fd8-d8a7febb2639
74.68005,59.892233,23.6,2015-09-25 10:53:59,7893b689-9e96-482d-84d7-98afd0a121bf
74.67895,59.897705,23.55,2015-09-25 10:56:30,0c7d9886-cda3-4567-8ebc-f79e7873d4b0
74.677783,59.903457,23.5,2015-09-25 10:59:00,5d50011a-814c-43a4-869b-1e739ed15cee
74.676667,59.909157,23.51,2015-09-25 11:01:31,695db25b-c834-4cf7-9f49-69221633f28e
74.675517,59.914763,23.53,2015-09-25 11:04:02,bb6af1bd-9282-48f0-9b18-c468e70e479b
74.674367,59.920273,23.55,2015-09-25 11:06:32,da5cf25e-59d9-459c-beb6-b1444c49b74b
74.67325,59.925873,23.57,2015-09-25 11:09:03,27e22513-5e39-4525-99d1-4365271e61a9
74.672067,59.931133,23.56,2015-09-25 11:11:33,a28543b8-2c90-4e2e-855f-d4b2e100714d
74.670967,59.936322,23.56,2015-09-25 11:14:04,ef8b57e9-66ad-4b88-8bc7-7cb981240948
74.66995,59.941452,23.56,2015-09-25 11:16:36,a0e3eaf1-5184-4f40-a419-9763c8b357df
74.668917,59.946628,23.58,2015-09-25 11:19:06,d72a65c1-747b-4a01-964c-0f93cd10c1cd
74.667883,59.951927,23.6,2015-09-25 11:21:37,8de7fd05-46cc-4579-94e3-63d418e6afbf
74.666817,59.957198,23.57,2015-09-25 11:24:08,4f792ce9-dce3-4e1a-82b0-31bc860b822a
74.6658,59.962573,23.58,2015-09-25 11:26:38,57903d54-16a3-4462-b51b-7b4fb9e49d65
74.66475,59.967958,23.6,2015-09-25 11:29:09,6b047b26-44b6-4d0a-8feb-75c37858d7f1
74.66375,59.973448,23.62,2015-09-25 11:31:39,24a3e254-e12b-4373-999c-5ddc245f9b8b
74.662717,59.979092,23.66,2015-09-25 11:34:11,58126a3e-97f1-4617-bd65-1758ebba21ab
74.66225,59.984745,23.91,2015-09-25 11:36:41,5d45082d-f391-4a59-b3f8-3bae1c52ced9
74.66335,59.987532,23.92,2015-09-25 11:39:12,a6aeee49-cb30-41d4-8e11-90caff0721f7
74.664867,59.985738,23.74,2015-09-25 11:41:42,244bb4ae-e80f-46fd-8322-80f4346a7348
74.665933,59.97998,23.67,2015-09-25 11:44:13,485e2332-a0d9-41ac-86f0-e2dc31d6a92a
74.66705,59.973678,23.68,2015-09-25 11:46:44,e0887f8b-7751-4e12-b6c6-5d76405daf86
74.66825,59.967635,23.66,2015-09-25 11:49:14,a7ad43f5-26f5-440b-ab49-b539c4d7982f
74.66935,59.961817,23.68,2015-09-25 11:51:45,2a4432b3-54b2-4fc8-8c15-a1b56834b55e
74.67055,59.955867,23.67,2015-09-25 11:54:15,36835576-4b6a-45e1-8ed9-5f76153ed794
74.671833,59.949557,23.64,2015-09-25 11:56:45,f77ce415-d89c-44cb-aa0c-d1055d475cf9
74.67315,59.943028,23.62,2015-09-25 11:59:16,f17e2ef1-f32e-447a-92b3-819ad3586b6c
74.67445,59.936448,23.6,2015-09-25 12:01:46,0a1a2bcc-44ac-438d-8b9a-77b04aad43f9
74.675767,59.929967,23.57,2015-09-25 12:04:17,3c171f32-6415-4b5c-9326-8c81a7ea1894
74.677067,59.9234,23.61,2015-09-25 12:06:47,ffaa333f-8848-4ffb-9cca-06b22e0aa0fa
74.678433,59.917065,23.61,2015-09-25 12:09:18,e77723d8-1fda-40d2-9d36-05fe74ebf59f
74.679817,59.9107,23.6,2015-09-25 12:11:49,8526e9c9-1313-4f3e-bd7f-507a98d1a18a
74.681167,59.904517,23.57,2015-09-25 12:14:19,8ece1478-a4c9-499a-8ecd-eeb318534625
74.68235,59.898912,23.6,2015-09-25 12:16:50,4edb66a7-5d9b-4a9e-a5ca-040c4f97f3b9
74.683417,59.89359,23.75,2015-09-25 12:19:20,d6e79568-3213-4ae4-b14d-044ef26ba246
74.6844,59.888742,23.82,2015-09-25 12:21:51,18bcb092-9119-4300-88b4-b66237fd7a5b
74.68535,59.883793,23.79,2015-09-25 12:24:22,148c95ec-3e93-40b8-8f9e-272f5e108daf
74.6865,59.877868,23.73,2015-09-25 12:27:08,fb3b459e-5e0c-4301-a5ee-5ef7356b3594
74.6875,59.872362,23.81,2015-09-25 12:29:38,66f59563-0cf8-4259-9e6f-db4fb03ab3b8
74.688517,59.867017,23.89,2015-09-25 12:32:09,f9db95a0-377c-4462-a0ba-08f0e623f9bb
74.689483,59.86167,23.86,2015-09-25 12:34:40,f354e35f-b4ea-4fcf-8795-a4aea8f5acec
74.6905,59.856417,23.89,2015-09-25 12:37:10,2b9ccf3a-45e4-4015-8fef-0152b2ba7597
74.6915,59.851163,23.77,2015-09-25 12:39:41,973eb25c-1292-4956-8ca1-af7099c738bb
74.692533,59.845653,23.72,2015-09-25 12:42:12,2899d5d0-674e-4c21-ad97-08a0e84a2a2a
74.693533,59.840525,23.72,2015-09-25 12:44:43,df8a881c-9b1a-419f-be5d-8bda8355858a
74.694583,59.835078,23.72,2015-09-25 12:47:14,bf965f2b-b0f6-4776-b379-237b1054739b
74.695633,59.829565,23.74,2015-09-25 12:49:45,679ff49a-4525-494b-8fd7-57596784b169
74.69665,59.823918,23.59,2015-09-25 12:52:16,42394c5b-bf10-4985-82e4-abe464d2289d
74.69765,59.818555,23.44,2015-09-25 12:54:46,c579f6f0-dc1a-47e8-95f3-25a593f25de1
74.69865,59.81391,23.45,2015-09-25 12:57:17,6ac6a55a-9ba5-4ef7-ac05-4416035b0a2c
74.69915,59.826872,23.75,2015-09-25 13:08:20,81fd79d7-85e0-4375-98a5-c403ea7ed928
74.698233,59.83209,23.72,2015-09-25 13:10:51,f91be2a8-237d-4a53-968f-d0d1cc4d552c
74.697217,59.83718,23.73,2015-09-25 13:13:22,09554ea5-fffb-44b1-a0a5-e4536c705895
74.696183,59.842342,23.7,2015-09-25 13:15:52,0ee5c730-bd1b-469c-8dc5-ea1a5c78b311
74.695117,59.847472,23.64,2015-09-25 13:18:23,3c4387c6-6659-460f-945b-9ec4c29c5bb2
74.694067,59.852662,23.6,2015-09-25 13:20:54,06be8508-61a3-4c4f-a2d1-49f08da9464d
74.69305,59.857927,23.59,2015-09-25 13:23:25,a12d1343-8325-43d6-abb0-1ac3434903dc
74.692067,59.862923,23.59,2015-09-25 13:25:55,c045f6dd-843b-4a2b-813a-473a109ac6d5
74.69105,59.867765,23.59,2015-09-25 13:28:26,aced658b-856e-4407-92a5-c48edbfd867f
74.690083,59.872493,23.6,2015-09-25 13:30:57,32bc16a6-0a74-48f2-8b71-d96e283d2b38
74.68915,59.87719,23.6,2015-09-25 13:33:28,35f466ce-79e9-471c-bb4b-c47172426808
74.68815,59.881937,23.56,2015-09-25 13:35:59,becb307d-3df3-47f4-961e-bb067e0e8f9d
74.68725,59.886813,23.51,2015-09-25 13:38:30,7df4d92b-27f0-4119-8a8b-cf171b783c2a
74.686283,59.891863,23.51,2015-09-25 13:41:00,7e821349-1f42-4db6-9e4d-3b9a5afc7214
74.6853,59.896967,23.51,2015-09-25 13:43:31,4c081ac4-9091-473c-9ef9-15892812fe01
74.684283,59.902028,23.54,2015-09-25 13:46:01,653e010a-7d6e-448e-8677-930945ae28ee
74.683217,59.906928,23.55,2015-09-25 13:48:32,75a2df12-e956-416d-9794-d62cfbab72ed
74.6821,59.911393,23.57,2015-09-25 13:51:02,31192d08-b0dc-4a27-9232-eb07087069cb
74.6811,59.915945,23.6,2015-09-25 13:53:33,710b26e8-b878-40fc-ad29-f6b44f2e8eac
74.680133,59.920702,23.6,2015-09-25 13:56:03,367bc540-7ec2-4516-b356-31a2e429494e
74.67915,59.925908,23.6,2015-09-25 13:58:34,29a0f338-208e-49dc-ba49-1448b5e42aa1
74.67815,59.931082,23.61,2015-09-25 14:01:04,15dd908d-5f9b-4542-b701-83c446c1af23
74.677133,59.936303,23.66,2015-09-25 14:03:35,47d2a0e0-a944-4bc4-b898-dc3493ce0d68
74.676183,59.94154,23.66,2015-09-25 14:06:06,84a690b7-ad3e-4e04-a1ff-6b14efa0c671
74.675217,59.946843,23.66,2015-09-25 14:08:37,768547e1-30b0-4e20-ba26-294822709c40
74.674217,59.952038,23.68,2015-09-25 14:11:07,0b78e13e-c992-4598-b0c7-6c4fc45630c5
74.673183,59.957183,23.67,2015-09-25 14:13:38,378bb145-794e-4d29-a43a-3b6ad6c261a3
74.672183,59.962303,23.68,2015-09-25 14:16:09,1362ea5e-86c3-40d7-a88c-73c7f587b945
74.671167,59.967258,23.67,2015-09-25 14:18:39,b2fc66e7-bbb5-43d0-b617-9a0ab5807cf6
74.670183,59.97217,23.69,2015-09-25 14:21:10,2830ea51-372c-4d1f-a202-d5b9fc8c975c
74.669217,59.977252,23.7,2015-09-25 14:23:40,fb25bf8a-26dc-4234-b54e-7e4060a9f7d2
74.6682,59.982315,23.68,2015-09-25 14:26:11,a883e174-8db4-4ea2-b9ce-ae68913c09a5
74.6672,59.98742,23.68,2015-09-25 14:28:41,56c1ba07-3fec-42ff-837c-e11159584aa6
74.666267,59.992343,23.68,2015-09-25 14:31:12,e48fee71-bfcb-4679-9555-720e5c21d1d5
74.668767,59.994923,23.69,2015-09-25 14:38:59,d9cfebd1-1c18-46b4-9871-977e01c0aa94
74.669817,59.990305,23.66,2015-09-25 14:41:29,3d00d848-0924-4a5d-a24d-540fff05c725
74.6708,59.985323,23.68,2015-09-25 14:44:00,4116b0f4-2751-4e17-8b6a-861840cbd69c
74.671767,59.980677,23.68,2015-09-25 14:46:30,1fd03e77-bd5b-48f3-b21e-6d51105d67ba
74.6727,59.975982,23.68,2015-09-25 14:49:01,582bf3b1-4588-441a-bbcf-40314dc1c21d
74.673633,59.9714,23.68,2015-09-25 14:51:31,2f25345d-482f-4981-9c0e-554272b5c6ce
74.674583,59.966835,23.66,2015-09-25 14:54:01,7a27f88f-8b92-4fd6-b584-7c6f138b5455
74.675533,59.962447,23.66,2015-09-25 14:56:32,aac88fd5-ca8a-40b5-b8eb-e63075b16df4
74.676533,59.95788,23.66,2015-09-25 14:59:02,40b7cde8-496e-46cd-8ed2-0f9f62246ff6
74.677483,59.953345,23.67,2015-09-25 15:01:33,1265549a-93a9-4c33-8ba6-4c75c8d7eeac
74.678367,59.948782,23.66,2015-09-25 15:04:03,e1b47918-bef9-490e-bdee-c13c571bef3c
74.679217,59.944075,23.64,2015-09-25 15:06:34,c054ce71-6a1b-4b81-ba5b-16a602a30eed
74.680083,59.939822,23.65,2015-09-25 15:09:04,5d969b2c-a3ab-4abe-9f77-251af0377df7
74.681,59.935158,23.65,2015-09-25 15:11:35,ab6df725-6534-4d98-b91d-7773ce9eb54c
74.681933,59.930555,23.66,2015-09-25 15:14:05,59c93046-9391-4423-b928-14dfc2f4432e
74.682883,59.925932,23.65,2015-09-25 15:16:36,11171d81-eb1e-4d82-8662-9e9b357709f5
74.6839,59.92136,23.64,2015-09-25 15:19:06,a3b9c458-bffb-47b2-9195-d22b6b5dbe5a
74.684817,59.916835,23.62,2015-09-25 15:21:36,02f4ea2e-e16e-4e66-b3d4-fdcb95a3feb4
74.685867,59.912188,23.62,2015-09-25 15:24:07,3a646eba-6e2d-4cbb-b17d-8c3e28abd8bb
74.686817,59.907317,23.62,2015-09-25 15:26:38,b249e398-e36d-4be4-ab0d-615750df5422
74.687733,59.902625,23.6,2015-09-25 15:29:08,35723fe7-61c5-4ed6-8417-adaab65012d2
74.68865,59.897857,23.57,2015-09-25 15:31:39,9344f1ce-82d6-43dd-88b5-edd52865b6a6
74.68965,59.892962,23.53,2015-09-25 15:34:10,46fd8303-a36e-4cf4-ad0e-e4ec8dcb2570
74.690617,59.888345,23.51,2015-09-25 15:36:40,ce8a7199-800a-43fc-8c3a-9b7b50cc0601
74.6916,59.883668,23.49,2015-09-25 15:39:11,50ce7a56-841d-44df-ab6b-62aa014c6e58
74.692483,59.87899,23.51,2015-09-25 15:41:42,0fd5d45a-fcec-4517-b105-7000fe898fb6
74.69345,59.874057,23.49,2015-09-25 15:44:12,b5a98619-d370-41fe-9618-8dd5c3878525
74.694433,59.869,23.5,2015-09-25 15:46:43,96a56d4f-731f-404f-8167-9318d390bf3e
74.695383,59.863762,23.52,2015-09-25 15:49:13,51761a7a-758c-4527-80c2-1b43f215953f
74.69635,59.858257,23.55,2015-09-25 15:51:44,3b734103-dcb4-4cb1-b847-cd5c78d2f783
74.6974,59.853002,23.58,2015-09-25 15:54:15,a9e02786-cb24-4c90-85b9-b11677a6bb47
74.698433,59.847763,23.56,2015-09-25 15:56:46,3b6f666b-f1f6-446b-9dd8-1fe8946ffb31
74.69945,59.842607,23.57,2015-09-25 15:59:17,b7dfdd76-0134-4ac0-bce5-12dddcd93cdf
74.700433,59.837443,23.55,2015-09-25 16:01:48,38d65f5d-ae66-4a31-94b7-ddba3d315e21
74.701433,59.832298,23.55,2015-09-25 16:04:19,744e8246-3423-4169-97a1-8e284faee19d
74.702417,59.82714,23.61,2015-09-25 16:06:49,5ce3dfe4-1132-4cfa-8670-1ac40b2d3e41
74.703383,59.821922,23.72,2015-09-25 16:09:19,1134c280-578a-4313-8882-d562cf131493
74.704367,59.816935,23.71,2015-09-25 16:11:50,b730cbd7-d714-42e3-a988-4e09b13d3e2d
74.705383,59.811892,23.63,2015-09-25 16:14:20,76d6472d-98e8-4000-be17-9559023d469f
74.706383,59.806928,23.5,2015-09-25 16:16:51,3db8d5dc-c5a9-48ba-9563-95328c520006
74.7074,59.802023,23.58,2015-09-25 16:19:22,8c803120-36e3-4ac6-868a-8cb9843fb0c5
74.708417,59.797202,23.62,2015-09-25 16:21:52,2ba496c0-f0f3-4281-a1ce-13a7ac18ece9
74.709433,59.79233,23.6,2015-09-25 16:24:23,f8f06688-47fa-4836-abf2-95f523e9c7c9
74.710433,59.787628,23.51,2015-09-25 16:26:53,11dec873-7c62-4940-b585-a0a946058f7a
74.711367,59.783135,23.54,2015-09-25 16:29:24,035d9af4-f51c-4207-b35c-6e37036e4929
74.712317,59.778255,23.62,2015-09-25 16:31:55,7e5fd0bf-fbf8-45c9-8a00-34a83c05b724
74.713217,59.773318,23.68,2015-09-25 16:34:25,9bae3c60-5c61-47b3-b123-839985be2eb3
74.714183,59.767722,23.73,2015-09-25 16:37:10,03826a94-7e9d-4f54-b436-195a8fb59a06
74.715183,59.762852,23.77,2015-09-25 16:39:42,1c42269e-6065-4039-aba3-4e2c11a4a77d
74.7161,59.757912,23.8,2015-09-25 16:42:13,4df07b8b-9fc0-4689-be4e-6ae9e1fe1b2f
74.717117,59.753263,23.77,2015-09-25 16:44:43,532357c8-0001-4e55-8a2a-3ac700910889
74.718133,59.74804,23.77,2015-09-25 16:47:14,51a86de8-ed6e-46eb-8d25-c0577cf22e42
74.719183,59.742987,23.75,2015-09-25 16:49:44,bff87362-0a5d-4553-b7bd-5ae62361b52d
74.71965,59.736315,23.98,2015-09-25 16:52:15,c0f0cca9-2616-4d56-aaef-c7a479c2c80e
74.717967,59.735005,24.01,2015-09-25 16:54:46,cfa9f6b4-d578-4db8-ab78-4533e7538fa9
74.716317,59.741285,23.55,2015-09-25 16:57:17,9e423527-ac96-438b-afec-8a354ccb51f3
74.714483,59.748533,23.51,2015-09-25 16:59:47,f3fa1df1-0d9a-4d0a-88ab-00f65f849d3d
74.7129,59.75485,23.43,2015-09-25 17:02:18,c1dbd37b-7a39-484e-bbb5-f6688fd07ab1
74.712983,59.7506,23.52,2015-09-25 22:43:42,285e0c04-1908-4cc6-8e24-86035743aaa0
74.712833,59.733522,23.62,2015-09-25 22:46:13,70f20cfb-8f85-404a-b4f0-e7fcabf15486
74.712667,59.71393,23.6,2015-09-25 22:48:44,23079f14-3a43-4713-9d78-e48bfc2a98d7
74.712467,59.693797,23.68,2015-09-25 22:51:14,0cb410ce-af64-415d-acb3-b9c41556cf48
74.712267,59.673632,23.59,2015-09-25 22:53:45,16c2a187-c9c8-481e-8b90-9341aaa2ee94
74.713067,59.654958,23.62,2015-09-25 22:56:15,5d569dfb-6e7f-45da-af32-1f9a7f22847f
74.716217,59.64266,23.65,2015-09-25 22:58:46,c1e6a71f-beab-4792-919a-226dc7658208
74.718533,59.634588,23.49,2015-09-25 23:01:17,d68cc60f-96cb-4535-ae53-69ebddd903fc
74.71025,59.752187,23.42,2015-09-26 00:20:56,946c6919-3e2a-4bba-a0c5-f88992a92ef2
74.70875,59.770732,23.6,2015-09-26 00:23:27,81a0d82a-7f62-479a-bdc3-03421954a58e
74.706767,59.78663,23.64,2015-09-26 00:25:57,0a60d65a-56ed-4b99-b852-07044362f33a
74.704883,59.79723,23.53,2015-09-26 00:28:28,38849ccc-2a05-4ad9-b1e2-0ff3a5985481
74.703183,59.806863,23.53,2015-09-26 00:30:58,1831a45f-2569-4c0f-9d23-95f0543d69b7
74.7014,59.816797,23.55,2015-09-26 00:33:29,5d1b0832-4ca9-4be5-8f32-54dccf0cd054
74.699517,59.827572,23.55,2015-09-26 00:35:59,622aa4ef-534b-4dd3-af2a-fcb0e3f7f98e
74.69825,59.83491,23.53,2015-09-26 00:38:30,9a6cb9f8-f6c5-42e1-96c8-859d30c830ab
74.677,59.923618,23.59,2015-09-26 01:08:22,55f49c69-868b-4576-b676-9e52b2352961
74.67325,59.939948,23.69,2015-09-26 01:10:52,72454dc9-2dd3-4253-80a9-75247ec63af1
74.669433,59.956142,23.66,2015-09-26 01:13:23,85a113ec-8177-4ad2-9176-66800088a5e6
74.665583,59.971903,23.66,2015-09-26 01:15:54,79a5abd1-f2b7-4157-9b80-f09e231ab019
74.661717,59.987632,24.24,2015-09-26 01:18:24,e64b7af4-142e-4231-8ae6-14daab154d11
74.658017,60.003592,24.62,2015-09-26 01:20:55,0e150294-4c2b-4b1d-ad06-da0605a991bb
74.6543,60.019463,24.67,2015-09-26 01:23:25,c9d0b03e-889b-41dc-8f6d-aa0172d16bbb
74.650517,60.035253,24.71,2015-09-26 01:25:56,5c704c23-da1e-48ba-8f7e-7e5c28d516b9
74.646683,60.05094,24.77,2015-09-26 01:28:26,e26e6fe5-661a-4d18-9d01-6bb80a6eb71d
74.642783,60.066315,24.98,2015-09-26 01:30:57,b5d44757-6074-445f-a721-c4fe5353b685
74.638933,60.081848,25.31,2015-09-26 01:33:28,68536aea-31e9-43dc-a0d1-cffb68cf3995
74.635083,60.097358,25.36,2015-09-26 01:35:58,e01edd43-d4a6-47df-8571-7f8e67a566e8
74.631183,60.112832,25.39,2015-09-26 01:38:29,a3dbc92f-634f-404d-ab6a-e354d89b54df
74.627333,60.128008,25.4,2015-09-26 01:40:59,fd477d5c-f3bd-46b2-9933-a74d59752ed6
74.623733,60.142115,25.41,2015-09-26 01:43:30,88bf352d-3b6c-4f7b-9eff-19a0eaa8f0c0
74.621417,60.14994,25.31,2015-09-26 01:46:01,ec8a75fa-4c33-4a24-a3e5-b97f71ad47c3
74.619917,60.156525,25.25,2015-09-26 01:48:31,22cda728-05d1-4f99-af39-49fb62d54fbf
74.583867,60.113335,24.83,2015-09-26 02:53:36,59073c17-c5a9-4c15-814d-4bdc236852a4
74.579567,60.10901,23.81,2015-09-26 02:56:07,a60e5bf6-90c8-47b4-935a-06cdf4f7c4c8
74.575417,60.103317,23.71,2015-09-26 02:58:37,2e7e3bd4-355c-4382-9b38-3ef02b8ef46a
74.57145,60.088365,23.67,2015-09-26 03:01:08,acf85a9c-8af6-43a2-b71a-cbd4272533a6
74.56685,60.070818,23.68,2015-09-26 03:03:38,ae0a3206-223c-4b43-b1f8-2e3049839129
74.5619,60.051843,23.65,2015-09-26 03:06:09,9cd37ccd-6fc5-415c-8711-3bb5f1175841
74.556917,60.032772,23.64,2015-09-26 03:08:39,5322e30b-b1a5-4fb7-a2ef-3e363806e1a0
74.551967,60.013545,23.67,2015-09-26 03:11:10,b38165e3-4a99-4c61-8b03-d3f01c35752c
74.546817,59.994735,23.81,2015-09-26 03:13:40,d6bfe27e-a7b3-48cf-a56a-cbc1faa03cd1
74.541583,59.97612,24.06,2015-09-26 03:16:10,fb1acafe-c7e6-4a5f-b98e-29cff6e746ac
74.53625,59.957742,24.14,2015-09-26 03:18:41,3d2d9b96-7970-435b-8eca-6a8fbf4ad20e
74.530783,59.939852,24.18,2015-09-26 03:21:12,bb94a680-a36d-4e54-9548-e6c88e0fe06c
74.525383,59.922057,24.2,2015-09-26 03:23:42,6a3784aa-b814-4304-8f9f-1620c54dda50
74.519933,59.904077,24.22,2015-09-26 03:26:13,011dda6c-56de-4e9a-b2c7-3eb969189bc8
74.516933,59.881342,24.27,2015-09-26 03:28:43,1bb5bbd0-ec20-423b-a2dc-269a4401c179
74.5166,59.854105,24.22,2015-09-26 03:31:14,72106eec-7bbf-4f04-8513-5d7ea823d09a
74.51625,59.826702,24.16,2015-09-26 03:33:44,552b682f-1606-47c1-a26e-d33921a9107a
74.5161,59.799157,24.07,2015-09-26 03:36:15,6eff724b-3990-4acd-a818-8530d02c1899
74.516233,59.771682,23.97,2015-09-26 03:38:46,5e8bc1a1-0877-4efb-9f9e-a0cf367b4bd2
74.516583,59.744173,23.74,2015-09-26 03:41:16,0d2bb9d0-4202-4071-909f-9e704c0f18bc
74.516933,59.716178,23.69,2015-09-26 03:43:47,3b01a95e-acde-4be5-8c6c-210ee73f621e
74.5173,59.688303,23.68,2015-09-26 03:46:17,c1dcb448-7773-4e5b-9367-93bf47550821
74.5177,59.660095,23.72,2015-09-26 03:48:48,2dfb65f6-b498-46fe-a093-3442acd3549d
74.517983,59.631675,23.92,2015-09-26 03:51:19,cac41f7b-9daa-4fda-a986-b98134740982
74.518267,59.60329,23.53,2015-09-26 03:53:49,49b450c6-0724-4d49-ac26-adcc28fda5ff
74.518667,59.575057,23.55,2015-09-26 03:56:20,50b32e69-810d-40ba-b733-b3444112c202
74.5192,59.547452,23.69,2015-09-26 03:58:50,30505ba4-7217-4631-93cd-e34fb8c0216b
74.519967,59.520327,23.71,2015-09-26 04:01:21,700ef9a5-21a5-43bb-92b9-7e9689546433
74.525017,59.505575,23.66,2015-09-26 04:03:51,34721d7e-ae3e-4ece-a1b1-f38858c24343
74.531033,59.493408,23.66,2015-09-26 04:06:22,e580051b-aa50-45e1-850e-2acd2ca8c788
74.5371,59.481548,23.7,2015-09-26 04:08:53,480553a6-8bf4-4dc3-822b-595c8a6471c4
74.542233,59.471103,23.56,2015-09-26 04:11:23,3b87b05f-2743-4e5f-aa95-e8cf87614cc3
74.546083,59.463272,23.33,2015-09-26 04:13:54,05e4bcb2-3f06-4437-9533-f34fabc64e0a
74.54975,59.456573,23.27,2015-09-26 04:16:25,5f1969fa-6cc5-4acf-b6f4-68beebfa3a85
74.553933,59.449255,23.22,2015-09-26 04:18:56,f2812242-469b-43fb-bd6a-ed1675571336
74.559067,59.440762,23.13,2015-09-26 04:21:26,f18d48da-33f7-4422-8666-f9edb767e631
74.564567,59.432885,23.1,2015-09-26 04:23:57,5f6461a8-9c0c-47c1-9aa5-9958dd54a358
74.570017,59.425535,22.97,2015-09-26 04:26:28,fdd6c80a-7b7a-4e06-8dfd-f3fdadd970fa
74.574783,59.41948,22.81,2015-09-26 04:28:59,7869b795-03f8-4387-b5d3-159811204c1e
74.578783,59.41531,22.8,2015-09-26 04:31:29,9346a203-01c9-4582-a277-2d6e3b1f0c22
74.5816,59.412958,22.75,2015-09-26 04:34:00,02df2dd4-888e-44e3-9522-ebe04883ed48
74.581317,59.396437,22.96,2015-09-26 05:27:15,de2abf1b-b331-4b85-ac4c-c38294858207
74.58065,59.381748,22.69,2015-09-26 05:29:45,6600b94d-02d0-464d-9405-0b63ac89d20d
74.579833,59.364395,22.6,2015-09-26 05:32:16,038ad9e8-bd19-4117-979c-bb853903bf89
74.579067,59.346558,22.62,2015-09-26 05:34:46,dfd225ec-3dc0-4583-adf9-3aeb76d7bd4e
74.578417,59.328718,22.66,2015-09-26 05:37:17,c78f649b-84dd-48e9-bff3-12ad1d444fa5
74.5778,59.313288,22.69,2015-09-26 05:39:48,1372fb25-35c7-44dc-9570-673ce61a15fa
74.577333,59.30389,22.79,2015-09-26 05:42:18,e03bf99f-b852-4102-a231-bce074707ebd
74.5769,59.295975,23.0,2015-09-26 05:44:49,4923903c-a0f0-49c1-a91c-a3a109294601
74.576483,59.288663,23.0,2015-09-26 05:47:20,f6d2caef-32b5-41ac-84d7-1045d51928bb
74.576283,59.281865,23.18,2015-09-26 05:49:50,c2d65952-3090-4318-8a30-027167de6766
74.5763,59.27439,23.29,2015-09-26 05:52:21,7aa54e40-acb3-46ab-9198-18650404c2c7
74.576733,59.268325,23.17,2015-09-26 05:54:51,8b8f1db2-2c8d-4443-95dd-9d45ae7e9063
74.5783,59.267988,23.03,2015-09-26 05:57:22,6fb256c5-7a84-488b-bd4c-f96ffd91cb48
74.579833,59.269115,22.97,2015-09-26 05:59:53,41e20548-f81a-4fe6-a065-437fee7af8f1
74.58135,59.26949,23.0,2015-09-26 06:02:24,9473145d-f2bb-4c07-9977-ecb118dbdae7
74.582967,59.269545,23.0,2015-09-26 06:04:54,aba3134b-8845-4ba4-baeb-dcb6f0a1d1a4
74.5846,59.26945,22.89,2015-09-26 06:07:25,3ab49b4f-7899-4b76-8621-66e720d5c4e7
74.586317,59.26945,22.81,2015-09-26 06:09:56,4a74b68e-9a54-4621-81e9-486b13aefec2
74.587967,59.269398,22.74,2015-09-26 06:12:26,7e28f2a5-263a-45ab-bf93-d25c691b7ed1
74.589567,59.269217,22.62,2015-09-26 06:14:57,39e0fc7e-877a-4d4d-b6d2-198371aca9c3
74.591117,59.269123,22.55,2015-09-26 06:17:28,56ff37a7-1a2b-4dbd-8c91-634e51414765
74.5927,59.269003,22.54,2015-09-26 06:19:58,90f9add5-7009-4398-a730-787f29e42723
74.594233,59.268812,22.5,2015-09-26 06:22:29,baf972f2-3b25-445d-9f1b-dcfa0d2df566
74.595767,59.269007,22.49,2015-09-26 06:25:00,54d54185-3f10-44db-b391-96d8352ca9b5
74.597283,59.269213,22.48,2015-09-26 06:27:30,6696b6dc-86cb-41d2-8d4b-c0b0a5d73602
74.598917,59.269452,22.46,2015-09-26 06:30:16,01000b14-879b-4c16-a121-089445590b5d
74.6005,59.269315,22.42,2015-09-26 06:32:47,bd0fc245-73d8-456c-8904-e07844f7c1d0
74.602117,59.269328,22.33,2015-09-26 06:35:18,cb76a09a-cec2-45fe-8d3a-ec23db65656c
74.603633,59.267307,22.6,2015-09-26 06:37:48,30602feb-ccdf-47e8-a544-49df8a9754d7
74.6027,59.263538,22.95,2015-09-26 06:40:19,1f63d8e0-4362-4b86-8199-772eee9579fa
74.601167,59.263575,22.64,2015-09-26 06:42:50,8d8031ce-2f29-4c2c-96fd-fb8c8b33b484
74.59955,59.263337,22.67,2015-09-26 06:45:21,668efc4f-145e-4681-9fff-0852979a98db
74.597867,59.263123,22.52,2015-09-26 06:47:52,b15494c9-7f09-4ee4-885a-e456ed2e11ad
74.596217,59.263,22.78,2015-09-26 06:50:22,98c151b6-08ec-43bd-ab18-f048cd5b8b67
74.59465,59.262855,22.95,2015-09-26 06:52:53,1ce547f2-ab19-4a78-9e0e-bb7a0a4366ec
74.593083,59.262835,23.05,2015-09-26 06:55:23,4c69fea4-6ac8-4674-955b-292a0b833495
74.591567,59.262878,23.06,2015-09-26 06:57:54,4bad521c-2479-4ad6-942e-7441bdfc689e
74.59005,59.262892,23.09,2015-09-26 07:00:25,ad1c24b3-318b-4e84-8ea2-fd89d4e0669b
74.588533,59.262873,23.09,2015-09-26 07:02:55,37a80e4b-deba-45da-be91-c813fcb6c897
74.58705,59.263013,23.18,2015-09-26 07:05:26,8bdd4e61-b868-48a4-8c01-14384ea79a4d
74.5856,59.263082,23.18,2015-09-26 07:07:56,7d41c163-4765-4670-b23c-2c3023cbf501
74.58415,59.263318,23.16,2015-09-26 07:10:27,5c460a84-a8fb-48b4-865e-9a924f0d7fc0
74.582483,59.263865,23.16,2015-09-26 07:13:13,566d5f26-26bd-490f-ab17-63434c1e718a
74.5809,59.26356,23.13,2015-09-26 07:15:43,6a62706f-9ac1-4614-a796-169351889b2d
74.5793,59.263198,23.14,2015-09-26 07:18:14,b127bfef-8274-4c58-8a02-345f07d25d80
74.577817,59.26286,23.14,2015-09-26 07:20:45,d1ac0adc-799f-45bb-8c48-0c8e06b9a490
74.575683,59.260403,23.14,2015-09-26 07:24:46,e6e3fd2f-6489-4038-9906-2028beae6cda
74.576567,59.256973,23.1,2015-09-26 07:27:16,37dada4e-5e0a-4995-ae58-21aa6e699317
74.578,59.256792,23.19,2015-09-26 07:29:46,3cc28790-b34e-435e-9550-4eb18da4a77f
74.579583,59.256648,23.13,2015-09-26 07:32:17,a561ed09-1f66-4e43-a0ef-566c641f792d
74.581283,59.256577,23.07,2015-09-26 07:34:47,c25aaf4f-4f40-4de5-87c7-e8032a604476
74.582917,59.256563,23.04,2015-09-26 07:37:18,313b03a5-0962-402a-a232-2dd55fd15b36
74.584517,59.256735,23.05,2015-09-26 07:39:49,d844da1e-38b4-4fc1-805c-003c3a316f3a
74.5861,59.256813,23.09,2015-09-26 07:42:20,bfb11119-aea3-4132-a630-629835bd9b84
74.587683,59.256445,22.97,2015-09-26 07:44:50,c44043b5-3e13-4218-9a1c-ef224dd25bc9
74.58925,59.25624,22.75,2015-09-26 07:47:21,75bbae37-1a05-414e-9894-009cf5425b68
74.590833,59.256175,22.66,2015-09-26 07:49:53,efec172d-abe7-4a78-bd0b-b1244bfe5d6e
74.59245,59.256127,22.62,2015-09-26 07:52:24,3d437d7d-bcab-4478-9ba1-7f1cbfb46d25
74.59405,59.255992,22.59,2015-09-26 07:54:54,c80b424c-0f35-4f06-845a-1978a26d78c9
74.595567,59.255987,22.55,2015-09-26 07:57:25,69ed68e9-fbc5-4141-83bf-073310a7e31e
74.597083,59.256073,22.49,2015-09-26 07:59:56,fbcd2637-b17e-4692-98a8-b58c0577946c
74.598583,59.256018,22.38,2015-09-26 08:02:26,dd2c184d-fe2f-4732-9eb8-1bccb6fa6ecb
74.60005,59.25611,22.32,2015-09-26 08:04:57,77763689-e651-4cb6-b9d1-26e76dfc933b
74.601517,59.25636,22.27,2015-09-26 08:07:27,3f539fd7-1c28-4295-9cc3-cffb3114381a
74.600933,59.250543,22.69,2015-09-26 08:16:59,595a74d5-faac-48cd-8b69-275708b6bdb0
74.599133,59.250195,22.68,2015-09-26 08:19:30,65b101c0-7971-492f-acd3-c1f2a0976c37
74.597517,59.250102,22.77,2015-09-26 08:22:00,5ae73cd9-e4e6-4744-8c85-c519d4add6a0
74.595883,59.250045,22.88,2015-09-26 08:24:31,43b910a4-3419-43ae-88bb-1e8333e3fb93
74.638717,59.267017,23.74,2015-09-27 16:44:06,8bbb7081-0fee-4a8f-bd50-69d32d578676
74.634817,59.277378,23.9,2015-09-27 16:46:37,91d73eae-f888-4f69-b6d5-30191c7be938
74.631567,59.285592,23.86,2015-09-27 16:49:07,3f65e278-bfa3-437a-b5a1-77ecaab4a4a9
74.6294,59.291555,23.66,2015-09-27 16:51:38,e591e346-2e57-42f8-947e-739bbaf08e95
74.627983,59.295862,23.55,2015-09-27 16:54:09,3b2fd51f-a2c3-45e1-abb9-b4a58b89c1dc
74.53755,59.440263,24.46,2015-09-27 22:20:09,8091b1f4-a6cf-46dc-b50f-e5391966b1f7
74.53025,59.432158,24.09,2015-09-27 22:22:40,7707f179-5215-4127-8f86-f5e628477876
74.522983,59.423797,23.79,2015-09-27 22:25:10,2444231d-ff73-44f3-a227-6562d08ae1d9
74.5171,59.416595,23.68,2015-09-27 22:27:41,2f650d84-b1d5-4bb7-a7f5-df79f923fb23
74.51275,59.415065,23.74,2015-09-27 22:30:11,4cec9cd5-8481-4e17-9021-c88221b05199
74.51085,59.407252,23.79,2015-09-27 22:32:41,9ae34f84-b7fa-4bde-be92-c1409b9a0148
74.510967,59.401827,23.8,2015-09-27 22:35:12,d757a0bd-1827-4f51-96ee-256c1ecb4b57
74.51685,59.409292,23.91,2015-09-27 23:37:05,cee3be1b-f769-4986-898c-cc0fe998f581
74.518383,59.410278,23.77,2015-09-27 23:39:35,43a95595-cdd8-4d45-a4d8-f56e70ce731a
74.51745,59.4161,23.74,2015-09-27 23:42:06,f3498399-4344-4ea8-9b8c-f8136ed87055
74.511633,59.41527,23.83,2015-09-27 23:44:36,d9a639b3-fdd5-4a9c-9337-f4029028cfc4
74.504817,59.413827,23.92,2015-09-27 23:47:06,f07eaa1c-574b-4937-8a2b-416b147127d9
74.4977,59.412217,24.03,2015-09-27 23:49:36,949416ed-7c30-4580-a346-a72e4a14f51a
74.49035,59.410547,24.2,2015-09-27 23:52:07,84bf0239-ab6d-4fdf-b797-375f5f604986
74.4832,59.409835,24.05,2015-09-27 23:54:37,06342cfc-00d4-484f-ab84-66f8e6ebb15c
74.476,59.409308,24.01,2015-09-27 23:57:07,5e794775-2314-4781-9415-db9942ed4e61
74.468383,59.408718,24.17,2015-09-27 23:59:38,c6f6d5e4-1bd3-412b-84bb-25262c36066a
74.460567,59.4081,24.56,2015-09-28 00:02:08,95216c90-5a20-43b7-a821-610c0aa0a0f3
74.452817,59.407357,24.68,2015-09-28 00:04:39,fc789418-0223-4365-a17d-34bf7fd5865d
74.445083,59.406752,24.65,2015-09-28 00:07:10,d9e0291d-b3bb-457b-ba8d-8d595c716fc6
74.4374,59.40646,24.52,2015-09-28 00:09:41,9270615a-2d3e-4db4-a5e0-654826da7beb
74.429667,59.406442,24.45,2015-09-28 00:12:12,089d9c41-443d-451e-8f04-26f5d7497b81
74.4219,59.406323,24.47,2015-09-28 00:14:43,e6207207-7e66-471f-965d-8b25c853f6a4
74.414217,59.406252,24.55,2015-09-28 00:17:13,2f3efef8-0e96-41dd-bbab-f2a3344a2e87
74.406433,59.405935,24.42,2015-09-28 00:19:44,d1240d8a-9e5f-40d0-b60f-8864a9695a90
74.39855,59.405395,24.51,2015-09-28 00:22:15,56f5ba94-204d-459a-a41f-2c6ce73d99eb
74.39065,59.404908,24.72,2015-09-28 00:24:45,678fb673-124e-4e23-bb5c-b40769d705f2
74.382683,59.400783,25.05,2015-09-28 00:27:15,ed79a5db-da92-49b3-9202-9370a1d28896
74.374667,59.395822,25.62,2015-09-28 00:29:46,5c8f9786-304a-4812-b7f9-4af3b6a47ad7
74.367083,59.39006,25.44,2015-09-28 00:32:16,2d42bef6-19e7-4892-bbf1-d7633e3a3631
74.359567,59.384197,25.22,2015-09-28 00:34:46,dd8aa341-dd68-447b-b659-71dfd14f1f02
74.3521,59.378403,25.1,2015-09-28 00:37:16,48e45cbf-1cd8-4e64-8882-c54f28df3f5b
74.344633,59.37271,24.95,2015-09-28 00:39:47,d6cd18b5-95f3-4781-bc05-5dd28ce86c00
74.33745,59.367035,24.79,2015-09-28 00:42:17,de736aac-bc37-4dbc-84fd-f15ff53ecae7
74.330167,59.361378,24.89,2015-09-28 00:44:48,565a9b01-444f-49f3-8259-4dfa94df7c21
74.32295,59.355823,24.96,2015-09-28 00:47:18,3b83d544-a5e0-4359-84b5-ce9888d02aaa
74.315767,59.350488,25.04,2015-09-28 00:49:49,0e1e1400-a255-4e6b-a273-5c3b1ff2bb89
74.308633,59.344977,24.84,2015-09-28 00:52:19,e96ba08e-6784-419c-a93d-b21900dfab22
74.301683,59.339312,24.38,2015-09-28 00:54:49,4af85cd9-d785-43c4-86c0-fda5110dd680
74.2948,59.333812,24.1,2015-09-28 00:57:20,f20dca69-3be7-4a6a-aa41-016c79735dd5
74.2882,59.324092,24.07,2015-09-28 00:59:50,50e1c8b0-578b-46f5-a0cb-3abb3d29861e
74.281617,59.313123,24.13,2015-09-28 01:02:20,0dde98a7-3607-474a-a3d4-0520cf497b13
74.274733,59.30189,24.11,2015-09-28 01:04:51,fe92e129-14a0-4e4c-845c-deaab2d03179
74.267883,59.290752,24.01,2015-09-28 01:07:21,2becad61-1e4b-4194-be47-5d21c956e571
74.26105,59.279553,23.96,2015-09-28 01:09:51,623b1139-0508-4486-b08d-2c32aa26444e
74.254167,59.268447,24.09,2015-09-28 01:12:21,d583fabe-0433-40ad-a553-fe445cc97630
74.247317,59.25736,24.14,2015-09-28 01:14:52,f38ae3ce-3a15-4b92-8d81-3dece32bb660
74.2406,59.246588,23.96,2015-09-28 01:17:22,194f5f8e-380e-41a9-8467-b0ef4b77b11d
74.23435,59.235137,23.77,2015-09-28 01:19:52,5f57e2fb-0238-4cf7-89d8-b693f71f922f
74.228367,59.22185,23.67,2015-09-28 01:22:23,4a4bd898-4b52-4e0a-9774-87f60b26cb69
74.22245,59.208535,23.54,2015-09-28 01:24:54,9e5217b9-9323-4424-84d2-a94c9bfb3b7a
74.216533,59.196643,23.47,2015-09-28 01:27:24,b94853eb-665c-4f3e-b8f0-c21c13dffab1
74.21055,59.186138,23.49,2015-09-28 01:29:54,fddfbd20-1010-4892-8cce-3c4117c21ef3
74.2048,59.176337,23.56,2015-09-28 01:32:25,aeaa6e31-de6b-4d84-9170-aed80738eb9a
74.198983,59.166985,23.67,2015-09-28 01:34:56,d30659b1-b42a-46a2-8ed0-fdffa79e5277
74.193767,59.15815,23.7,2015-09-28 01:37:26,7613f0ef-79e8-48f2-8ff8-237f1a28a0df
74.189883,59.151365,23.7,2015-09-28 01:39:56,ef7eab7c-8509-46c6-a7bb-1fb7aeee91af
74.187617,59.147215,23.72,2015-09-28 01:42:27,06f994a5-7b08-401e-aea9-9f3864c1f856
74.185333,59.147883,23.73,2015-09-28 01:44:57,522676d4-fcad-420d-93db-0cb9aa54d57c
74.183667,59.152155,23.73,2015-09-28 01:47:27,bc411d84-ca36-49b1-a29e-b515fd21556e
74.184667,59.158948,24.15,2015-09-28 01:53:29,d536719c-20a0-4fa8-b95c-b0cedb2dc98c
74.192183,59.135925,22.9,2015-09-28 02:49:59,8f28feaf-a957-424c-97ff-1bb2c419a740
74.193917,59.129623,23.86,2015-09-28 02:54:30,5d6984f4-72bb-490a-9794-22a5dbbe37fb
74.195717,59.125958,23.83,2015-09-28 02:57:00,bf5ea8b5-dbb2-45a8-96f5-864a20caa5d7
74.1984,59.115475,23.83,2015-09-28 02:59:30,44c3b371-4994-484b-8e79-517128305e8b
74.201767,59.102367,23.77,2015-09-28 03:02:01,958778b5-d7f4-4a76-b4a5-853ce8159ce3
74.20595,59.08609,23.75,2015-09-28 03:04:31,880cd5d5-727d-40b1-897c-87e62cf9ad91
74.210567,59.068147,23.73,2015-09-28 03:07:02,7ab3feea-0f35-48a7-b931-91b92f304a1e
74.215183,59.051302,23.73,2015-09-28 03:09:32,4ee62079-175c-432e-b66e-850b8127f7bb
74.21935,59.035303,23.97,2015-09-28 03:12:03,e45b2297-dbff-4471-852f-63403d2ee7b4
74.223017,59.021235,24.15,2015-09-28 03:14:33,73f7be70-3b6e-49af-92fe-b9871594e4af
74.22685,59.008778,24.2,2015-09-28 03:17:03,3bfa53d7-14bd-4249-ac8f-5d084a4fbb5f
74.23145,58.993897,24.07,2015-09-28 03:19:34,0618c42b-18f6-4b4f-85a2-4a12f921efb8
74.236267,58.978075,24.19,2015-09-28 03:22:04,67c277d8-103f-4356-8806-479190133f2f
74.241183,58.961748,24.39,2015-09-28 03:24:34,4dc28b78-b2b7-47ad-8cdb-a92f3a238af6
74.246083,58.945058,24.35,2015-09-28 03:27:05,ce5fccb5-b5c8-4c03-8008-2ca2b267b146
74.250967,58.928193,24.4,2015-09-28 03:29:35,346e58a4-0e1b-4d09-b253-e64b23778159
74.25585,58.91119,24.4,2015-09-28 03:32:05,818c90ea-de92-4048-ae44-86892d4208d4
74.261017,58.89677,24.52,2015-09-28 03:34:35,61e520eb-3f0e-432e-8e70-f9598105eae5
74.267133,58.893538,24.55,2015-09-28 03:37:06,7c480643-f7ed-438a-a1c4-ab60100166b4
74.2734,58.890925,24.56,2015-09-28 03:39:36,718b12bf-a461-4779-8172-a4467a4bcbd1
74.279667,58.889012,24.55,2015-09-28 03:42:06,2b333c22-17af-4850-ba7c-d0d079450830
74.28595,58.887602,24.51,2015-09-28 03:44:37,02ff6ead-7a19-4177-80c5-6ac8efa61501
74.2923,58.884628,24.51,2015-09-28 03:47:07,4bf736e9-29e8-44bd-bbf1-4f11343a54af
74.298717,58.882973,24.43,2015-09-28 03:49:38,927ffe60-7a2a-43e2-be12-6b90956c4823
74.30525,58.881672,24.25,2015-09-28 03:52:08,4e5bcf0b-8534-4160-aafd-73472dcd7825
74.311767,58.880453,23.92,2015-09-28 03:54:38,f32c6e26-c33f-4f48-b46e-0027a1a4cfe8
74.318367,58.879412,23.82,2015-09-28 03:57:09,2e52e92f-4627-454c-9479-0bccfe1fa271
74.325017,58.878497,23.76,2015-09-28 03:59:39,0c84925b-991b-4fba-a517-c0b506471987
74.331667,58.877688,23.73,2015-09-28 04:02:09,3709eba9-6ab1-4490-b726-3a9b6a1d9c88
74.3376,58.876258,23.79,2015-09-28 04:04:39,e9685d25-d468-416c-aacf-765b643a87b9
74.342783,58.874362,23.95,2015-09-28 04:07:10,0a887039-5e09-484e-9680-e6d55447f11c
74.347117,58.872465,23.95,2015-09-28 04:09:40,025fd4c6-634d-4778-830c-a67e22323a71
74.350183,58.870975,23.68,2015-09-28 04:12:10,7914a923-5d17-4f9c-be17-b171125bc614
74.352333,58.869333,23.6,2015-09-28 04:14:41,d6a0a6e1-fe78-4663-aa69-992bd31041db
74.353917,58.868215,23.59,2015-09-28 04:17:11,48b4ced4-8bb7-4686-ab04-c385f8595cb4
74.35495,58.864302,23.61,2015-09-28 04:19:42,4bdea3fa-0f79-4f1c-8ee2-a221f763965f
74.35565,58.85543,23.66,2015-09-28 04:22:12,7a21b20f-e9ca-4796-bcee-3adf9955a963
74.35665,58.842862,23.72,2015-09-28 04:24:43,fb4049a8-de7a-4e99-a4c6-a4f8d216e782
74.357483,58.829078,24.09,2015-09-28 04:27:13,8b7ae1d0-9371-450a-bbc9-4c597e22af2d
74.358217,58.815372,24.08,2015-09-28 04:29:44,76c24fb2-9192-4be9-a895-6b73318c85f9
74.358967,58.80256,23.96,2015-09-28 04:32:15,6380a42a-7967-48d5-8a93-24aa2cebdf92
74.3596,58.789832,23.92,2015-09-28 04:34:45,937bad9a-d2ce-4c43-af21-c9aba39cb2e7
74.360217,58.777258,23.92,2015-09-28 04:37:16,822d4b58-59b6-4a08-9ac5-97c3e24d3b07
74.360917,58.764912,23.84,2015-09-28 04:39:46,81d366a1-804e-4a12-9210-039c2d7a15c2
74.361483,58.753868,23.81,2015-09-28 04:42:17,d5801bc2-3050-4bf4-b3ef-c4a4eadaef4b
74.3618,58.746368,23.7,2015-09-28 04:44:47,7b85e399-2839-43d2-b3ac-32b283536d11
74.362,58.740692,23.61,2015-09-28 04:47:18,3ed56a90-93bf-4b56-8a63-43c91b15e65e
74.365433,58.725043,23.62,2015-09-28 04:59:35,29545c49-dcd2-4c74-add0-bfba29d84cd9
74.367017,58.723487,23.68,2015-09-28 05:02:06,717a34b4-a0d4-43cd-8725-b8ba4e383573
74.368833,58.721573,23.7,2015-09-28 05:05:22,ba265b87-3b5d-4345-ad72-309021d4d36a
74.370717,58.720032,23.7,2015-09-28 05:07:52,ee73295a-5a7c-4e56-965a-01bf0715dd5e
74.37025,58.724598,23.62,2015-09-28 13:34:42,5d021108-7236-4c42-b1d3-7b0268dd3196
74.3722,58.730782,23.61,2015-09-28 13:37:12,34b80f15-a521-4491-be09-7ab55916a15c
74.375183,58.739657,23.61,2015-09-28 13:39:43,877a4d0f-dd80-4d6a-859f-1943caa9d70b
74.3782,58.752462,23.61,2015-09-28 13:42:13,368974e2-35ea-4727-b9c9-abab3415a18d
74.381283,58.766318,23.61,2015-09-28 13:44:44,ee7a9ced-a678-4c8d-acd3-53e362229b24
74.382017,58.7836,23.64,2015-09-28 13:47:14,038c52d6-6c47-4115-b740-060eb47528b0
74.382383,58.80168,23.72,2015-09-28 13:49:44,22081374-4955-4dc7-920e-99dc4c0cf255
74.382883,58.819818,23.9,2015-09-28 13:52:15,1404730e-fd18-4195-9188-45252c00699a
74.383233,58.83673,23.94,2015-09-28 13:54:45,b00ec324-a60c-4499-9e6e-5d304927e0b2
74.383383,58.851343,23.92,2015-09-28 13:57:15,39e17b99-818c-4347-9220-9873f6ad2948
74.3834,58.862567,23.94,2015-09-28 13:59:46,05f20f35-f092-4b2a-80f3-47720ef4f3db
74.383467,58.869802,23.96,2015-09-28 14:02:16,acce139b-e8b0-4af9-92c3-c7c0299de85a
74.384533,58.87395,23.94,2015-09-28 17:15:00,042e2d1b-0ded-4674-b9f6-1035cf258720
74.381083,58.879833,23.82,2015-09-28 17:25:02,bde5a0c7-fb07-4fe4-aa78-81922b71a8dc
74.38105,58.871808,23.84,2015-09-28 17:27:33,58979661-241f-4edc-942b-cf02305a601c
74.387967,58.84639,23.94,2015-09-28 17:47:07,b84dc9bd-ca08-4133-99c5-d96d00603553
74.3908,58.842028,23.91,2015-09-28 17:49:37,cc064a91-0c81-46e6-861c-b4269fde4491
74.395067,58.836252,24.01,2015-09-28 17:52:08,21c37e6e-ee92-4adc-8016-efc2dd8eba54
74.39965,58.830087,23.96,2015-09-28 17:54:38,df720ba7-7174-4ca4-8a94-0401b9ee3ece
74.404367,58.825327,23.81,2015-09-28 17:57:09,20c7df80-a212-4374-a581-c51162c9cf2a
74.409267,58.820408,23.73,2015-09-28 17:59:39,33919f87-611c-4c24-8b81-654060b5f9ef
74.414183,58.815488,23.69,2015-09-28 18:02:10,fdba068f-1f3d-4334-8cdc-129ce25347e4
74.4192,58.810655,23.66,2015-09-28 18:04:40,772c6222-f08a-4ebb-ba53-9e4d84da2ecf
74.424217,58.805735,23.64,2015-09-28 18:07:11,c2fbd7e8-044d-4edc-bd44-6090f3b09be4
74.429267,58.800822,23.62,2015-09-28 18:09:41,1351c0d7-ac16-407a-a2fd-402a67bc6e65
74.43435,58.795995,23.62,2015-09-28 18:12:12,b17591c1-cdc7-40de-84fd-030c04eee4cb
74.439433,58.790973,23.58,2015-09-28 18:14:42,ceba2f71-60ea-4f3e-99e9-e38dc71331fc
74.443483,58.781512,23.58,2015-09-28 18:17:13,f2dd26bf-7dff-452d-bc80-f147e36d74e2
74.445517,58.763955,23.55,2015-09-28 18:19:43,b918a70c-cbea-443a-b3d2-079c5710ae3f
74.447633,58.745972,23.54,2015-09-28 18:22:14,fbf9d8a6-48d6-4b2e-99c5-5fdbd6fc9288
74.449833,58.727733,23.57,2015-09-28 18:24:44,a9daa059-baf5-4fd7-a4b4-a56d4003d25e
74.452033,58.70923,23.54,2015-09-28 18:27:15,d552d381-4d95-43f2-9ae0-301e93130820
74.454083,58.690787,23.58,2015-09-28 18:29:45,84491cae-b2b3-43ca-9360-14c0d1de3db3
74.455883,58.674368,23.58,2015-09-28 18:32:16,c59581fa-2f2c-4fa8-986f-539706d2667c
74.457717,58.660532,23.55,2015-09-28 18:34:46,5bed9fcf-3ddc-4c4a-8875-60aef98859f3
74.459783,58.648517,23.53,2015-09-28 18:37:17,b3e75d75-88b1-4b90-a8df-bd08e801e234
74.474433,58.641365,23.85,2015-09-28 20:07:55,b0c7ed54-7433-4e4f-9ff0-8d996b07b18e
74.475533,58.635858,23.86,2015-09-28 20:10:26,b1d3ce7c-422e-441b-a8d1-325dd282b0f7
74.47295,58.628458,23.84,2015-09-28 20:12:56,f044ea8b-bd93-49b4-9a71-5015ad95057e
74.468533,58.625677,23.65,2015-09-28 20:15:27,f033ad5a-8b93-4601-9f17-0f50f0bb109e
74.463917,58.623773,23.54,2015-09-28 20:17:57,c327149f-2c07-4c34-98a4-e260e3e0f0ba
74.4605,58.62425,23.5,2015-09-28 20:20:28,8f483f5c-12ae-41ac-b6a0-7403c53cdd50
74.457883,58.627678,23.5,2015-09-28 20:22:58,f944bcb1-192e-42c1-80b3-a709c2f8fb6b
74.457767,58.634603,23.49,2015-09-28 20:25:29,f73ab4b8-b4aa-4e71-8355-0e5acaa59364
74.459017,58.638847,23.49,2015-09-28 20:28:00,42c12711-c4c1-4a1d-8c8c-032c1f2b00e0
74.460733,58.649377,23.53,2015-09-29 04:42:22,0209c4e6-9fd1-4a7f-bbe7-05e239f02959
74.462183,58.650342,23.58,2015-09-29 04:44:53,a3128951-49a7-43fa-88b6-374bf754a21d
74.464533,58.643105,23.6,2015-09-29 04:47:24,5bd9929e-01b9-4518-811b-f93836488769
74.4676,58.633142,23.75,2015-09-29 04:49:54,5fba340c-0d61-4145-9655-fa3335cf3832
74.470817,58.622745,23.79,2015-09-29 04:52:25,6181c904-a793-43e4-9b3c-1a29200d2106
74.474117,58.612355,23.77,2015-09-29 04:54:56,40bc7376-0fef-45e3-b2b1-0de9d76ea43e
74.4774,58.602183,23.77,2015-09-29 04:57:26,a66a02d1-81bf-4a05-8694-35bd0f2c0a56
74.480783,58.592303,23.74,2015-09-29 04:59:57,60fd3f54-d3e6-47ac-a47d-c1c93eda7ef8
74.484333,58.583192,23.72,2015-09-29 05:02:27,f5221e6d-ff86-40b3-920f-bc4a01498b7e
74.487933,58.573852,23.79,2015-09-29 05:04:58,215618e4-498c-4096-a15c-532b895d4f22
74.491467,58.564415,23.86,2015-09-29 05:07:29,30d338ff-fa4b-4b63-92bd-e102b68d5f6b
74.494983,58.554987,23.83,2015-09-29 05:09:59,043775d3-ff08-4e84-9e70-3c3c4ef1f23b
74.498433,58.545805,23.83,2015-09-29 05:12:30,873b1f77-045b-4de2-bcfd-6f3fb4285621
74.501683,58.535045,23.84,2015-09-29 05:15:00,a15dc024-f386-43c9-b5fb-39b81145d8c1
74.503283,58.520448,23.98,2015-09-29 05:17:31,e6d746dc-c732-4a02-a090-fd3df5de1eea
74.504817,58.505563,23.98,2015-09-29 05:20:02,52642222-ad1f-4261-98a3-19f956a3564f
74.5066,58.490995,23.99,2015-09-29 05:22:32,574864c8-0729-491c-93b0-96f9b74e7b7a
74.508933,58.477475,23.99,2015-09-29 05:25:03,5f25b49c-a0d2-41d3-b437-e791c7375e01
74.5112,58.464532,24.03,2015-09-29 05:27:34,32cec963-4999-41b8-893f-5005d4bde4af
74.51295,58.456385,24.01,2015-09-29 05:30:04,892e564f-102d-473f-86e7-3c5e9368503a
74.514317,58.449128,24.01,2015-09-29 05:32:35,f2fc340d-b19c-4151-8744-0ec10c0b4fb5
74.515517,58.439367,24.03,2015-09-29 05:35:06,ced4bb10-1c55-4347-a528-f4fc130424de
74.516467,58.4279,24.04,2015-09-29 05:37:36,82e86d85-daf4-4994-9ec3-db25e65a952f
74.517383,58.41694,24.07,2015-09-29 05:40:07,83ae7121-e19d-4f37-b56e-9be6c061df6a
74.5181,58.408062,24.05,2015-09-29 05:42:38,e7ab4021-c403-4261-908a-7210fbf7ebd0
74.518783,58.3996,24.07,2015-09-29 05:45:09,13aa7fd0-4dcc-4d09-9d32-c60849611b7a
74.519217,58.391292,24.09,2015-09-29 05:47:40,6da72a66-ce51-40ed-b396-e9394413ca3b
74.519317,58.384075,24.09,2015-09-29 05:50:10,b0978ce8-e068-471a-94d5-381e9b1a7593
74.519483,58.378192,24.09,2015-09-29 05:52:41,96211af1-5705-4a77-b66c-c2adf661dbbb
74.529683,58.342035,24.22,2015-09-29 10:23:57,97522a4a-43a5-41c7-a8a3-fa4446788eff
74.5325,58.32691,24.21,2015-09-29 10:26:28,7ed26087-4f8f-4696-8ac8-04ace24e901b
74.535383,58.311777,24.22,2015-09-29 10:28:58,e194288a-67d8-45bb-a936-2429567cb45a
74.538267,58.296692,24.2,2015-09-29 10:31:29,fd444c37-1986-4c12-9508-7a68687bff82
74.5412,58.284043,24.2,2015-09-29 10:33:59,18bf3236-e41d-4b0a-be90-fba08c5dc18a
74.531717,58.33154,24.32,2015-09-29 16:11:48,d30a8827-afdc-4f03-8fad-4cf818786d41
74.528633,58.34294,24.32,2015-09-29 16:14:19,277a587b-c65d-491b-8345-9bab62a93d6a
74.5258,58.353483,24.3,2015-09-29 16:16:50,5838de11-96ee-4c2a-8652-c9ea6058fbd3
74.524067,58.361328,24.23,2015-09-29 16:19:20,6fd62936-b29f-4cec-beab-4e0719bceead
74.522617,58.367908,24.26,2015-09-29 16:21:51,5467746f-64d8-473c-8a4b-f35833e8b7be
74.521317,58.373782,24.24,2015-09-29 16:24:22,7b2a3b93-971e-48c2-9c45-d466c497337c
74.5107,58.45364,24.18,2015-09-29 18:35:27,395b1bc6-7dc2-46cf-8fd4-c4682dd8e4d2
74.508683,58.469058,24.16,2015-09-29 18:37:57,ce03cd56-fda3-4f32-ba4c-ba6415242966
74.506733,58.483902,24.11,2015-09-29 18:40:28,0ae4644a-d418-49b3-9821-640041d1d6d3
74.50505,58.496757,24.1,2015-09-29 18:42:59,1cd30850-5d6f-40c9-bb89-9883b8dc3d6e
74.503467,58.509385,24.1,2015-09-29 18:45:29,e90b8fe3-a5c5-4e75-abff-a3117073bb34
74.501483,58.52123,24.11,2015-09-29 18:48:00,6a1817d7-8611-4dc6-a0ea-630f2a2d4e5b
74.499283,58.534257,23.96,2015-09-29 18:50:31,cc7de339-3ffc-457a-a94a-dc38089d8d1f
74.497067,58.54868,23.89,2015-09-29 18:53:01,1fd79eed-acda-4c4e-97f9-adc148d13465
74.493033,58.556855,23.86,2015-09-29 18:55:32,887a2a22-4322-4d84-bc95-4a5308e66f05
74.48855,58.563405,23.86,2015-09-29 18:58:02,1a4b4e58-a386-4c89-a2c5-cb512d833e52
74.485067,58.574845,23.95,2015-09-29 19:00:33,ab60a1a8-b330-4ad6-a2ec-94006c30afec
74.48185,58.588293,23.98,2015-09-29 19:03:03,d9711d89-3b38-4f92-9cd5-68152fcb18a3
74.4785,58.601512,24.03,2015-09-29 19:05:34,bf27df97-3a6b-4345-bc98-a97a4382ba86
74.474783,58.61312,24.11,2015-09-29 19:08:05,ac94cf85-142a-43da-a4b8-bb00c78d9a94
74.470817,58.623185,24.09,2015-09-29 19:10:35,85c437a2-6b7a-4d1b-ac4f-3cd6d431318d
74.465917,58.631365,23.86,2015-09-29 19:13:06,dba47611-5a52-4cb0-8505-dc98de418797
74.460467,58.640445,23.69,2015-09-29 19:15:37,c13aec4f-e833-4d34-ae5b-83a4980e67f8
74.458167,58.660882,23.62,2015-09-29 19:18:08,31c53193-c0ea-4184-8b8d-4c5e00099937
74.455267,58.683173,23.57,2015-09-29 19:20:38,d5f8db11-c28a-45d2-91ec-0ea0cc41ca4f
74.452033,58.705845,23.56,2015-09-29 19:23:09,975309e6-f440-4684-97b1-3ab50d9b9132
74.448833,58.728695,23.72,2015-09-29 19:25:39,778d2d83-824f-4992-a408-18daf2a6a6a1
74.4459,58.75169,23.75,2015-09-29 19:28:10,3e9da2b6-d806-4662-90bc-b3f82a6239e2
74.442933,58.774278,23.79,2015-09-29 19:30:41,5daff54e-e761-401a-9890-0bac0fd6139b
74.439517,58.794282,23.88,2015-09-29 19:33:12,7414baf4-b2db-4fcb-9ab0-4d4df9fe83a0
74.433233,58.800565,23.77,2015-09-29 19:35:42,371c198d-7b28-4522-b4f5-454fbe30cd20
74.426817,58.806827,23.62,2015-09-29 19:38:13,18dd7c28-c1de-44a5-b824-d49d864449a5
74.420333,58.812788,23.57,2015-09-29 19:40:44,f52a22aa-6022-4ff4-8acc-10c9110c2885
74.4138,58.818712,23.53,2015-09-29 19:43:15,746d120d-bab2-4bd6-9864-d82ec13c85db
74.351433,58.866728,23.87,2015-09-29 20:06:43,3959e29a-3478-4cf7-a638-6f0c7feb5dc9
74.344733,58.872922,23.83,2015-09-29 20:09:14,dfe762b9-1abd-4c3b-b393-a2e6c39b1357
74.338,58.873878,23.82,2015-09-29 20:11:45,a3277c91-06cc-4943-9186-d74568ef196d
74.331167,58.873487,23.73,2015-09-29 20:14:16,af165fb2-323c-4f23-bb80-c67dd2e95de4
74.3253,58.872773,23.76,2015-09-29 20:16:46,b3a51408-c2a0-481d-b26b-1cc6cef0665e
74.32105,58.872498,23.77,2015-09-29 20:19:17,5dd65af9-009a-43e6-b348-38fe0fa35186
74.282183,58.884688,23.23,2015-09-29 21:09:17,833de61e-7a6b-45ed-8348-f2417091c22a
74.275783,58.8876,24.4,2015-09-29 21:11:47,51706d98-b576-48bc-be07-eadd355e2bd9
74.269367,58.890468,24.41,2015-09-29 21:14:18,d35cf880-7c19-4b56-b2e0-152614e230aa
74.263,58.893445,24.41,2015-09-29 21:16:48,01a53069-d866-461c-b3e5-37b7f40dd6b2
74.256683,58.896453,24.34,2015-09-29 21:19:19,fe7b1d7e-724d-484d-9ae3-dc828612c0d6
74.250383,58.899417,24.31,2015-09-29 21:21:49,dbfe881e-91f3-4feb-a56b-e2db7906e6ee
74.243983,58.902608,24.32,2015-09-29 21:24:20,3e295f09-7a88-4517-874e-32e22d508b91
74.237633,58.905498,24.31,2015-09-29 21:26:50,8f56458b-ee5c-4a14-9964-b745fcdecc6c
74.2312,58.90833,24.32,2015-09-29 21:29:20,6d5215f6-96c6-402c-8314-8bd7e3b7df3e
74.224867,58.911832,24.32,2015-09-29 21:31:51,6bb5824b-5f44-44bd-9b77-f9622500a986
74.21905,58.91527,24.37,2015-09-29 21:34:21,9a973fd6-3070-4c01-811c-fe3771e2d134
74.213883,58.918357,24.32,2015-09-29 21:36:52,fb253ba2-b197-4d17-baa5-9edb17deb693
74.210033,58.921225,24.33,2015-09-29 21:39:22,60b4e5ae-ee74-42d6-a31f-0d0e6aea99e0
74.176867,58.9857,24.0,2015-09-29 22:26:12,11513349-97f2-4317-bde4-88159c302574
74.170283,59.00017,24.78,2015-09-29 22:28:42,ca9fab07-4dbc-4b9f-9ddd-587ac3e1ed05
74.16375,59.014757,24.68,2015-09-29 22:31:13,4f2c8edf-f43d-48ad-acfc-422755a00d57
74.157217,59.029192,24.58,2015-09-29 22:33:43,8e7c00cd-85eb-456d-961a-b552da7bc142
74.150717,59.043327,24.51,2015-09-29 22:36:14,2251523c-cf4f-4234-b8e9-66f3782d7a30
74.144117,59.057175,24.51,2015-09-29 22:38:44,550d05a4-1c61-424c-a1d5-bdbd7154beb4
74.1376,59.071232,24.49,2015-09-29 22:41:15,75afacb8-a0db-4172-9086-e90cfada1a72
74.13105,59.085155,24.56,2015-09-29 22:43:45,33ed146f-8015-4269-a1ab-fb9d2250f20b
74.1244,59.098707,24.57,2015-09-29 22:46:16,982ece65-a232-41da-8092-e04816a505d2
74.11775,59.112658,24.51,2015-09-29 22:48:46,42ed20c2-bbae-4d23-875c-fb263169b5d0
74.1111,59.126577,24.41,2015-09-29 22:51:16,2314dba8-4ea2-4598-9150-9e8f1c3a7a46
74.104483,59.140158,24.4,2015-09-29 22:53:47,4e4567b4-ea86-4161-aa47-38c9677aae78
74.097783,59.153842,24.42,2015-09-29 22:56:17,12d288ca-a542-4e25-9a02-dca28f6f8f59
74.0912,59.167363,24.43,2015-09-29 22:58:48,f8aff8f9-37cf-45d1-95cd-a62aca87e571
74.08455,59.180847,24.44,2015-09-29 23:01:18,a9306015-4878-412b-9cea-9dea9fc37f5b
74.077983,59.194548,24.56,2015-09-29 23:03:49,f7cc1222-8e6a-4956-8b54-976555b1b05e
74.071533,59.208083,24.73,2015-09-29 23:06:19,fcfec451-d6b1-4502-bdc8-d321efdc56bb
74.065033,59.221438,24.95,2015-09-29 23:08:50,0ad859af-11be-406f-a864-80525ec0bc32
74.0585,59.234748,25.1,2015-09-29 23:11:20,7e8caa94-e8c3-4a89-8a19-e6b1e2a43260
74.052033,59.248625,25.34,2015-09-29 23:13:50,ac586433-97b9-4c0a-822e-6cfae6aaa571
74.045617,59.262532,25.62,2015-09-29 23:16:21,61668cef-8d55-42ce-8ceb-e2af59927cd9
74.03915,59.276682,25.96,2015-09-29 23:18:51,b1ba650d-52bf-4d89-9e44-09a9a010a509
74.032783,59.290372,26.3,2015-09-29 23:21:21,84ad14b8-b743-403b-9e2b-ae14aaa6f800
74.02635,59.303673,26.43,2015-09-29 23:23:52,10be4849-e1b3-4ed6-89f2-0e34efbeba85
74.019967,59.317025,26.74,2015-09-29 23:26:22,b50d1868-85a0-42c8-b539-6ad961c80fb6
74.01355,59.330338,26.8,2015-09-29 23:28:52,5687bf3a-b2fd-4e45-a95e-08b45b1a81ad
74.0072,59.343833,26.74,2015-09-29 23:31:23,21f0a961-2143-4cdc-a7e6-d7fd2e466261
74.0008,59.357653,26.77,2015-09-29 23:33:53,f6d0f14f-d0f1-4888-8eff-06fb4b26fdbe
73.994317,59.370737,26.83,2015-09-29 23:36:24,a11dc892-c622-44e1-a00d-67eff8f8165c
73.987867,59.384053,27.05,2015-09-29 23:38:54,5547399e-efd8-411c-bb98-986d0ac006e2
73.981433,59.396947,27.35,2015-09-29 23:41:25,d18d7a58-e5e5-4a9e-a7ca-bb53193bd670
73.975067,59.410512,27.45,2015-09-29 23:43:55,3c3cc080-9f82-47f3-a822-f0363858f129
73.968933,59.42379,27.57,2015-09-29 23:46:26,279d769a-e110-4bff-b4e3-3c8834553bcd
73.96245,59.437317,27.72,2015-09-29 23:48:56,231462ee-6f8a-4ea9-9644-1980b154f754
73.956033,59.450903,27.88,2015-09-29 23:51:27,9b49369e-7605-4746-b788-00811c54484f
73.9497,59.464647,28.15,2015-09-29 23:53:57,562b8480-d0cd-478b-be8d-f221ad54a20e
73.943367,59.478287,28.71,2015-09-29 23:56:28,99507ca1-8e2c-4a2e-8e7e-b2b578d4e851
73.937283,59.491785,29.21,2015-09-29 23:58:58,cac27252-0a60-4956-a6e3-445f43e5104f
73.931183,59.505818,29.28,2015-09-30 00:01:28,77d3be50-0d99-48dd-b389-d13ec6361c40
73.924983,59.519915,29.16,2015-09-30 00:03:59,dcfdfe8c-9c2c-4a33-9b07-d812693c5ea4
73.918967,59.534135,29.0,2015-09-30 00:06:29,98bc2519-4820-417c-bb29-1cf957a6345a
73.913217,59.54852,29.04,2015-09-30 00:08:59,2b89841c-9caf-442f-b4d0-6d0130f95803
73.907483,59.56253,28.56,2015-09-30 00:11:29,acf071c2-f2d5-4f8f-a6b4-acd27a3b42b0
73.901367,59.577022,28.13,2015-09-30 00:14:00,93d6536f-c78b-401b-a387-81c58dac7abc
73.894683,59.593228,27.65,2015-09-30 00:16:45,96b1d5a3-148f-4e60-bbcc-f4412255a9d3
73.888667,59.607545,27.48,2015-09-30 00:19:16,28e35f59-7d65-4729-be79-8827514453d7
73.882667,59.62176,27.29,2015-09-30 00:21:46,da438bf0-0774-4920-98c1-124617ce86f6
73.876583,59.63609,27.22,2015-09-30 00:24:16,b9542b86-92d3-470c-9bf7-6838c25137d1
73.870633,59.650453,27.15,2015-09-30 00:26:47,0ab3f60b-ac0a-47d2-bf8e-21356faada48
73.86455,59.665033,27.04,2015-09-30 00:29:17,1fb264c8-1d6c-4f32-93b3-6a3f1e9970a9
73.858183,59.680088,27.0,2015-09-30 00:31:48,41fc19ac-0713-4e79-b411-808ff71f4975
73.852633,59.694838,27.1,2015-09-30 00:34:19,c5ff64dd-26ff-48d5-b9f6-9b7ae990bc57
73.847033,59.709142,27.35,2015-09-30 00:36:49,20535afb-d53e-4454-a6d0-4b3af50a7413
73.84125,59.723503,27.44,2015-09-30 00:39:19,703bf68f-d3ba-444a-90af-f1067e740065
73.835667,59.737693,27.47,2015-09-30 00:41:50,056a8f12-7f8a-4949-8f8e-a9fa4cceb480
73.82995,59.752357,27.38,2015-09-30 00:44:20,b1bbc042-0f1a-4391-8018-bacb0283cdd5
73.824067,59.766523,27.27,2015-09-30 00:46:50,cdbd91e9-1df2-400e-8b02-e1ffda39a711
73.818133,59.780867,27.21,2015-09-30 00:49:21,23224a5c-9fe0-40e0-a938-604395977663
73.812683,59.795287,27.06,2015-09-30 00:51:51,5283844c-c81d-4ea1-b6d6-42bedb3b8ba0
73.807367,59.80912,27.01,2015-09-30 00:54:22,4b40c546-a06b-4e3e-a5d4-aa03f75b01c7
73.801967,59.822542,26.89,2015-09-30 00:56:53,8759a663-74a3-4a80-9f6b-d685944e9b13
73.795917,59.835937,26.87,2015-09-30 00:59:23,92cf1585-7e90-4c46-9728-4ac9bcad82e0
73.790783,59.849042,26.89,2015-09-30 01:01:53,c42797b0-b7c3-4428-b673-11635f2f2a53
73.785217,59.861867,26.83,2015-09-30 01:04:23,f24123d0-89ab-4492-ab4a-d3bbf250187b
73.7797,59.874528,26.86,2015-09-30 01:06:54,2ec860f9-c877-4e2f-9537-d705deb63e21
73.774,59.886372,26.89,2015-09-30 01:09:24,2e4c7f97-d892-43e1-9d78-ba44a8e64bfc
73.768233,59.898028,27.16,2015-09-30 01:11:54,4b880f34-1be5-4661-b6e6-e037b7cd92e1
73.762467,59.909373,27.3,2015-09-30 01:14:24,7a4df79f-ac74-4915-bd54-027445086fee
73.75645,59.921063,27.26,2015-09-30 01:16:55,5e3cd35b-acd1-4b74-8e97-b2a1d429ad0f
73.750417,59.932995,27.35,2015-09-30 01:19:25,6a60d02b-2b65-42b7-bd9d-736b997d07a8
73.744517,59.944935,27.41,2015-09-30 01:21:55,70864807-a342-434c-b465-dfddf92897b6
73.738333,59.95666,27.46,2015-09-30 01:24:26,4afa386d-6fc2-4f99-bc0a-2acf78550ac2
73.7327,59.969005,27.49,2015-09-30 01:26:56,b37c9b14-2e53-49c0-ba7a-d473d17b7a54
73.726883,59.98076,27.47,2015-09-30 01:29:27,47c7e508-56c0-449a-b142-7fbb892485b6
73.721133,59.992697,27.38,2015-09-30 01:31:57,d66502a3-1d0e-42da-ab87-d9173183a81d
73.715483,60.004805,27.44,2015-09-30 01:34:27,c05726fe-0f27-481a-9f9e-269abd0ce707
73.7095,60.016295,27.44,2015-09-30 01:36:57,ec908fe4-19f2-48c0-9791-a3049778fef3
73.703433,60.028498,27.41,2015-09-30 01:39:28,fdbc6188-4eb1-4b82-aafd-676e3e72c988
73.697533,60.040545,27.39,2015-09-30 01:41:58,e8f46df6-16dc-48f8-81d2-be4142c6f0d9
73.69165,60.052545,27.45,2015-09-30 01:44:28,ab9168fb-7d83-4c87-8d7a-84736d5c3712
73.685917,60.064433,27.75,2015-09-30 01:46:58,dd6f4658-b7bb-4264-8304-3697307e2286
73.6802,60.076407,27.86,2015-09-30 01:49:29,971c5a6a-766a-4b85-8efe-087334f142b0
73.674317,60.0882,27.95,2015-09-30 01:51:59,002ff93d-81cd-45f4-98c0-05f4591e96dc
73.668467,60.100577,28.05,2015-09-30 01:54:30,6c30434b-bef8-4978-bee8-e35426b65d8b
73.66275,60.112872,28.04,2015-09-30 01:57:00,3ca5a729-d386-4be7-bb10-9acdaa3444dc
73.656917,60.125312,28.14,2015-09-30 01:59:30,76a746b0-8ed6-4652-9390-e5dc002e933d
73.651267,60.137772,28.33,2015-09-30 02:02:01,bdcb5090-1bff-4401-a70a-048d77b4a645
73.64555,60.149507,28.44,2015-09-30 02:04:31,675e3fe3-85e6-4d10-aed1-247ee7ad076c
73.639617,60.161433,28.54,2015-09-30 02:07:02,fc017002-34e8-4fa0-b7d6-a2296acae6d4
73.6337,60.173607,28.65,2015-09-30 02:09:32,bf270b72-2145-430e-a41c-066e0dbd621b
73.627933,60.184953,29.06,2015-09-30 02:12:03,d04ca2c5-38b0-410b-a9fd-ec192314b776
73.622517,60.196345,29.01,2015-09-30 02:14:33,61557efa-db7d-4907-a7ce-a589443ccb8e
73.617183,60.20761,28.94,2015-09-30 02:17:04,f124e762-4216-4e4e-ad8a-42f0cab7187e
73.611267,60.219062,28.92,2015-09-30 02:19:34,5e14f0af-069a-4385-8bf6-7ad0a8a2d741
73.605333,60.230548,28.81,2015-09-30 02:22:04,85a4416a-fa49-4b16-b301-65418494ccfd
73.599333,60.241537,28.75,2015-09-30 02:24:35,ed63fee6-8184-4c75-bde1-4d666ea560de
73.5934,60.252798,28.63,2015-09-30 02:27:05,15d892ec-413e-4d8c-ae10-0ff9f151d231
73.58735,60.263983,28.54,2015-09-30 02:29:36,b700ea69-7a69-40ac-b5a2-36f9d1b381bc
73.581283,60.275762,28.47,2015-09-30 02:32:06,4f87db42-2934-4167-9cd3-75ff7b3a0ddb
73.575283,60.287462,28.36,2015-09-30 02:34:37,3740c586-8dfb-494c-87e8-b4dbf97d855b
73.569267,60.299958,28.28,2015-09-30 02:37:07,7bc93a7d-1793-4057-aac0-5433dfece702
73.5634,60.312463,28.18,2015-09-30 02:39:38,5e1a8ecd-c266-4a70-bb7c-bff938017a9f
73.557467,60.325427,28.17,2015-09-30 02:42:08,07abddbf-b3b2-4461-8a53-3bd84c813304
73.551817,60.338842,28.14,2015-09-30 02:44:39,adf9e52c-ec19-44ce-847a-347b1ada679b
73.545767,60.353023,28.18,2015-09-30 02:47:09,0ba5d24e-3181-4050-9621-aef68dd35af8
73.539717,60.367512,28.15,2015-09-30 02:49:39,c18c1cf0-9011-4f5e-86be-fba82d476ae7
73.53375,60.38193,28.14,2015-09-30 02:52:10,929de667-8f1d-4131-9231-1406f35c25fd
73.5278,60.396445,28.16,2015-09-30 02:54:40,546038d2-3976-4c70-aa43-59c129f3a471
73.521833,60.410688,28.19,2015-09-30 02:57:11,e4243b08-cf48-4df0-a0f5-03acafd7d9c0
73.515883,60.425028,28.22,2015-09-30 02:59:41,acadfe1c-ed34-42a1-9ee5-e7c123297aa6
73.509783,60.439467,28.56,2015-09-30 03:02:11,d54ba6a6-55d8-4cd7-b4b4-7e437b01bff0
73.503933,60.453982,28.91,2015-09-30 03:04:42,4e211ebb-71ba-459e-97e0-8e3ee278ca1f
73.498117,60.468678,29.32,2015-09-30 03:07:12,1616e45c-5a3a-45ae-9c78-232f53322765
73.4921,60.483193,29.41,2015-09-30 03:09:43,2dfdb3d8-9d1e-4760-ba4c-2c25c04c36e3
73.4861,60.497475,29.91,2015-09-30 03:12:13,9a8fe038-e438-4067-b7f8-72198b2f2a46
73.480383,60.511082,30.2,2015-09-30 03:14:43,5a12dcc1-8fe7-4da3-9384-6bb65182fe2b
73.474567,60.52459,30.43,2015-09-30 03:17:13,db727d85-2ab9-47cb-9373-209717bcfa29
73.468583,60.538157,30.57,2015-09-30 03:19:44,603afe75-370a-4ce7-98b8-75534ae19bcf
73.463,60.551838,30.56,2015-09-30 03:22:14,ccc8b71c-5d4d-4ef0-acea-f006ec2119f1
73.457283,60.563982,30.59,2015-09-30 03:24:45,9bfe7417-3b03-4b04-8aa5-08436393c6b0
73.451367,60.576317,30.65,2015-09-30 03:27:15,e8dda28e-2b9d-45b6-b4e7-8f0869880c85
73.445717,60.588765,30.64,2015-09-30 03:29:46,0640aece-61ba-48ae-bad5-6a8d229edb5b
73.440183,60.600948,30.65,2015-09-30 03:32:16,0d369a5a-4243-48d0-847b-7b16f259e3d1
73.434567,60.613175,30.51,2015-09-30 03:34:47,83bd597b-42ce-4001-864b-009abd848dfb
73.428767,60.625735,30.67,2015-09-30 03:37:17,51f7e8ba-f101-481f-aadd-b1a5f0769abf
73.4227,60.63822,30.8,2015-09-30 03:39:47,4d489ebc-b195-41de-a4bf-1e6d3046e3bb
73.41665,60.650805,30.84,2015-09-30 03:42:17,7686f784-ddce-4dd6-8239-94b3bce39315
73.41055,60.66286,30.75,2015-09-30 03:44:48,5663a199-d457-4673-a50f-1e25ee0e3181
73.404467,60.674912,30.7,2015-09-30 03:47:18,c4b0a698-20b4-41ba-a545-e6c0a0c32cc2
73.398217,60.687272,30.65,2015-09-30 03:49:49,532d531f-992a-4a5d-b890-27214010d041
73.392417,60.69939,30.54,2015-09-30 03:52:19,038c75aa-ed86-44b7-a823-bef948f350ff
73.386333,60.711713,30.54,2015-09-30 03:54:50,36c7c077-39bf-4ad9-b619-baaf84e1275f
73.3801,60.724177,30.54,2015-09-30 03:57:21,dc0d9d73-ad33-4dba-931c-102e7a80a790
73.373833,60.736428,30.58,2015-09-30 03:59:52,838a871d-8dbc-40b2-81c1-36c085aa9500
73.367833,60.748483,30.56,2015-09-30 04:02:22,a1d86183-6930-44e9-aceb-565536557acc
73.3618,60.760552,30.54,2015-09-30 04:04:52,68ca9cd6-e4b7-4689-8593-5eed7857f4f8
73.35555,60.772388,30.51,2015-09-30 04:07:22,005df379-9b95-40f7-9975-cd0a4df81d7b
73.3493,60.783875,30.44,2015-09-30 04:09:53,65d3fb85-ceef-4302-8f19-0baaf072054c
73.343267,60.795577,30.32,2015-09-30 04:12:23,72bf77a4-cb5e-41b9-bb38-1e0b263e5edd
73.337317,60.806957,30.17,2015-09-30 04:14:53,dd3a087b-f2fb-4c79-b86b-6312d996612b
73.331317,60.8185,30.09,2015-09-30 04:17:24,56acb165-60a0-4e20-95a6-0a1c4c638d29
73.325217,60.829803,29.98,2015-09-30 04:19:55,38a627ca-9269-4331-8229-18dd482bbd1f
73.3188,60.840945,29.97,2015-09-30 04:22:25,dc6c4b98-b38d-49f3-8ed0-9d3352eb1fa5
73.312683,60.85263,30.0,2015-09-30 04:24:56,3aeb78b9-fb92-498f-98c9-b7bc08ee5630
73.305933,60.865205,29.95,2015-09-30 04:27:41,d3148e6d-0172-4960-a0b2-a2a290bd6483
73.299883,60.87731,29.93,2015-09-30 04:30:11,0277795a-6895-4dde-8767-e3a55a55854e
73.293883,60.889512,29.84,2015-09-30 04:32:41,63afaa59-2956-4ff1-98ee-6105d5538667
73.287967,60.90182,29.81,2015-09-30 04:35:12,05fb75a6-d5cc-4788-b429-29e0e1d30bee
73.28215,60.914152,29.74,2015-09-30 04:37:42,c2a63917-7daf-419d-a915-88f39e498382
73.2763,60.92654,29.81,2015-09-30 04:40:12,1689bc01-5c33-4020-b7b2-e895e247090a
73.270533,60.939352,29.82,2015-09-30 04:42:43,3128c10d-e299-43f1-a14c-dcde46f20c8c
73.264767,60.952108,29.84,2015-09-30 04:45:13,b37c5c8c-88ae-4e77-8282-f1a5b748aa56
73.25885,60.965215,29.88,2015-09-30 04:47:44,40ecc352-43d4-4ce9-ac1d-a2abf09cffe2
73.2531,60.97789,29.95,2015-09-30 04:50:14,7901c824-91df-42f0-ab8a-b5d714e64bb2
73.247267,60.990553,30.06,2015-09-30 04:52:44,260f6eb4-9a29-4c42-9ed4-e56c79031292
73.24145,61.003532,30.09,2015-09-30 04:55:15,c1a07b3f-90a3-4990-be4f-bbc6f3dcfc7b
73.235517,61.016222,30.15,2015-09-30 04:57:45,809ac37b-cd0c-4b87-878d-e929041f2ff4
73.229483,61.029105,30.24,2015-09-30 05:00:16,567f884e-ae68-411d-9da4-52f75088e9c7
73.223367,61.04199,30.4,2015-09-30 05:02:47,adde801f-bb99-4500-83a5-5cf997450f4a
73.217683,61.055508,30.57,2015-09-30 05:05:17,28a38621-4ef0-4c58-b6c9-5ad20094fea3
73.21195,61.068995,30.75,2015-09-30 05:07:48,43fe25fe-c6f3-4430-9228-2624e87798fc
73.206533,61.082638,30.82,2015-09-30 05:10:18,39f58be3-6fa2-4879-94e6-7b30344ca09d
73.20105,61.096453,30.83,2015-09-30 05:12:49,65d457c9-0d8f-4427-99b3-9b3d9e0562e5
73.1955,61.110055,30.87,2015-09-30 05:15:19,7842269b-e7b4-4bab-a7a9-a29fc832585c
73.19005,61.123967,30.89,2015-09-30 05:17:49,76b2480e-4e1f-45e5-adc0-2058db2f1f67
73.184667,61.137897,30.92,2015-09-30 05:20:20,45697b01-e990-45a4-bc9f-7c9a08837df8
73.179233,61.151452,30.89,2015-09-30 05:22:50,7025b2cf-923c-45fd-b472-a461341d6e76
73.173717,61.165363,30.95,2015-09-30 05:25:20,18a7533f-392a-4c9c-9395-87c041faaa8b
73.16825,61.178988,30.92,2015-09-30 05:27:51,a8b6f6d3-bb2e-4210-9a00-20c41c056689
73.16265,61.19148,30.87,2015-09-30 05:30:21,ad0f64f6-7c31-4285-a354-fd3c82879d56
73.156883,61.20368,30.83,2015-09-30 05:32:51,c0f16a3e-eead-4823-8087-01295b818614
73.15115,61.21617,30.8,2015-09-30 05:35:22,107c7c8b-489b-4db7-a836-6b40b1e7d041
73.145483,61.228438,30.8,2015-09-30 05:37:52,431353e4-879b-42ef-99da-e4bfa31adf3d
73.139767,61.240335,30.8,2015-09-30 05:40:22,26dd5d20-33a9-46b0-8825-eb7dedcc6332
73.134117,61.252318,30.89,2015-09-30 05:42:52,b651d66c-7e19-4761-b641-aa3c39cfa912
73.12855,61.264125,30.98,2015-09-30 05:45:23,a1000946-c010-4cf8-b421-c4df33174321
73.122983,61.275627,31.0,2015-09-30 05:47:53,09a4125c-e862-4fc4-9a55-857ca567c49d
73.117367,61.287197,30.94,2015-09-30 05:50:24,c6fe157f-5606-4830-a36f-838802d3dedc
73.111583,61.298275,30.92,2015-09-30 05:52:54,e530114d-d936-4db9-b198-96fae339bdf0
73.1065,61.3023,30.94,2015-09-30 05:55:25,91e2de9b-1389-432e-a7ae-8bd0c5c870ee
73.1065,61.285508,30.93,2015-09-30 05:57:55,e558128b-d53d-4eb2-95ca-e3b432e9c169
73.1061,61.264557,30.99,2015-09-30 06:00:25,e5c3c8c9-4824-4d61-92e9-efe5ed49d537
73.106083,61.244467,31.02,2015-09-30 06:02:56,6d04b990-91a6-4bd1-a61d-70b9c12b86be
73.106233,61.226888,31.02,2015-09-30 06:05:26,925ef97f-7cce-4fe1-8550-b09fbcc190df
73.1059,61.208835,30.99,2015-09-30 06:07:57,1e69a8d4-7141-472e-b95c-694e396210e8
73.106883,61.19726,30.94,2015-09-30 06:12:27,72f1720e-2e6a-4857-afc9-8d99b74fcabd
73.1087,61.193727,30.96,2015-09-30 06:14:58,b3e76eba-e45c-4628-830a-c9510e1d654c
73.112367,61.194262,30.96,2015-09-30 06:17:28,1254289d-2d5b-4c6e-9fb0-c0acddc24850
73.112917,61.204712,30.95,2015-09-30 06:19:58,002e9f32-f404-43dd-97de-1e6c05fa9b9e
73.110667,61.207505,30.97,2015-09-30 06:22:29,69b9ad44-b3f8-4029-a739-b19fbfc63e9f
73.10905,61.203277,30.96,2015-09-30 06:24:59,12de956a-47c6-47ce-89fe-78bbe4a09570
73.10665,61.195755,30.95,2015-09-30 06:39:46,a68c06d9-6722-4e35-a141-f5d84279ef3b
73.109233,61.190925,30.96,2015-09-30 06:42:16,6abccb14-fa0b-44f5-98ec-67e0fb98d458
73.11105,61.201407,30.93,2015-09-30 06:44:47,d927c178-177e-411d-88ac-191e0e619255
73.109183,61.20792,30.96,2015-09-30 06:47:17,3869b581-730b-4d60-a16e-79a2a49019a6
73.107067,61.203152,30.96,2015-09-30 06:49:48,086a84d4-ed2c-4abd-905c-51fb9ec8940f
73.106667,61.197017,30.96,2015-09-30 06:54:33,1a8acd3e-cbd7-4bf6-a87c-24f136e6e8b4
73.106117,61.20066,30.97,2015-09-30 06:58:04,4b3ac923-4434-49aa-9d27-be894421b7a6
73.106917,61.199342,30.97,2015-09-30 07:03:34,1ba789d5-a742-4543-9e03-66ab835cea00
73.1071,61.193887,30.95,2015-09-30 07:21:36,34b88be4-7c6b-4db9-a9d6-cd384d861111
73.110283,61.190317,30.92,2015-09-30 07:24:07,81e2167d-d0bd-4ba3-ae9a-7b4c5ef49da0
73.112167,61.200025,30.83,2015-09-30 07:26:37,c2cd712e-3267-482e-8d49-ec7872528a09
73.1106,61.206725,30.91,2015-09-30 07:29:07,48f3df74-15a7-43db-a3c1-63e29a4661af
73.10895,61.20328,30.96,2015-09-30 07:31:38,118e2f82-ae2a-4db4-a83b-8d2820a29360
73.106783,61.196343,30.97,2015-09-30 07:46:10,dfcb6af0-78b5-4943-b368-96bb2399c0c9
73.108533,61.18798,30.95,2015-09-30 07:51:12,ad2e3ac2-59f4-41ce-b00e-bd8a812d1125
73.112233,61.196562,30.87,2015-09-30 07:53:42,a0dba972-e6f7-427b-b299-b160cdc27b37
73.109933,61.205542,30.87,2015-09-30 07:56:13,ed25022a-c774-451f-a884-3a9f5b6063d0
73.1072,61.199218,30.94,2015-09-30 07:58:43,d59e1bdb-89c8-474c-8b74-1228e3705bdc
73.108783,61.196107,30.96,2015-09-30 08:08:17,e7dfb3dc-268f-40fe-bb85-fdff84e83876
73.1115,61.204882,30.89,2015-09-30 08:10:48,7c60bf30-eb25-4bce-ba2b-a2db6e049038
73.109983,61.213483,30.9,2015-09-30 08:13:18,2b13f4ff-1fd8-4100-9b6d-6bcb33bb8af0
73.107717,61.208275,30.96,2015-09-30 08:15:49,61a582f0-7cca-44c5-bbe9-127c99df11ba
73.105933,61.201147,30.99,2015-09-30 08:56:57,e56e523a-0ff0-4bae-bbeb-52df2af2f45a
73.104433,61.213262,30.95,2015-09-30 08:59:27,275ae57a-51d1-49bb-a261-fd52159e90d6
73.104067,61.234198,31.0,2015-09-30 09:01:58,9a183550-69f0-4131-9424-4b809506606a
73.103983,61.256103,31.03,2015-09-30 09:04:28,01309b0c-4fbd-4a5f-80c2-0ed01f5a3ead
73.104133,61.275918,30.99,2015-09-30 09:06:59,1612ad78-1663-4b6d-b4aa-43615d81ffeb
73.104283,61.295055,30.99,2015-09-30 09:09:29,6b6c36dc-5bd4-486f-89c9-9b4c4e9d43d3
73.103883,61.311463,30.96,2015-09-30 09:12:00,abb69381-c613-4bd8-aba9-38240a7527bc
73.102683,61.320432,30.96,2015-09-30 09:14:30,019ae72a-cc24-451f-a778-ca19ad054ac8
73.101733,61.325083,30.94,2015-09-30 09:17:01,f883011c-0349-4c07-91f6-b521df4353bd
73.101767,61.325133,30.95,2015-09-30 10:02:21,e10f5384-9b8e-4f4a-a160-be72a2e8a08e
73.10165,61.32261,30.93,2015-09-30 10:41:10,d5c1a336-d5e3-41d5-b71c-4e2b204a879c
73.099333,61.31688,30.94,2015-09-30 10:43:40,c4a7f262-524e-4fb3-8123-0dbda8c770d7
73.096117,61.309025,30.93,2015-09-30 10:46:11,ea9bc831-f6f1-4f0c-aae4-f0b5ae145a2d
73.09335,61.297667,30.93,2015-09-30 10:48:41,b433795e-fa32-46e5-819f-2b0088b37e88
73.09195,61.282207,30.93,2015-09-30 10:51:11,0648f74d-715c-4460-ba2d-eb82bc80ff67
73.090517,61.265832,30.94,2015-09-30 10:53:42,cbb00016-634a-4c3d-b06b-5773b2f48cab
73.088817,61.249653,30.94,2015-09-30 10:56:13,340a985d-2a38-4fcf-a768-c96ddcfe67c0
73.086783,61.232403,30.95,2015-09-30 10:58:44,c95f35b1-9c0b-412f-ba3e-dd66dd3675c4
73.085633,61.218803,30.94,2015-09-30 11:01:15,34821560-0069-46f8-8008-877e99e1e011
73.08385,61.203858,30.93,2015-09-30 11:03:45,bba5859a-27b7-422f-82cf-3bbf1ff69189
73.082183,61.188185,30.94,2015-09-30 11:06:15,98d40b54-c33f-4194-9519-351b04f9a9a4
73.080533,61.172943,30.98,2015-09-30 11:08:46,2daa541d-4e49-4e5e-b840-810802161a75
73.079367,61.158572,31.02,2015-09-30 11:11:16,c685672f-862f-49e4-8d39-d68bd60f19b9
73.07765,61.143092,31.01,2015-09-30 11:13:46,62cb13fe-49aa-4b0c-ad48-193a6f46d111
73.075883,61.127317,31.01,2015-09-30 11:16:17,f787ad57-5f69-4ca1-b722-da0aa67128c1
73.0742,61.111102,31.01,2015-09-30 11:18:47,d2e0e5d6-7064-4469-a250-d10a3036179c
73.0726,61.095427,31.0,2015-09-30 11:21:17,77d96058-3b20-41b0-9e22-d44cc6f187fe
73.07075,61.078563,30.98,2015-09-30 11:23:47,10540ab0-90cd-4b18-8d9a-f985cbd0d0fe
73.06925,61.06349,31.0,2015-09-30 11:26:18,b01f7904-b4dd-4e57-be98-d241be665d0c
73.067617,61.048385,31.0,2015-09-30 11:28:48,0b80f9fa-adaf-4b44-842c-be0aa704a661
73.06645,61.03413,31.0,2015-09-30 11:31:19,4761bc41-0489-401c-a220-c9615526f169
73.064833,61.019072,30.99,2015-09-30 11:33:49,dacdace4-b0ab-44e8-b2e9-1f2f1618a88e
73.063283,61.002828,30.97,2015-09-30 11:36:20,dced3f31-5839-4247-ba00-23ddbd49ee58
73.061317,60.98592,30.97,2015-09-30 11:38:50,a7bdbba1-7302-4eec-bf7e-adea9d5928ae
73.059783,60.970043,30.98,2015-09-30 11:41:21,b46b7fa5-d188-4679-8eaf-3d770e3b91fa
73.0579,60.953292,31.0,2015-09-30 11:43:51,5e12999c-8739-4060-827f-ddb74464aaee
73.0566,60.93845,31.01,2015-09-30 11:46:21,bd995a73-5f05-409c-a8fe-107c2fd07ea1
73.0548,60.921963,31.01,2015-09-30 11:48:52,fa70b203-ca66-40eb-bfb8-c3577604f987
73.053067,60.905612,31.04,2015-09-30 11:51:22,22119e29-a06b-4286-a8cb-47c4bbc2048e
73.051433,60.889913,31.07,2015-09-30 11:53:53,1a2f81b0-6d4d-4ce7-815b-558e13bcb9c1
73.04975,60.874637,31.08,2015-09-30 11:56:23,55e09581-c418-4056-bb3b-8c4be4617bc3
73.048,60.858655,31.07,2015-09-30 11:58:54,72e64caf-0138-4d59-9579-744d6173fe2e
73.046233,60.843573,31.06,2015-09-30 12:01:24,a9d942ba-8d65-4147-a51f-f958e5bdcb88
73.04455,60.8283,31.05,2015-09-30 12:03:54,42ad41c6-5f72-4bc2-ab0c-45effe625633
73.04245,60.812163,31.05,2015-09-30 12:06:25,bbf9905b-3a93-4ab7-8b78-31c5a1baef17
73.04065,60.796905,31.05,2015-09-30 12:08:55,59bdf8f4-2f12-4845-bb6c-14dbdac9d96a
73.039667,60.78354,31.06,2015-09-30 12:11:26,c96bd918-9709-47a0-b14a-edfd3d7a5e01
73.037717,60.768777,31.06,2015-09-30 12:13:56,f6fb569c-d1d7-4007-8356-54ee6cd1e999
73.035917,60.753562,31.04,2015-09-30 12:16:26,007cda38-c663-45a5-ba04-bdf367db7f65
73.033933,60.737908,31.04,2015-09-30 12:18:57,0b7471f2-78a9-431f-aba1-92978b0c6f75
73.031917,60.72166,31.02,2015-09-30 12:21:27,bc294fec-90a9-411a-952d-c9f760416aac
73.0301,60.706738,31.01,2015-09-30 12:23:57,57e7c14e-d28d-4b24-8c12-d56575cfb8ec
73.028167,60.690818,31.01,2015-09-30 12:26:28,65c4df97-48a0-49b4-8c9a-e92c18d94f4b
73.026667,60.67631,31.0,2015-09-30 12:28:58,f456ce1a-1242-45ff-afc6-2f4a6c235749
73.024867,60.661192,31.01,2015-09-30 12:31:28,95c442d0-b563-4b3c-af42-a7624faca2ec
73.0232,60.645822,31.01,2015-09-30 12:33:59,b2610a59-6e78-4c0c-abe3-8cd6359b9ae7
73.021483,60.630735,31.01,2015-09-30 12:36:29,236d0d8e-c4c5-4f81-9e3e-8c8085a883f8
73.0192,60.613717,30.97,2015-09-30 12:38:59,ea193985-f818-4c21-8364-16325cef9c64
73.017383,60.597518,30.98,2015-09-30 12:41:30,61816bf8-4904-4a46-b4b7-857201170dbf
73.015667,60.582365,30.99,2015-09-30 12:44:00,452ab56d-c785-407d-b87f-8977341f9fe3
73.014017,60.567002,31.02,2015-09-30 12:46:30,93501521-a8c1-429c-a0f2-6bac4be39468
73.011867,60.548552,31.01,2015-09-30 12:49:30,1eb6a0bb-e291-425e-8369-e689c065e02c
73.00985,60.532405,31.01,2015-09-30 12:52:01,d27ef11c-c1ae-48ff-b4f9-fcd81b1154de
73.007817,60.516272,31.01,2015-09-30 12:54:31,d4445335-c8c4-41a4-b99e-c2e962705ee0
73.00605,60.50074,31.01,2015-09-30 12:57:01,54ca448c-d992-442f-9877-63818e8ebcdf
73.004467,60.48621,31.01,2015-09-30 12:59:32,d22caa1e-4323-481c-9377-271e91e951b1
73.0029,60.471212,31.01,2015-09-30 13:02:02,579e2398-b411-4c53-86e5-8d8e107306fb
73.0008,60.454958,31.02,2015-09-30 13:04:32,26201041-a640-4cbc-91a7-6541824d5dcd
72.9989,60.438325,31.01,2015-09-30 13:07:02,7aa4481a-2149-4d6b-8957-7819d1e7c9ff
72.997083,60.422833,31.01,2015-09-30 13:09:33,b480ad12-6cb1-4deb-9db3-8d678700a03f
72.995633,60.407903,31.01,2015-09-30 13:12:03,832dc69d-8f0a-406a-b53b-4220b61a4686
72.99395,60.393243,31.01,2015-09-30 13:14:34,39b29e02-43fc-4483-bfdc-4516a2ff964d
72.9917,60.37641,31.01,2015-09-30 13:17:04,717fd097-53a7-440a-b1b0-ff87182c8c0a
72.989467,60.35928,31.0,2015-09-30 13:19:35,392d7c6e-8658-4403-a7e0-033a2fcad097
72.987633,60.343407,30.98,2015-09-30 13:22:05,cc822623-f0bc-46e0-ace4-35701436e5f0
72.985867,60.328553,30.99,2015-09-30 13:24:36,162f8a20-271b-4df4-8f35-51c9d1432bf7
72.983917,60.313035,30.96,2015-09-30 13:27:06,306c4d30-d205-457e-91d2-b08a4329e9ae
72.982033,60.2974,30.95,2015-09-30 13:29:36,39696b28-381f-4786-b6ca-4be472abc0ff
72.979933,60.281732,30.95,2015-09-30 13:32:07,660f71a9-7cd2-4de6-8409-d648f78e583d
72.977433,60.263767,30.94,2015-09-30 13:34:37,927bb265-f03a-4a50-8fb9-e1a33ad8f2c6
72.9756,60.245773,30.92,2015-09-30 13:37:07,07f59439-9f12-441b-bb21-2575a9a5d58c
72.97385,60.227885,30.92,2015-09-30 13:39:38,46de0a81-4298-4b08-be3c-ef270a012703
72.9722,60.210073,30.92,2015-09-30 13:42:08,97ce73ef-90bb-442e-baf9-acb50a171573
72.970383,60.192232,30.87,2015-09-30 13:44:38,a6e453ab-793d-4938-a918-e636ebbe6cd7
72.968983,60.175337,30.83,2015-09-30 13:47:08,a646f6b9-c0c8-4d28-b3d9-b2ce25f6ac6f
72.967733,60.159133,30.77,2015-09-30 13:49:39,70f0b225-e803-4174-b725-db017b92716b
72.966233,60.142652,30.74,2015-09-30 13:52:09,cc81ab78-f0ee-4e3f-ac07-55b08ddb4a62
72.964433,60.125705,30.74,2015-09-30 13:54:39,ad389f8a-6084-4e08-852b-800395d058a3
72.9627,60.109042,30.72,2015-09-30 13:57:09,ab9a3182-2458-4690-8db3-16b3892c290e
72.960767,60.092015,30.72,2015-09-30 13:59:40,cd0fa909-9f5b-4b3f-8b0f-7fd68cdd2435
72.958767,60.074713,30.74,2015-09-30 14:02:10,90fb37b8-ec6f-4c72-9347-b7c311958daa
72.956633,60.056515,30.74,2015-09-30 14:04:40,0f51ef2e-7605-4b19-9431-09c4d2e7d163
72.954633,60.038478,30.68,2015-09-30 14:07:11,8f46355d-1612-40fa-a643-cd777c81e057
72.952883,60.02231,30.61,2015-09-30 14:09:42,689ff3e3-e001-4bc0-892a-07303da07be2
72.951,60.006313,30.5,2015-09-30 14:12:12,8d496b65-cac6-4640-9582-c0a932e1d5e4
72.948883,59.990243,30.41,2015-09-30 14:14:42,624d4052-8ddc-45ac-aba9-0b9dbfd495e4
72.946783,59.973467,30.31,2015-09-30 14:17:12,216d6edd-8645-47da-8285-07498325f357
72.944433,59.956155,30.21,2015-09-30 14:19:43,00bd00f0-ffde-4841-a80e-5d98daf09474
72.942417,59.939165,30.14,2015-09-30 14:22:13,e72a45d3-fd34-45be-abaf-d07d7a074480
72.940167,59.921755,30.09,2015-09-30 14:24:43,03b34fc3-539d-4c15-a449-744715a41660
72.9381,59.904382,30.05,2015-09-30 14:27:14,3f5b3011-cf3d-4e90-a5c8-9d68c09bf92c
72.9361,59.8872,30.02,2015-09-30 14:29:45,0dcf0624-d332-4225-8af4-25797a92ae08
72.933983,59.869658,30.02,2015-09-30 14:32:15,ac738e18-fdb3-4aa5-8f85-bbe34ef796fc
72.931867,59.852387,30.07,2015-09-30 14:34:46,174dc2f8-ec2f-400f-bb88-667d8bc47e87
72.930033,59.836085,30.16,2015-09-30 14:37:17,14dc2b65-0f39-4944-9645-d2f44affd00e
72.927917,59.819248,30.25,2015-09-30 14:39:47,56cbf253-6a58-454f-867d-61fbee35366c
72.926017,59.802668,30.34,2015-09-30 14:42:18,1fb8f2bd-f6c6-48f0-a20c-45793a80513c
72.923967,59.785473,30.42,2015-09-30 14:44:49,6167c41c-348f-4aa8-9196-b8a9f0f7b902
72.92195,59.767745,30.47,2015-09-30 14:47:19,f0743a40-6446-4644-93e6-d31a65623f15
72.9201,59.750265,30.51,2015-09-30 14:49:49,a02f77b0-6a55-4674-8e94-0eb2b6737a93
72.91805,59.731998,30.6,2015-09-30 14:52:20,510e4068-0947-4cc6-8022-806a6794dfe6
72.915983,59.713772,30.71,2015-09-30 14:54:50,e5e66c69-6c8a-4585-8c68-e9fb3a654198
72.913867,59.695517,30.75,2015-09-30 14:57:21,de59a4ed-444d-40ea-a7cb-c72b2a2c1660
72.912283,59.678512,30.75,2015-09-30 14:59:51,89d3bdbc-f163-485d-8963-50871b3e2b6d
72.91045,59.661748,30.64,2015-09-30 15:02:21,c448b3b5-562a-4296-a17a-924e8f6be47c
72.908383,59.643755,30.6,2015-09-30 15:04:53,79587eeb-1d63-43fd-b1f3-2ed3cf52ac9c
72.906217,59.62476,30.57,2015-09-30 15:07:24,e50a5225-ca38-45ce-a98c-0fecb8b9777d
72.904417,59.606797,30.56,2015-09-30 15:09:54,4c4bd1f5-d0fa-459d-b2e4-a41c98158e12
72.90245,59.588947,30.56,2015-09-30 15:12:25,d714d0e6-dbee-42d8-9051-31c480f20277
72.900583,59.570943,30.56,2015-09-30 15:14:55,d51d26ce-3de8-4f6c-a7b1-6ea1f216ceef
72.89875,59.553452,30.52,2015-09-30 15:17:26,505cae82-6d87-41eb-a880-29eb2ffbb86a
72.896783,59.535457,30.52,2015-09-30 15:19:56,51e57d2a-f2cc-4815-a446-833a1711ad79
72.895033,59.517763,30.51,2015-09-30 15:22:27,6cac61f9-404a-40bb-9086-439298166ca0
72.893017,59.499843,30.51,2015-09-30 15:24:58,a71224a3-a576-45df-8dd6-d883b5e66742
72.890733,59.481233,30.49,2015-09-30 15:27:28,1212ad29-d603-4854-96e1-371fe6ec3810
72.888617,59.462767,30.52,2015-09-30 15:29:58,449500a0-2873-4c39-a9a3-e826c7347456
72.88675,59.445327,30.54,2015-09-30 15:32:29,d896b204-c5bf-406f-808e-61e7d3b1e03f
72.884617,59.427008,30.54,2015-09-30 15:34:59,7e85e08a-b883-490c-aa01-fc3f1b68266e
72.882567,59.408758,30.56,2015-09-30 15:37:29,fae23b4e-954d-494e-89bb-34facd2a4abf
72.880417,59.390483,30.55,2015-09-30 15:40:00,0de4b81a-d47d-4689-a7a4-189de98c788b
72.87825,59.372142,30.5,2015-09-30 15:42:30,2679ed70-6a93-4735-94d6-9ff78c40da86
72.87605,59.353422,30.48,2015-09-30 15:45:01,4fc0baa5-9b04-4194-a217-7028dfaca9fe
72.8738,59.334768,30.49,2015-09-30 15:47:31,7e175527-70d5-4ff3-aa01-67f7eb81be8f
72.8717,59.316382,30.52,2015-09-30 15:50:01,19355607-8dab-4a76-a185-8490fd050db0
72.86945,59.29727,30.49,2015-09-30 15:52:32,a6301954-1190-44e1-8910-07ced83aec42
72.867533,59.279065,30.47,2015-09-30 15:55:02,cfbc3225-4103-4ac0-a134-3fd78ce246a0
72.865517,59.26129,30.52,2015-09-30 15:57:32,6b3cb4c9-1057-4baa-9830-61ad7ab0d200
72.863433,59.24288,30.58,2015-09-30 16:00:03,0dc0dc18-dda1-47ef-a46a-1f0c45373a36
72.861367,59.22459,30.56,2015-09-30 16:02:33,c14742c4-965e-4e51-b316-e4b2d68e0a69
72.859433,59.206497,30.39,2015-09-30 16:05:04,72b59731-ee64-47b0-b9c2-496432bafc83
72.8575,59.189222,30.3,2015-09-30 16:07:34,9171189f-6483-46f3-824a-5091a67de30d
72.8552,59.172238,30.21,2015-09-30 16:10:05,1125e465-e134-4c34-8fd5-aca57b46d9d7
72.852717,59.155057,30.13,2015-09-30 16:12:35,b4ebd6c1-6c6b-44de-86bd-8e9692b11d91
72.849783,59.138157,29.98,2015-09-30 16:15:05,49482a47-f242-4e0c-9221-6261cedcf3bc
72.847333,59.120862,29.67,2015-09-30 16:17:36,e80c9f0c-e8c6-4f11-b87b-f3c23a25a001
72.844767,59.104665,29.47,2015-09-30 16:20:06,a46b74bf-37ea-474b-be8e-518b26c81f6c
72.842033,59.086935,29.24,2015-09-30 16:22:37,b17b4738-6d2c-4d86-aa0b-c88b9ec677cf
72.839367,59.069088,29.08,2015-09-30 16:25:07,0c42192d-7a7f-40af-b901-74b0c9d45998
72.837133,59.051332,28.92,2015-09-30 16:27:37,f5020fba-7d23-43b0-a5c2-ca9cb1a170df
72.83485,59.033737,28.78,2015-09-30 16:30:08,66fee492-3313-4518-9b08-899efa01b37b
72.83265,59.015863,28.65,2015-09-30 16:32:38,8a6acf71-1f32-4623-aa59-fd378a137bac
72.830283,58.997772,28.57,2015-09-30 16:35:09,3693851e-faf0-4efb-8431-6cff00551a6a
72.827967,58.979932,28.5,2015-09-30 16:37:39,673241e2-f90e-4e92-b91f-ad59aeb2c8ab
72.825467,58.960933,28.46,2015-09-30 16:40:09,b4553ad9-814f-4790-8b10-e70cc9aac990
72.8229,58.941847,28.41,2015-09-30 16:42:40,0b24d131-63b5-43e5-8247-2bb931d56b49
72.8205,58.922652,28.41,2015-09-30 16:45:10,cadbc722-d472-42e4-a5e2-78add0200bc3
72.818433,58.903915,28.4,2015-09-30 16:47:40,e183ac25-72ed-420b-a28c-2f5fefe161bb
72.8165,58.885742,28.41,2015-09-30 16:50:11,219b9b67-c4f0-48f4-85fe-04cd2df03613
72.814367,58.86732,28.42,2015-09-30 16:52:42,a4651197-d42d-4588-ae6b-718785d77aca
72.81195,58.84774,28.42,2015-09-30 16:55:12,beb3fb4c-98ee-413e-9801-854229096b25
72.80975,58.828558,28.47,2015-09-30 16:57:43,1717e61e-83b8-4ca5-aebf-14439354ea8a
72.80735,58.807092,28.67,2015-09-30 17:00:28,30b4814c-9fe0-4a48-9db5-fc4d35b5bdb8
72.805317,58.788653,29.01,2015-09-30 17:02:59,56475a0e-ebf9-4daf-841c-91122f58b310
72.802967,58.769663,29.28,2015-09-30 17:05:29,aa0e5a21-176b-48dc-9768-e22bd4882458
72.80065,58.750543,29.35,2015-09-30 17:08:00,f5ddfaf7-36a6-47e6-a9d0-14813d220fda
72.798267,58.731403,29.57,2015-09-30 17:10:30,133d2ff2-c133-44c8-8d4a-f97a9ec3f985
72.796083,58.71259,29.61,2015-09-30 17:13:01,80e543c9-a363-4d40-bbc5-775903c8df4e
72.793767,58.69414,29.57,2015-09-30 17:15:31,a15d3fcf-9878-4bec-ad33-176fe67eb558
72.791183,58.67517,29.54,2015-09-30 17:18:01,9e6200b1-ea26-4927-8833-6208099a19b7
72.789033,58.656648,29.51,2015-09-30 17:20:31,f896ae69-f1c2-4c39-9a85-56d846621021
72.786867,58.637677,29.45,2015-09-30 17:23:03,9ddce182-781c-416b-a349-92f9e1c3f7b2
72.784783,58.618777,29.4,2015-09-30 17:25:33,8838bbed-53df-4c97-8689-69cd4fee25db
72.7828,58.60016,29.36,2015-09-30 17:28:04,684df49b-d050-4ca8-8545-263d3ceeca09
72.780617,58.581522,29.31,2015-09-30 17:30:34,27c8a918-9807-454f-9f79-48b1b101b9fc
72.778317,58.562512,29.26,2015-09-30 17:33:05,8c9b6a59-00cf-4d04-a8da-1903f7ad305d
72.776217,58.543218,29.17,2015-09-30 17:35:35,505c902b-e368-42c0-9bf6-2635af0532ab
72.773983,58.524297,29.09,2015-09-30 17:38:05,ac4b7f64-5d06-4b1d-94f4-09a92d6c7f54
72.77155,58.5044,29.02,2015-09-30 17:40:36,b418e89d-f61b-4f21-bb7b-551415edb97f
72.76925,58.484703,28.98,2015-09-30 17:43:06,78fdb7d7-1264-4dbf-9906-7f28f3b076ed
72.76715,58.465777,28.95,2015-09-30 17:45:36,7bc75807-3a03-417c-a0c7-469439e3324a
72.7647,58.445812,28.92,2015-09-30 17:48:07,f8236d73-45d4-479a-a402-aa489a00194a
72.762467,58.425887,28.92,2015-09-30 17:50:37,0e3beae7-0c26-4848-9843-d61057bbdd8f
72.7604,58.40682,28.92,2015-09-30 17:53:08,af3731f4-e4b8-4c1e-872f-f0494bb765d6
72.75815,58.387687,28.93,2015-09-30 17:55:38,b97d004f-28fe-479d-b26b-06e111a1dc9f
72.756,58.368338,28.91,2015-09-30 17:58:08,70cf89ba-8ee7-451a-9dc0-a5ebea9a68a2
72.753867,58.3493,28.94,2015-09-30 18:00:39,4d02cc16-d644-4ae4-ba01-4e166bc409ba
72.751567,58.329675,28.99,2015-09-30 18:03:09,a2066d73-4dc7-4ec9-ac46-bd33b7ddd896
72.74925,58.310527,29.03,2015-09-30 18:05:39,a2198cc7-1fe6-4a9d-aa2f-79cfff250ce1
72.747117,58.291487,28.99,2015-09-30 18:08:09,4174be88-22df-4011-b667-b39fff0e0ca5
72.744967,58.271988,28.99,2015-09-30 18:10:40,59c9251a-ba7b-4990-bdf4-b8565b8cb5c2
72.74275,58.252793,28.99,2015-09-30 18:13:10,935f8ca4-21b9-48a3-a0a0-585e86c102fc
72.740417,58.233128,28.96,2015-09-30 18:15:40,53177173-9ec8-4833-a6f8-a5654e0edd52
72.738117,58.213285,28.95,2015-09-30 18:18:11,47be3ee5-d147-4452-b24d-20fd9306d510
72.735767,58.19334,28.93,2015-09-30 18:20:41,1ca187a7-ddf9-4030-9798-990a4fbea3e2
72.733483,58.173547,28.91,2015-09-30 18:23:11,9c4b619e-d761-45e8-9c97-52038d09bc91
72.731067,58.15369,28.85,2015-09-30 18:25:41,3776fa00-ed7f-484e-9efe-2a49ad62cb5c
72.728667,58.13379,28.84,2015-09-30 18:28:11,c6ee1111-0fb5-4d9c-82f4-436d058cb44f
72.7264,58.114088,28.82,2015-09-30 18:30:41,11d6ef26-cd02-442d-a8e4-35ffa6b74fd1
72.7241,58.09476,28.78,2015-09-30 18:33:12,08471d93-1e7f-4951-bc7d-58b6ef637665
72.72185,58.074845,28.77,2015-09-30 18:35:43,84b239a7-1691-4ded-95b1-dd8579002e8a
72.719733,58.055843,28.8,2015-09-30 18:38:14,fa3ca0fd-f7a8-4258-91d0-cfea96088ece
72.71755,58.03645,28.8,2015-09-30 18:40:44,c707107c-d172-486c-af20-1f98cd731585
72.7152,58.017035,28.8,2015-09-30 18:43:14,e443498d-05a3-4dd6-8ab5-4162ff9acbf7
72.712917,57.997697,28.82,2015-09-30 18:45:45,778b81c7-2546-40d4-b4d5-ace195196c30
72.710633,57.977928,28.83,2015-09-30 18:48:15,24e65218-e45a-4051-a796-23dc4a1dd076
72.70835,57.958695,28.82,2015-09-30 18:50:45,bd1ac06e-a83c-45bd-9b7f-e7ad5b87f5f6
72.705967,57.939345,28.81,2015-09-30 18:53:16,7b3c7f77-da83-40ff-912c-4063137666e3
72.703633,57.919593,28.81,2015-09-30 18:55:46,dbff8913-1a54-48a1-a03a-bf22ac86cc33
72.701383,57.899705,28.79,2015-09-30 18:58:16,60412ad0-7c96-4c5a-8bbe-7ced06ae2c2e
72.699167,57.879783,28.8,2015-09-30 19:00:47,cf8d4c73-4fcf-4dc5-bbf2-2e427f0d5221
72.697033,57.859587,28.78,2015-09-30 19:03:17,2d05409a-4e18-4691-8f0e-e5a9112d1ff9
72.694717,57.839652,28.8,2015-09-30 19:05:48,506bb2e3-b618-473f-aefc-10b37e7f4e70
72.69255,57.819868,28.83,2015-09-30 19:08:18,a0212697-faa0-4bb6-84f4-d6e21c93507c
72.690283,57.800117,28.89,2015-09-30 19:10:48,28ecba14-3b6a-4664-99b9-e7f482315d88
72.688533,57.783817,28.96,2015-09-30 19:13:18,d5f3dd01-9206-46a6-b672-9e56afcdd091
72.686,57.760865,29.03,2015-09-30 19:15:49,9787456d-e084-4a15-b09c-9e05a24e80d0
72.6837,57.74021,29.04,2015-09-30 19:18:19,1332d598-8abe-47dc-986c-7acc7101c880
72.682983,57.733383,29.1,2015-09-30 19:20:50,a7ba8fe2-3236-4b36-9c9e-83472f357633
72.679233,57.698828,29.15,2015-09-30 19:23:20,e4093e6b-76f5-4800-bd22-e5d1f57980a9
72.677,57.678672,29.18,2015-09-30 19:25:50,ce75f546-3293-4c7d-957e-75c3f2c89ecc
72.674867,57.658387,29.16,2015-09-30 19:28:20,b1e18cbe-a460-46f9-ba47-f5ec992b4513
72.672733,57.638123,29.13,2015-09-30 19:30:51,1e5a742b-90dd-413c-bbb4-e5735f0b4e14
72.670517,57.617967,29.12,2015-09-30 19:33:22,c976c6d2-194c-4090-80a1-27c6f65af3ac
72.6683,57.597857,29.14,2015-09-30 19:35:52,8a26555a-0a13-48d9-9d36-39c1f2df103c
72.666083,57.577627,29.19,2015-09-30 19:38:22,a074a020-c3a3-4ac1-875d-f4eb32ba674d
72.6637,57.557505,29.27,2015-09-30 19:40:53,7bbae041-c319-4bf0-b660-64d3ce4c190a
72.661383,57.537097,29.28,2015-09-30 19:43:23,91c374e6-46fd-4c81-9ff5-4d3d7e2e3600
72.659133,57.517153,29.27,2015-09-30 19:45:54,be8bb025-3b79-4adf-b523-0c38448a741d
72.657067,57.498117,29.2,2015-09-30 19:48:24,a70a00cb-f684-4b76-91dd-b14158be83c4
72.654917,57.479208,29.13,2015-09-30 19:50:54,16b98807-e697-49df-b913-38edbb468e6a
72.652667,57.459777,29.06,2015-09-30 19:53:25,d9d838cc-9a0e-416a-8ca2-8f760c606984
72.650367,57.440188,29.01,2015-09-30 19:55:56,f8c4bbd7-abb4-404c-b4cd-10f1df25edce
72.6481,57.420655,29.02,2015-09-30 19:58:26,6f7d483d-e24e-4b59-b1f9-790d8b7e687b
72.645833,57.400878,29.03,2015-09-30 20:00:57,524ae5f0-e4b5-47cf-b0f3-b8cfb5822111
72.643467,57.38115,29.1,2015-09-30 20:03:28,7fc729af-30d2-42d0-b948-77646dde4d0e
72.64115,57.361042,29.13,2015-09-30 20:05:58,6196f43e-7188-4b72-a1c5-674c41d5b8e0
72.638783,57.340727,29.16,2015-09-30 20:08:28,c9a5a175-0596-41de-afcf-1d38e2cbb9a6
72.6364,57.320798,29.21,2015-09-30 20:10:58,44df1534-f8f8-41a7-88b2-e5f00975cd31
72.63415,57.300312,29.35,2015-09-30 20:13:29,2171986a-45e9-4871-9761-fce8e1d644cc
72.631833,57.279988,29.35,2015-09-30 20:16:00,abaad3b7-47c0-490e-a57a-c1d528cdffb6
72.6295,57.259673,29.32,2015-09-30 20:18:31,2712633e-d088-42c4-8dde-c95135abc35b
72.627233,57.239132,29.3,2015-09-30 20:21:01,c320490a-9909-48a6-9170-d123cdef1e86
72.6248,57.218915,29.25,2015-09-30 20:23:32,1acb93f5-571a-438a-a343-69a46b8c7831
72.62235,57.198493,29.11,2015-09-30 20:26:02,4b377f62-4a5a-4a98-8e34-effc4c7855df
72.619933,57.178108,29.03,2015-09-30 20:28:32,3bc3ef9b-9a48-4314-b7b3-e1abd3ee1d75
72.617517,57.157918,28.94,2015-09-30 20:31:03,9442f282-52e4-45a9-8d1a-3ac296545341
72.615067,57.137463,28.88,2015-09-30 20:33:33,321d31c4-3e23-4af4-a1a5-cbbbbc0fc569
72.612567,57.116837,28.85,2015-09-30 20:36:03,9f5703bc-7a95-423d-90ec-376eb5e2c3d4
72.610167,57.096487,28.83,2015-09-30 20:38:34,e380d113-f17e-4867-8550-c48bdd7b008e
72.607783,57.076192,28.86,2015-09-30 20:41:04,9567cbc7-63e8-41c1-ad28-44fc5b1be67e
72.605283,57.055823,28.91,2015-09-30 20:43:34,4afb6cbc-be9f-4b99-ad1e-416d916ea3d2
72.602917,57.035402,28.99,2015-09-30 20:46:05,a19d0417-709d-4520-b851-9c326823ff0e
72.600383,57.014752,29.12,2015-09-30 20:48:35,4af92d4c-f379-4398-b3bf-282b8d0f950e
72.597883,56.993865,29.27,2015-09-30 20:51:05,cd9f98e3-338c-4ebe-a5df-c1910e8e4a03
72.595433,56.973248,29.32,2015-09-30 20:53:35,17736011-46d7-4f14-8bad-6d2a871cbd02
72.592983,56.952558,29.4,2015-09-30 20:56:06,4172f675-84b3-4802-9077-ee30320b5ea3
72.5906,56.93172,29.4,2015-09-30 20:58:37,a0b3d53e-676d-49f7-8368-03ab4870e42a
72.588083,56.910748,29.46,2015-09-30 21:01:07,b09160bc-4db7-49d3-a99a-5be78efe203c
72.585533,56.889548,29.47,2015-09-30 21:03:38,08c7b759-194a-4628-a7bf-2513e5a5ea9e
72.582983,56.868418,29.51,2015-09-30 21:06:08,b0006065-5034-4cd5-998d-8c25cadb83a6
72.58055,56.84735,29.56,2015-09-30 21:08:38,e257b08c-8733-4c4d-aaaf-57d78836c943
72.577883,56.824532,29.66,2015-09-30 21:11:24,9f8a12dc-2a78-4692-b2fa-bfabf2b28778
72.575583,56.803975,29.67,2015-09-30 21:13:54,f1586724-7991-493c-a2c2-9a643056094a
72.573217,56.783133,29.76,2015-09-30 21:16:24,7617941f-e592-494f-8a1f-4a3f95fc162f
72.570767,56.76256,29.75,2015-09-30 21:18:54,5f81aceb-c5e5-4c9b-a41f-5d62ca9915cb
72.5683,56.741845,29.73,2015-09-30 21:21:25,5a0fe0be-4686-4c45-b535-d5eb61cfbe3a
72.5658,56.721075,29.58,2015-09-30 21:23:55,dabe83ef-4e59-4afb-8ea9-c6f55020f40e
72.563317,56.70058,29.52,2015-09-30 21:26:25,a6d7a35c-dc4f-43a2-ae0d-9d0d459bbc03
72.560983,56.68019,29.47,2015-09-30 21:28:56,128b6853-152e-4309-8dfd-8446af5c702e
72.558517,56.659752,29.43,2015-09-30 21:31:26,577127a8-0853-4e2a-8123-29776186811d
72.556017,56.639172,29.4,2015-09-30 21:33:57,7f135dee-81a7-46aa-8b85-ffd2d8abe2b4
72.553617,56.618568,29.38,2015-09-30 21:36:27,1b2a31af-01c8-437b-b3fb-171faa67e9a2
72.55125,56.598115,29.36,2015-09-30 21:38:58,95277227-80f2-47c0-98d6-2266e343b689
72.548933,56.577533,29.36,2015-09-30 21:41:28,fde130e9-4df7-4488-a352-5622b577bbcb
72.546583,56.55736,29.26,2015-09-30 21:43:59,9d0dbbd7-2942-4a15-89dd-572a83afaeef
72.544217,56.536705,29.27,2015-09-30 21:46:29,2a861611-bd2c-4807-8547-a3803a3e5dab
72.541833,56.516027,29.43,2015-09-30 21:48:59,e9149ce2-bf9c-4c4e-8b32-ab2def4647d2
72.5395,56.495475,29.74,2015-09-30 21:51:29,653c4633-43c0-4eaa-957b-130b3ff65e58
72.5372,56.474728,29.85,2015-09-30 21:54:00,55257837-3399-47a7-943d-2d9300b0b8bc
72.534883,56.45419,29.83,2015-09-30 21:56:30,2c589e9f-0448-41f3-be34-d92f2c1d1014
72.532783,56.43586,29.73,2015-09-30 21:59:01,a351dfc5-ea31-46a2-9dfb-c34f39f2b07c
72.5303,56.412892,29.66,2015-09-30 22:01:31,79580140-41e1-4683-9e5e-4d5d623288b2
72.528017,56.392482,29.58,2015-09-30 22:04:02,d30e881d-d992-4169-814e-d6f3dbca7243
72.525883,56.372988,29.56,2015-09-30 22:06:32,3de96fc0-99b0-4f75-b1a4-92bc00a999c4
72.523567,56.351812,29.51,2015-09-30 22:09:02,cb0710a4-75eb-4bae-896c-f8782e2b4f73
72.52135,56.331452,29.46,2015-09-30 22:11:33,627e0fbe-404a-40de-a356-25c20faa6f82
72.519083,56.310748,29.41,2015-09-30 22:14:03,9327d612-a568-4f10-8ef8-6abebbb4dab1
72.516883,56.290365,29.37,2015-09-30 22:16:33,f1315603-409a-4db0-b4a7-870ce2e95b17
72.514817,56.270515,29.33,2015-09-30 22:19:04,52b2570d-709c-4f79-b6ae-b547dcae9f66
72.512583,56.24909,29.29,2015-09-30 22:21:34,0b307286-0785-4d11-82db-82a6b743b573
72.510283,56.228882,29.36,2015-09-30 22:24:05,8ed1a095-a84e-4ccc-a1ac-4f4a24d586c5
72.508083,56.209467,29.49,2015-09-30 22:26:35,232a0b48-5cf7-461b-8b9a-2fb32126309c
72.506117,56.190978,29.78,2015-09-30 22:29:06,51388bf1-c40f-4fa8-93af-593901485e12
72.504317,56.17363,29.74,2015-09-30 22:31:36,b4a32b95-d0f5-43bb-b44f-042abd495152
72.502667,56.158153,29.69,2015-09-30 22:34:07,a4aa269a-e4cd-4fb1-bbd9-e7b9bd762162
72.50095,56.143655,29.65,2015-09-30 22:36:37,305cc1ab-cc7e-410d-b0b6-8618012ce775
72.4993,56.12972,29.63,2015-09-30 22:39:07,bb59a6c5-ca22-46b0-a3b6-74fa550e8fe6
72.497583,56.116462,29.69,2015-09-30 22:41:38,39a300b4-f1a6-4207-8ff2-e22c7fcfa207
72.495733,56.101448,29.7,2015-09-30 22:44:08,44ca1c19-728a-4c5b-9fc5-cd32ed2247c9
72.49375,56.087788,29.7,2015-09-30 22:46:38,40f0d887-6a7e-465b-9a64-62da4d73343e
72.491783,56.074168,29.69,2015-09-30 22:49:09,da1be28b-2413-4028-867e-e29d14691834
72.49045,56.064928,29.7,2015-09-30 22:51:39,2ff5061b-58f6-41b7-a57e-2475bda9611c
72.487767,56.046363,29.78,2015-09-30 22:54:09,df40d01c-dd3d-4eb4-8f27-a5a6be1f9309
72.4858,56.032962,29.93,2015-09-30 22:56:40,01cf525c-b7c9-41eb-8629-6b02e12b9500
72.483683,56.018377,30.23,2015-09-30 22:59:10,07407948-7ae6-4fe7-9464-e16585796122
72.4817,56.004498,30.41,2015-09-30 23:01:41,1cda0543-b7e1-46cb-87f1-bcba33b90d9f
72.481617,55.989923,30.63,2015-09-30 23:04:11,324c507b-75fe-462f-a578-97c6344238ef
72.48215,55.973227,30.77,2015-09-30 23:06:42,35cb066c-8920-489a-bd89-11d830b0eebc
72.482567,55.956378,30.86,2015-09-30 23:09:13,4320351f-4b83-4ee1-928c-a5e56e0dc253
72.48305,55.939792,30.85,2015-09-30 23:11:43,ddee528a-89f7-413a-b0e5-26db61b6759b
72.483517,55.923478,30.82,2015-09-30 23:14:14,b6b5e976-c86e-4aae-9631-149b1bc04308
72.484,55.906608,30.8,2015-09-30 23:16:44,be0699a0-2e50-4887-93c5-60eba2be28da
72.48445,55.891592,30.84,2015-09-30 23:19:14,acb9eb54-67fc-4fa7-8b2c-479c2022bb3c
72.485017,55.87383,30.74,2015-09-30 23:21:46,568b5c27-67d8-4bb9-b727-15405b15d1c5
72.48555,55.857312,30.63,2015-09-30 23:24:16,39256160-d0e4-4a33-be03-9fd521fba55f
72.486083,55.840972,30.48,2015-09-30 23:26:47,617ac737-3070-4158-a492-a8b2bf4987f8
72.48655,55.823835,30.33,2015-09-30 23:29:17,309e1a64-1a48-45e7-8f4e-a83a767e46ac
72.487067,55.80662,30.38,2015-09-30 23:31:48,ae80b654-a56b-4b5c-924a-a7ddae353af5
72.48755,55.793758,30.55,2015-09-30 23:34:18,f2a7e987-0522-42cd-85c7-305307fc8566
72.488117,55.771795,30.76,2015-09-30 23:36:48,cbbaaec2-a312-4ffc-aee8-f994bead31fc
72.488533,55.754565,30.79,2015-09-30 23:39:19,6ea7a258-1069-495e-8907-93b078ee452f
72.489133,55.735818,30.67,2015-09-30 23:41:49,825afcca-8397-4859-94d7-859ad9c620fe
72.489717,55.718813,30.7,2015-09-30 23:44:19,e62b0193-2e5f-4f8b-bf2d-b0267ea4448f
72.490433,55.699808,30.81,2015-09-30 23:46:50,17aff908-5d05-494a-a679-cab69db7f494
72.491183,55.680987,30.82,2015-09-30 23:49:20,fc5a8bb2-8099-4ba1-8c5a-04de1c46ee3e
72.49185,55.662808,30.82,2015-09-30 23:51:50,ccc85a18-440a-4636-93b8-dfa5dd73b1ce
72.492567,55.644578,31.0,2015-09-30 23:54:21,e9587ade-c8b1-433e-bb69-9852d0057f08
72.49325,55.626405,31.12,2015-09-30 23:56:51,bb9feea4-1df1-491f-98e2-0a8c61c745a2
72.49385,55.607735,31.3,2015-09-30 23:59:21,c5a616dc-4e89-42fa-ae12-7cc820078363
72.497617,55.597117,31.54,2015-10-01 00:01:51,a89e4a7c-2a25-43db-aa4f-817ccfaa25b5
72.502083,55.591248,31.85,2015-10-01 00:04:22,8241cb98-2444-421e-843a-b7a834e74aac
72.5061,55.586035,31.42,2015-10-01 00:06:53,bcd970d6-5406-4e2c-80be-2c6afec0dc41
72.509833,55.581167,31.34,2015-10-01 00:09:23,55b21a4d-574e-451d-a0c4-bf7cba0d0518
72.5134,55.576595,31.34,2015-10-01 00:11:53,0393bccc-94bb-4b9c-8dae-4f4f8cc25a21
72.5168,55.572187,29.37,2015-10-01 00:14:23,06ad8a92-7d79-46bf-955e-0c9e7d637138
72.518767,55.56414,27.67,2015-10-01 00:16:54,ca979389-7e40-4227-b738-4a27e3f653e4
72.520533,55.554957,27.47,2015-10-01 00:19:25,2ecd9e02-9b1b-47d0-bbbb-2517b2cafe15
72.52215,55.545792,27.61,2015-10-01 00:21:56,28f1210b-d5e4-4a84-826b-e55da3e2219f
72.523167,55.536968,27.25,2015-10-01 00:24:26,534478e3-216c-4137-9e50-cda091d50236
72.52415,55.528287,27.25,2015-10-01 00:26:57,058592eb-4a50-46c2-9548-0486f8e86b27
72.525383,55.520573,26.88,2015-10-01 00:29:27,5f4bc640-04cc-449b-ad66-e389393c38a3
72.526517,55.513822,26.67,2015-10-01 00:31:58,946cc441-2fcd-4063-af2f-d32e30300b88
72.52725,55.5085,26.7,2015-10-01 00:34:29,6226eee5-eb5f-42bf-bef5-caced527a114
72.527633,55.499308,27.57,2015-10-01 02:19:23,d8729107-4bcd-402c-af60-11c2c5360d78
72.526283,55.508502,28.93,2015-10-01 02:21:53,fac2ceb1-2a03-4dc4-99ee-9686e4eb7721
72.525567,55.515898,29.17,2015-10-01 02:24:24,597c3e95-200e-49d1-8984-a83a7606d003
72.524517,55.522093,28.12,2015-10-01 02:26:55,1bc0cff0-b815-4cc6-88f3-7fdcab0ccb89
72.523367,55.528578,28.73,2015-10-01 02:29:25,ddd13ade-c078-430c-9a01-674a6fdb17e7
72.5226,55.535442,28.64,2015-10-01 02:31:56,8e06882d-1332-4445-bbfc-98c7be34e2d8
72.521183,55.5489,27.88,2015-10-01 04:14:03,9aca531f-baa9-47d9-8c8b-d01aa9863539
72.522033,55.543812,27.82,2015-10-01 04:16:34,5e9a6e6d-5bf7-410a-acb1-109773a3e447
72.523917,55.53195,26.98,2015-10-01 04:24:36,ad602eeb-88da-4a8e-9225-1ef6402d4d7f
72.524483,55.525657,26.94,2015-10-01 04:27:06,b361cafd-85c1-4992-a15f-d41d3d48b2d9
72.525167,55.519388,27.01,2015-10-01 04:29:37,84b7ffe3-3c6c-4ed5-b050-1ae2ae99df7a
72.53035,55.50267,27.51,2015-10-01 18:34:37,9fbb1188-2b4c-4353-a5ed-56013aaf7aa8
72.533867,55.502052,26.46,2015-10-01 18:37:07,d48e80ee-ba4b-4917-adf5-4d16acb6fc2a
72.5371,55.50154,26.48,2015-10-01 18:39:38,4bc2f880-0456-424b-8122-649c3e84ddb6
72.53965,55.501197,26.65,2015-10-01 18:42:09,403509bd-0873-4666-ba4f-c8d0f8b5252e
72.541417,55.500937,29.86,2015-10-01 18:44:39,5f6308a6-cb0e-4bc1-9908-e15224a9f139
72.554033,55.465175,29.41,2015-10-01 22:32:52,80797c66-b1f0-4888-95c0-7d769b1cb77d
72.55515,55.451073,26.63,2015-10-01 22:35:22,e5d67526-f0cb-42fd-9c4d-02c11949af60
72.556617,55.435245,26.47,2015-10-01 22:37:53,dababdd7-e574-471a-83d0-e91537cef24b
72.5579,55.421773,26.54,2015-10-01 22:40:24,d421240a-54d9-4d39-b212-bf60f4219a15
72.5588,55.412415,26.78,2015-10-01 22:42:54,e0578fe7-60d7-442f-8fe4-8d59179406df
72.559533,55.406157,27.15,2015-10-01 22:45:25,b202a56f-ac5d-4385-aa5f-57c2a0598208
72.55775,55.420873,30.38,2015-10-02 16:36:37,9978fb7f-65a6-4b92-a8b3-9997b85a8b79
72.557233,55.427407,31.05,2015-10-02 16:39:07,d543fddd-e390-4eb1-9e51-3a5373a8afcd
72.556667,55.434543,31.42,2015-10-02 16:41:38,9c56a169-7f5e-4a89-9203-65cb5c88db62
72.556117,55.441388,31.52,2015-10-02 16:44:08,b5ff456d-d602-4ef3-8497-dff84852b3fa
72.555533,55.448012,31.41,2015-10-02 16:46:38,cfbfb9f5-64e3-4fb8-a14d-69185d9b02cc
72.554967,55.45455,31.36,2015-10-02 16:49:09,58b867e6-6bbf-4fc3-bbe7-a3ca8600a834
72.5544,55.461015,31.43,2015-10-02 16:51:39,cc4d0fca-c384-4bd1-bd6e-a7957af7b3b7
72.5537,55.467022,31.39,2015-10-02 16:54:10,e65be0cb-961f-411d-b9d6-b0803cd352b9
72.552417,55.471755,31.4,2015-10-02 16:56:40,c6e3eaad-baa0-4e2f-b65e-fffe09aeac73
72.551133,55.47655,31.26,2015-10-02 16:59:11,746be33b-e1d9-4a77-98b8-5d9a8a68379b
72.5497,55.481673,31.09,2015-10-02 17:01:41,fc55d1ef-35ba-4f67-976e-312cdc52f443
72.548283,55.487058,31.33,2015-10-02 17:04:11,88d4ccb3-76be-4654-b27e-a2d01e6ec21b
72.546933,55.492218,31.41,2015-10-02 17:06:42,f900fccf-ec40-48f8-988b-f95ab768737c
72.545617,55.497328,31.58,2015-10-02 17:09:12,467bdc09-6c4b-46b8-9583-f25ca673fb70
72.54425,55.501805,31.72,2015-10-02 17:11:43,cbbc72de-88b2-4473-b24c-7250f8a9f8d1
72.542467,55.503055,31.77,2015-10-02 17:14:13,2a635ad7-52be-40af-af33-b350255e3342
72.540583,55.502458,31.56,2015-10-02 17:16:43,2934140c-750f-45ae-861d-23fba254d06c
72.5387,55.502,31.29,2015-10-02 17:19:13,25756b12-5ea1-4040-a045-4f79c0100dcf
72.53685,55.501437,31.36,2015-10-02 17:21:44,e03c459c-edce-47bd-8d9a-4f94a711ca55
72.534817,55.50159,31.07,2015-10-02 17:24:14,6892920e-5b6d-4f19-928f-627ee33bd3ec
72.532617,55.501808,31.41,2015-10-02 17:26:45,509b91ac-ca0a-424f-b5ad-580b5c868f04
72.5304,55.50204,31.41,2015-10-02 17:29:15,0ba1b076-bdfd-445b-9800-548b8bcd1316
72.528267,55.502737,31.24,2015-10-02 17:31:46,fcd304c2-1ce5-42ae-ada8-8762c2bef0c0
72.52675,55.50716,28.21,2015-10-02 17:34:16,ad959549-3684-4d39-b659-ab399c4ca856
72.526083,55.514222,31.48,2015-10-02 17:36:46,878c92db-bb48-42c8-980c-b296e8d8a894
72.525183,55.520635,32.25,2015-10-02 17:39:17,212b8af8-40a9-4298-b540-d7d0354bdd8f
72.5243,55.526882,32.28,2015-10-02 17:41:47,6c328877-9f0f-4d74-afde-8db7ba7a0441
72.523483,55.53323,32.12,2015-10-02 17:44:17,c743e071-aeb9-47be-acb1-1f64df301ca0
72.5226,55.539583,32.21,2015-10-02 17:46:48,594d1d8e-c3bf-4920-955c-0d6027be8491
72.52165,55.545883,32.02,2015-10-02 17:49:18,8e645bc8-c4ac-4f41-ab3b-bce7957b5b52
72.5207,55.551957,31.85,2015-10-02 17:51:48,a3bc2b42-55bc-41ac-aa39-b29f4b300244
72.51975,55.557958,32.02,2015-10-02 17:54:19,d7150566-86f1-4918-bfe2-f309c99fa7c0
72.51865,55.56431,31.94,2015-10-02 17:56:49,58eaefaf-3502-442b-8eef-00a314c9a614
72.5164,55.572657,31.44,2015-10-02 17:59:19,21b55c67-51a2-42fc-98db-617c17b00927
72.5126,55.578282,31.11,2015-10-02 18:01:50,338ade25-e8d0-428c-ae50-7dc74b38debe
72.508483,55.583793,31.05,2015-10-02 18:04:20,f1c31f19-1cae-4289-9a40-c29bae476bfc
72.504283,55.589505,31.1,2015-10-02 18:06:51,06a8cf95-50f6-44e0-9c4b-ab7441fc2a5a
72.499883,55.59526,31.22,2015-10-02 18:09:21,40bbe964-4def-4354-9a8b-0bfe21812306
72.4955,55.60093,31.73,2015-10-02 18:11:51,20da5130-8d0e-49a5-afc6-c10237cb1d58
72.491467,55.608112,31.81,2015-10-02 18:14:22,33afde11-868b-4a49-a5e3-2ce27d0d0f8d
72.487833,55.618083,31.84,2015-10-02 18:16:52,a7e20ad6-783c-4bf4-8987-8c7be5771691
72.484083,55.627805,31.87,2015-10-02 18:19:23,4e406748-e9ca-45c2-b747-f5f56796b9b8
72.48045,55.637627,31.92,2015-10-02 18:21:53,d293e6cf-d087-424a-9f55-b54f252ae029
72.476883,55.647323,31.93,2015-10-02 18:24:24,e2bd0a0c-27b0-4057-90d7-5a0996672bab
72.473367,55.656712,31.95,2015-10-02 18:26:54,8ca8bdd9-21f0-45a5-b941-f373de92807e
72.471367,55.66313,32.0,2015-10-02 18:29:25,32053987-8903-482e-855e-19e489237a7d
72.469967,55.666367,32.16,2015-10-02 18:31:56,5f2940e6-d9e8-4426-a980-98a21514a5c9
72.464867,55.704608,31.59,2015-10-02 19:30:29,11b64c3f-7ffb-4129-bc74-611df1275674
72.464333,55.714498,32.12,2015-10-02 19:32:59,4aae3cac-114f-4ce4-a871-f3bc43e82ec4
72.463767,55.72422,32.05,2015-10-02 19:35:30,7e541af2-ae3b-4dbe-a7fd-a31f1dc8bf25
72.463033,55.734797,32.02,2015-10-02 19:38:00,6b34e246-c144-437f-930e-8e5f0c033f5f
72.461583,55.749363,31.93,2015-10-02 19:40:31,c9e0052b-5cd4-4240-a94b-81bcf40b3229
72.45985,55.765617,31.83,2015-10-02 19:43:01,d535b05b-bda7-4395-96e8-a84f42f36068
72.45815,55.78334,31.75,2015-10-02 19:45:31,c12d9b51-1b51-49bc-9386-984c2551d120
72.456533,55.802263,31.71,2015-10-02 19:48:02,e5be6e6b-c2d6-4b0d-8fce-0d21ec3a3b8d
72.45505,55.822092,31.82,2015-10-02 19:50:32,70effcb2-4d07-4901-8905-c390a2bd714d
72.453583,55.842597,31.91,2015-10-02 19:53:03,76f7a555-4435-4007-abe7-2839fffda9ed
72.4522,55.863788,32.06,2015-10-02 19:55:33,e1a34dcc-bb47-4de3-b528-4ccd4a3bc585
72.450783,55.885355,31.87,2015-10-02 19:58:03,10a5d7f8-f270-451a-83d3-fd400705fc91
72.4494,55.90682,31.74,2015-10-02 20:00:34,9802a0df-74e2-455f-8bd1-e95396af1452
72.4481,55.927755,31.66,2015-10-02 20:03:04,1bdd04fc-3151-4271-a160-7a00b8e29d53
72.44665,55.949025,31.82,2015-10-02 20:05:34,3de4cf1f-1e5b-48bb-92af-2b0cf400c0cb
72.445217,55.969552,31.81,2015-10-02 20:08:05,99ef907f-7859-47dc-95f0-fb0601dbd0a2
72.4438,55.99006,31.78,2015-10-02 20:10:35,6c0b19cd-1693-48e4-a6f9-76489a18151f
72.442417,56.010607,31.74,2015-10-02 20:13:06,e2f1b267-2df6-47c7-aa60-b115ce7fe835
72.441017,56.03106,31.68,2015-10-02 20:15:36,b6ba1793-dfd5-4398-8f8e-3ab68c559ada
72.439583,56.051788,31.63,2015-10-02 20:18:07,70b85ab1-7673-4678-a5d8-30c387a433e5
72.438167,56.072098,31.62,2015-10-02 20:20:37,b0b63208-c8df-43d6-b400-7cdaf5f2a600
72.4367,56.092533,31.58,2015-10-02 20:23:08,16be3fd1-f962-4e64-a116-2af61e53b792
72.43525,56.112875,31.54,2015-10-02 20:25:38,9fe7de09-53a7-45bf-b343-0f0de0749c01
72.433683,56.133422,31.51,2015-10-02 20:28:08,f062535b-ab82-49f8-a454-0abdd5d845bc
72.432217,56.153897,31.45,2015-10-02 20:30:39,84e80d3b-4f92-4f46-a048-a0ade83a5535
72.4309,56.174255,31.13,2015-10-02 20:33:09,e76188f9-b45d-498c-a03e-695e1a10c50a
72.429517,56.194667,30.81,2015-10-02 20:35:40,ad3e038f-4971-4e3f-a1f6-fcf1f059e0fa
72.42815,56.215187,30.41,2015-10-02 20:38:10,50f5036e-5fce-43dd-96af-e47bf3b89eda
72.426733,56.237827,30.16,2015-10-02 20:40:55,cfdf2e19-0a4b-44d6-bcac-53f08293a27b
72.425417,56.258622,30.09,2015-10-02 20:43:26,93442581-03c5-4c38-a81f-879afb709615
72.424067,56.279213,30.07,2015-10-02 20:45:56,464cff94-f5dc-4799-a57f-9dca980c7848
72.4227,56.300057,30.06,2015-10-02 20:48:26,d13c85cd-b52a-418b-9e92-5f49d87dae6e
72.42155,56.321178,30.1,2015-10-02 20:50:57,64175303-aab1-4172-b7b6-5e0fb5117408
72.420467,56.342315,30.14,2015-10-02 20:53:27,20e0d736-b412-4702-99c4-b91de1bfaf27
72.41935,56.363735,30.11,2015-10-02 20:55:58,238875e5-ffaf-40f8-ab9d-d1c924209902
72.41825,56.385245,30.09,2015-10-02 20:58:28,5cd8441e-f91a-4a39-a853-6eaf1feb8057
72.417117,56.40681,30.18,2015-10-02 21:00:59,7346657f-3e42-4bbd-8d6e-bfae6d1e0dd4
72.416,56.42823,30.31,2015-10-02 21:03:29,f2478fb7-6258-46b8-ae8b-2da6babf56a0
72.414833,56.449702,30.5,2015-10-02 21:05:59,0f033f38-4676-4c91-88e3-32facd7b6b69
72.413733,56.471165,30.67,2015-10-02 21:08:30,dcdf1fc3-7655-4f19-bd04-1c6c912451f6
72.412617,56.492477,30.84,2015-10-02 21:11:00,3fa61432-98b5-4761-a3cf-2246fae416e5
72.411517,56.513145,30.95,2015-10-02 21:13:31,92b6681e-e86f-4ad7-9004-b93402496960
72.410467,56.53334,30.88,2015-10-02 21:16:01,2c295cde-1727-4874-96d2-2ec9445c9cb0
72.4095,56.553483,30.86,2015-10-02 21:18:31,a3160e3d-1460-491f-84f2-705ff0452943
72.408617,56.573873,30.94,2015-10-02 21:21:02,05b2b361-3c5d-483e-802d-8c99c01f7e5f
72.407833,56.594123,31.13,2015-10-02 21:23:32,f9f4ae81-466c-42d7-9e16-aa098c21f1dc
72.407183,56.614318,31.23,2015-10-02 21:26:02,141375d7-9cf8-4bb2-ae98-e8ad9b12edaa
72.4065,56.634132,31.21,2015-10-02 21:28:33,2280dbae-f3b3-4a47-8bc3-2d40961cc37a
72.4057,56.653753,31.05,2015-10-02 21:31:03,bf64bd09-ed5d-469c-b61a-1fcf761fb8b0
72.4049,56.673352,30.67,2015-10-02 21:33:34,0f66ffd4-38d2-4057-9bcb-560876e92635
72.404,56.692717,30.43,2015-10-02 21:36:04,e2aed083-d5b4-4ab1-8bcf-ed95a6097ff9
72.403117,56.712225,30.35,2015-10-02 21:38:34,dff59ea7-88b2-4967-bc85-a89c801aa2ce
72.402167,56.7318,30.27,2015-10-02 21:41:05,900974d3-ec34-44d6-b72c-48edad5bf3bd
72.401217,56.751133,30.24,2015-10-02 21:43:35,c2be61b3-ad64-42eb-ad6a-6d3c9f10f5d9
72.400233,56.77042,30.24,2015-10-02 21:46:05,63edc1a9-66df-491e-a108-74c737b41c00
72.399167,56.789608,30.3,2015-10-02 21:48:36,d1785945-e982-4042-a8af-b0fa3f30a275
72.398217,56.80843,30.4,2015-10-02 21:51:06,6f7e70a8-114f-4079-870b-12a0616cfba5
72.397283,56.827283,30.35,2015-10-02 21:53:37,6d48532f-17a1-42f9-a366-16c6b79b6f87
72.3964,56.846435,30.25,2015-10-02 21:56:07,96810fa2-bb88-4dfe-ac5e-a4a164e109c7
72.395467,56.865822,30.18,2015-10-02 21:58:37,39ba6928-06cd-4278-b598-c0751560c6e4
72.394467,56.885498,30.16,2015-10-02 22:01:08,a5554572-221d-4eac-b2b4-a38c21778a70
72.393483,56.905927,30.17,2015-10-02 22:03:38,4f486a7e-f5e0-4026-a180-59aba73ebf10
72.3926,56.926152,30.36,2015-10-02 22:06:09,f1d8b79c-0001-4f28-b7a1-bd7a935a54a3
72.3919,56.94618,30.35,2015-10-02 22:08:39,ae890632-13c8-4a92-921c-1ac5ce6bed5f
72.391217,56.9667,30.02,2015-10-02 22:11:09,700a037d-d0c1-49c9-a3f0-93b0f138bf07
72.3906,56.986378,29.86,2015-10-02 22:13:40,44999ff0-e0e4-42ba-a52e-1ec78e30673d
72.389617,57.006338,29.83,2015-10-02 22:16:10,7d929044-cb0e-4d86-b928-e5d0cfa2ba69
72.388567,57.026552,29.79,2015-10-02 22:18:41,200d8601-1c34-40b7-bfda-3c8ea49d732c
72.387417,57.046478,29.75,2015-10-02 22:21:11,f912012b-f295-4d36-b4cb-d005032f8b68
72.386367,57.066375,29.67,2015-10-02 22:23:41,d1470462-2cab-46dd-92b3-afcb2c62e88d
72.385317,57.085838,29.58,2015-10-02 22:26:12,2016f1f8-0f0c-4de8-88ed-0f6cbffaaa65
72.3843,57.105263,29.41,2015-10-02 22:28:42,b51e91f7-22cc-4da2-ae7a-98b535d978bd
72.383267,57.12488,29.14,2015-10-02 22:31:13,c7177b67-7996-4dc3-96e5-d2946c1fba72
72.382183,57.144307,29.05,2015-10-02 22:33:43,35ace4de-c4c7-455d-ac48-2fbdda79d5f1
72.3811,57.163698,29.05,2015-10-02 22:36:13,a13c7a0a-cd60-43c9-b77f-781a0c266842
72.379933,57.183758,29.03,2015-10-02 22:38:44,c41043c9-62df-44b9-a866-99370f828418
72.37895,57.203572,28.95,2015-10-02 22:41:14,ffcfddf7-8485-46ef-b0de-cec5526f4436
72.3779,57.223963,28.94,2015-10-02 22:43:44,10010676-c7f9-4aec-9c32-b227baf100db
72.37685,57.24428,28.97,2015-10-02 22:46:15,f5945079-ae04-4db1-ac27-566457a34995
72.3759,57.263987,29.08,2015-10-02 22:48:45,1e022aec-c02f-491d-a5eb-47d5c18cad64
72.374967,57.283935,29.25,2015-10-02 22:51:15,809a3d0e-abda-4136-b713-8d05e74ee226
72.374067,57.303885,29.28,2015-10-02 22:53:46,ecf88681-b7ab-40d4-a619-01c886e4e330
72.373117,57.32422,29.33,2015-10-02 22:56:16,e1c31dc7-d503-4a56-9b62-2d7557a5fbf0
72.372283,57.343758,29.32,2015-10-02 22:58:47,159383b8-2ca3-4a6c-8250-ec4a8670e127
72.371483,57.362993,29.36,2015-10-02 23:01:17,278797b5-f12d-4b47-ae9e-26904601d716
72.370567,57.382682,29.32,2015-10-02 23:03:48,4bca7bc6-8e90-4380-a182-ef3ef38613b9
72.369683,57.402835,29.21,2015-10-02 23:06:18,af6b224b-3352-452c-8f7e-24b2d29d0534
72.36885,57.423118,29.1,2015-10-02 23:08:48,17b9a2d1-109a-4ad7-bad9-5e8fa050f758
72.367983,57.443568,29.03,2015-10-02 23:11:18,30cb2bdc-61f4-4098-87cc-c1d4ed1509ff
72.367117,57.463688,28.98,2015-10-02 23:13:49,cd8cac20-b439-462a-9d91-13afa2e681c1
72.3662,57.484408,29.0,2015-10-02 23:16:19,2c1d51ec-bd3b-4798-89c3-fdced2f5b6a4
72.36535,57.504787,28.99,2015-10-02 23:18:49,a703b694-56d8-4afd-a43f-90e4d1556970
72.364567,57.52429,28.96,2015-10-02 23:21:20,568fa203-2139-45e5-9064-16c8e5dbfff5
72.3636,57.544225,29.01,2015-10-02 23:23:50,3e453c95-8a5b-4b09-a488-3ccff22d1474
72.3626,57.564493,28.97,2015-10-02 23:26:21,beed5904-3187-4eaf-9346-79365b4e21ba
72.361617,57.58461,28.81,2015-10-02 23:28:51,879ec32e-6c37-4c6c-bfc0-3168f90ebf1b
72.36065,57.604618,28.71,2015-10-02 23:31:21,364b9566-fbee-4997-8011-2a995fdcd58f
72.359583,57.624842,28.65,2015-10-02 23:33:52,2a2e58d1-ee48-468b-b52f-0b5e3ae612eb
72.358517,57.645362,28.61,2015-10-02 23:36:22,db5d5198-1318-4a73-a201-aa588a7509c6
72.35745,57.666138,28.57,2015-10-02 23:38:53,ca009ece-805a-4c14-a8bc-dfe059f6e286
72.356533,57.686853,28.59,2015-10-02 23:41:23,b03a851e-d135-4431-8318-6720075a4f14
72.35565,57.707822,28.7,2015-10-02 23:43:54,7ec5336a-4448-4d6e-a3d0-782732218199
72.35465,57.72849,28.88,2015-10-02 23:46:24,b39bdb61-cf5e-49bc-9217-3fa714db02e1
72.353783,57.74914,28.91,2015-10-02 23:48:54,128d06a2-7d75-4cc8-abda-7011f6eb9920
72.353167,57.769675,29.0,2015-10-02 23:51:25,68a623da-bd9a-4314-af6f-578baf433551
72.352883,57.790595,29.0,2015-10-02 23:53:55,5b326ea2-6e91-4c1b-9d0f-3c7d62b600fa
72.352733,57.811228,28.95,2015-10-02 23:56:26,bb51dc4d-c8b0-488f-aeaa-8faaa20eada4
72.352667,57.830438,28.83,2015-10-02 23:58:56,716a2c02-678c-4d81-ab5c-6e78ecc6861b
72.3527,57.847575,28.77,2015-10-03 00:01:27,051b3558-8166-4058-a214-ca75a27c2bbf
72.352717,57.861002,28.74,2015-10-03 00:03:58,22966450-2695-48e8-a4aa-153d3d033e09
72.352083,57.870128,28.64,2015-10-03 00:11:50,f262bc8b-e0a6-487d-9e97-803e7d4af556
72.350333,57.871713,28.65,2015-10-03 00:14:20,0dc12caf-b125-4e54-86b1-8860a1a93d59
72.3465,57.880002,28.72,2015-10-03 01:36:49,31d44c98-3e3a-4838-822d-81e6750a5a9c
72.3493,57.876903,28.72,2015-10-03 01:39:20,ad279766-00dd-4f77-997a-3146b7f12d7f
72.349483,57.867848,28.75,2015-10-03 01:41:51,d7c598b0-1d14-4931-bda4-149c40aa204f
72.347883,57.860645,28.78,2015-10-03 01:44:22,9cb2a5dc-8c1b-4475-b75c-31f98d0a07d3
72.3462,57.852213,28.75,2015-10-03 01:46:53,cd7ccbd2-27bc-4733-9814-71c2991c50ae
72.344433,57.843483,28.76,2015-10-03 01:49:24,da01ef0a-cad5-45b0-a8c7-2fb2b2aeb84e
72.3424,57.833883,28.76,2015-10-03 01:51:56,3f68bf95-3f95-48ea-adb5-527b13f3cca3
72.33995,57.822305,28.77,2015-10-03 01:54:27,c6a5b270-a156-4541-ab6c-f324a03dcc41
72.3371,57.808925,28.74,2015-10-03 01:56:57,914e0eb5-d74e-43fd-98f1-f177575a3466
72.33375,57.793012,28.73,2015-10-03 01:59:27,c0a26d35-a419-4e76-a2b0-2befd2b7516f
72.330083,57.77577,28.75,2015-10-03 02:01:58,a0c70f2b-b28e-48fd-aef4-1c67983f0f01
72.32625,57.758155,28.69,2015-10-03 02:04:28,c560dd3a-cc95-45af-8ba6-39af4edae5c5
72.322433,57.740468,28.63,2015-10-03 02:06:58,89dca0a2-5a5a-417c-9de8-92943ba72cd3
72.318633,57.722667,28.54,2015-10-03 02:09:29,d3c667f3-2fa0-482c-8488-c75641da8856
72.3148,57.705147,28.46,2015-10-03 02:11:59,db40f9f5-9cba-4634-95ba-cc62f50827ba
72.3113,57.687138,28.42,2015-10-03 02:14:30,afc93044-5afa-4220-91f1-ff1d3e4be31a
72.308133,57.668428,28.39,2015-10-03 02:17:00,58221482-c47c-4419-aa53-4b924f63a6d9
72.304933,57.649647,28.4,2015-10-03 02:19:30,69beea47-f46d-4ce2-9644-34ed66c4e973
72.301667,57.630735,28.4,2015-10-03 02:22:00,bdaf868a-9504-4160-b9f1-6406fb1aad03
72.298533,57.611778,28.39,2015-10-03 02:24:31,83c8cce0-0cbc-4435-8241-7e6fb6bb79b2
72.295383,57.592775,28.35,2015-10-03 02:27:01,1727326a-777c-4ea3-816d-0b11af2abc9b
72.292233,57.573762,28.34,2015-10-03 02:29:32,c85b68a2-d960-45fd-bed5-d4594c0d4379
72.2891,57.554598,28.31,2015-10-03 02:32:03,c0aaa7e8-a40f-4e5b-8752-4a1fd6060361
72.285983,57.535362,28.31,2015-10-03 02:34:33,b356c48d-4cad-4f59-a606-bfccf06485ca
72.282833,57.515995,28.32,2015-10-03 02:37:04,6eb135bd-3aed-44d4-819e-a856b29f815a
72.27965,57.496693,28.4,2015-10-03 02:39:34,0a962990-6a8b-46d0-a157-cd2c5c19d778
72.2764,57.477198,28.41,2015-10-03 02:42:05,22daf77d-55d5-4180-b4a0-ed8395e8b296
72.27315,57.457557,28.42,2015-10-03 02:44:35,d6c47e55-9bf4-4343-855a-1e35943b01be
72.2697,57.438355,28.42,2015-10-03 02:47:05,1c89153e-a4ad-4828-a141-1b1517f1bba3
72.266,57.419087,28.41,2015-10-03 02:49:36,2e560315-e633-4a73-8a01-0aa359a552aa
72.262333,57.399857,28.41,2015-10-03 02:52:07,fbd79822-863c-4f24-9def-ca1ca3f69ba0
72.2587,57.380668,28.38,2015-10-03 02:54:37,ba5887f2-873a-4c39-abda-125b9439caa2
72.255067,57.361735,28.36,2015-10-03 02:57:07,7d1c1ee1-b757-4b57-bb24-804a8299d6c8
72.251433,57.34264,28.38,2015-10-03 02:59:38,69ebf5d9-293a-441b-887b-4fb0f43c7dae
72.247817,57.323682,28.42,2015-10-03 03:02:09,2651557e-2e7f-43c2-8aca-e3f64d867a28
72.244217,57.304665,28.44,2015-10-03 03:04:39,131b5d85-44e1-4a0b-8b9e-139ad0e487fe
72.240833,57.285785,28.43,2015-10-03 03:07:09,88fc2fde-7076-4d70-9450-70113f0a40f9
72.23755,57.266845,28.46,2015-10-03 03:09:40,db6be3c7-796d-4977-a70e-9dae69024863
72.23415,57.248058,28.49,2015-10-03 03:12:10,b94b608b-6d8f-4207-833e-ffaded6cdaba
72.230933,57.228828,28.53,2015-10-03 03:14:41,54f3a4f4-ba2f-4a32-8f8b-eff3db54230c
72.227583,57.20942,28.53,2015-10-03 03:17:11,71565b43-218f-4cf4-87e4-bf696d60de5b
72.224267,57.190228,28.47,2015-10-03 03:19:41,375d45a0-0fd8-4e9f-816e-8b9a3a43ef99
72.22105,57.171095,28.41,2015-10-03 03:22:12,7fe36855-e3f8-44aa-973f-4a1b7bdba998
72.21785,57.151952,28.39,2015-10-03 03:24:42,8e89582d-8777-45ed-a012-2538de514363
72.214583,57.132658,28.46,2015-10-03 03:27:13,2faa17a4-b965-40f9-92cd-d609a7d7877a
72.211367,57.113392,28.54,2015-10-03 03:29:43,3990af89-796e-4555-b2ec-7bb816505951
72.208233,57.094227,28.6,2015-10-03 03:32:14,fead41a7-82ed-4940-a54f-d5ae767d2907
72.205083,57.075215,28.64,2015-10-03 03:34:44,276d4503-6c52-47a0-9e09-a138e140ebf3
72.202,57.05642,28.67,2015-10-03 03:37:14,140ef2d1-09d4-4f7d-8104-112d0a6b1e95
72.198917,57.037747,28.71,2015-10-03 03:39:44,4e1b3704-345d-442b-8576-9199f5c4ddcb
72.195833,57.01882,28.75,2015-10-03 03:42:15,eefdb5e6-bfd2-4a6a-8cd9-f11d5bd5c027
72.192767,57.000042,28.74,2015-10-03 03:44:45,d53ffa89-035a-4a0c-96f3-5f53d2fe39f0
72.189683,56.981103,28.74,2015-10-03 03:47:16,541f73b0-6675-4edc-a3c3-c1fe20b7f918
72.18655,56.962238,28.72,2015-10-03 03:49:46,f8435293-2f86-420b-b7b7-70683e6b8de5
72.18345,56.943343,28.74,2015-10-03 03:52:17,b9581bc0-1881-445a-b670-b32eeb275219
72.180383,56.924583,28.7,2015-10-03 03:54:47,d3cbad5b-0519-48bd-aad3-94398aeaaaaf
72.177317,56.905817,28.7,2015-10-03 03:57:18,c3371113-857b-4e8d-aad9-508850bf2739
72.174233,56.886937,28.62,2015-10-03 03:59:48,28eb8a15-15da-4b7b-8e08-66ab6521a0a5
72.1712,56.867998,28.63,2015-10-03 04:02:18,f211911f-9dba-402e-aa9b-264215e803b8
72.1681,56.848813,28.63,2015-10-03 04:04:49,a76456af-4a86-4bc8-ad62-a49c5398f74f
72.165017,56.829647,28.64,2015-10-03 04:07:19,29be6d14-d0ae-448d-a0b6-483fd201e4bf
72.16195,56.810517,28.6,2015-10-03 04:09:49,b237309b-de9d-4596-80fb-68286f2dee51
72.158817,56.791025,28.57,2015-10-03 04:12:20,c8a5eab3-1e28-4bc3-bf1c-857c1a265caa
72.155733,56.771665,28.56,2015-10-03 04:14:50,4936044d-4c12-42c5-b2ce-d07956644411
72.15265,56.752072,28.56,2015-10-03 04:17:21,0b671d8e-f80d-472e-bf6a-06b24580d0a9
72.1496,56.732513,28.57,2015-10-03 04:19:51,9129c1da-14ee-45a7-823f-37598332eed1
72.14615,56.710883,28.6,2015-10-03 04:22:37,e970560d-4028-40c4-be8e-aef2a702110a
72.142967,56.691418,28.62,2015-10-03 04:25:07,a47e42f7-e39c-416c-b00e-60c73584525b
72.1398,56.671835,28.64,2015-10-03 04:27:38,0ccd3f0a-2f69-40c1-b0f5-f3796dbeda93
72.136583,56.652295,28.68,2015-10-03 04:30:08,7f4ff085-83b2-4d41-bc88-183c5c2a4d90
72.13325,56.6324,28.71,2015-10-03 04:32:39,36c20fa4-77c1-4682-87c4-3ef1a8af85e7
72.1299,56.612585,28.71,2015-10-03 04:35:09,a3cddf9b-b1e2-4dda-b3c8-57dd1ad867c5
72.126617,56.59299,28.71,2015-10-03 04:37:39,18ef25bd-6c8e-46f2-9305-aaa7ee1ad60e
72.1233,56.573263,28.69,2015-10-03 04:40:10,1d97dbce-a6da-41b5-8837-5542a8ec0e7d
72.1199,56.553492,28.65,2015-10-03 04:42:40,8da796bb-8d12-4a12-b7b9-26d67e4e9661
72.11655,56.53385,28.58,2015-10-03 04:45:10,1c2ca27a-114b-473f-b32e-bfd81a1037cc
72.11325,56.514152,28.49,2015-10-03 04:47:41,218c8b6f-907b-43a4-931b-f4785de9cb04
72.109967,56.49428,28.45,2015-10-03 04:50:12,4890b732-d7ce-4481-8bd4-c863c3ad1a66
72.10665,56.473967,28.46,2015-10-03 04:52:43,bbf757db-d98b-400e-b66a-3aa1de51f215
72.103367,56.453348,28.52,2015-10-03 04:55:14,2dfa4bda-e9fe-4b42-83b0-be87482a20c2
72.100117,56.432798,28.6,2015-10-03 04:57:44,3fa3d8e4-f1ae-4878-bcfa-add82074ab45
72.096517,56.412463,28.65,2015-10-03 05:00:15,abc72df0-b464-4cf7-bd66-f0224a042589
72.092883,56.392107,28.72,2015-10-03 05:02:45,fd674ca6-4c20-4d95-99d3-5a83a531ceda
72.089217,56.371995,28.88,2015-10-03 05:05:16,6dd0c498-d660-4ef1-ae6d-74dbc34554b5
72.085517,56.352025,28.94,2015-10-03 05:07:46,e79bc2dd-850b-4e6a-abea-ae8922c583be
72.081767,56.332017,29.04,2015-10-03 05:10:17,3ee999e0-787d-4457-a05d-ec0744706466
72.077967,56.312498,28.49,2015-10-03 05:12:47,6b8f81ee-1239-4474-972e-5191be9edb65
72.074267,56.292877,28.42,2015-10-03 05:15:17,3a534658-975c-4611-a0e3-fbf684e53cd5
72.070867,56.272603,28.48,2015-10-03 05:17:48,72080c25-65ba-48f3-ab4c-81c386f536a2
72.067583,56.25249,28.6,2015-10-03 05:20:18,87b44f88-c73c-4aed-9ada-2212fd1669c0
72.064267,56.232312,28.73,2015-10-03 05:22:49,31d2c879-8a72-4677-beb4-fda1daefc171
72.061033,56.211953,28.71,2015-10-03 05:25:19,0aaf9e71-c163-4bf2-b3fb-b3460fb60997
72.05785,56.191302,28.66,2015-10-03 05:27:50,510d1721-e350-44a4-9097-90fa349467c1
72.05465,56.170645,28.68,2015-10-03 05:30:20,b27e30df-2a24-4374-93c5-f889c73c7a18
72.05145,56.149837,28.75,2015-10-03 05:32:50,45ee7652-0ed4-4c86-bd1e-54be57af7aae
72.048233,56.129198,29.14,2015-10-03 05:35:21,30822a2a-f62a-47e6-a64f-a988d1a72a5d
72.044983,56.109093,29.82,2015-10-03 05:37:51,b3f77a1b-e60f-4beb-9270-509722d12c26
72.0418,56.089668,30.11,2015-10-03 05:40:22,e9ee7d35-c578-4b0a-b4d8-812afdca3c89
72.038617,56.070292,30.14,2015-10-03 05:42:52,900ab0ab-42b0-435e-86e0-383d8bebb0e0
72.03525,56.050967,30.2,2015-10-03 05:45:23,399838b6-d9af-44b0-bdde-9983a1744a77
72.032017,56.031545,30.3,2015-10-03 05:47:53,e82ba472-e424-40a0-b0e5-ef4e368970e0
72.028833,56.012052,30.33,2015-10-03 05:50:23,1c0c258a-d5cf-400d-9d34-861af5de802f
72.025483,55.992737,30.35,2015-10-03 05:52:54,df871745-a6ec-4a19-a1c4-d33b92c00ea4
72.022167,55.973427,30.39,2015-10-03 05:55:25,67bb74ee-b598-4c4d-a827-aea2cca475b2
72.018767,55.95447,30.5,2015-10-03 05:57:55,56ef8002-7cbb-49e5-be3c-b7631df6cccb
72.015317,55.9357,30.62,2015-10-03 06:00:25,421becb1-d5d5-41b5-96fd-6defb8d4de89
72.0118,55.91683,30.78,2015-10-03 06:02:56,f3303a25-87f1-4281-b64c-2f87ffd08724
72.00825,55.897893,30.9,2015-10-03 06:05:26,af099bbb-06e1-4bc0-881c-506ae0aceb7a
72.004683,55.878615,30.88,2015-10-03 06:07:57,3e90e899-532c-4cd0-82df-ba72a8d87b66
72.001167,55.85921,30.93,2015-10-03 06:10:27,82492054-24dc-460d-830b-b91cf3cc7190
71.9977,55.839492,31.27,2015-10-03 06:12:58,eed15180-9fa2-4169-9fe4-177363058c6c
71.9943,55.820062,31.51,2015-10-03 06:15:28,c3364300-7fa3-4e87-9ccb-dab6988717da
71.99095,55.800613,31.49,2015-10-03 06:17:59,344f618b-2b3a-4ad3-8665-e2b2e198ba8c
71.987667,55.78146,31.48,2015-10-03 06:20:29,cabb5210-4f38-48c4-9195-b563dcf3c5cd
71.984383,55.762332,31.59,2015-10-03 06:23:00,b223bb9a-7de9-4639-a148-b347a99651a8
71.981117,55.743285,31.76,2015-10-03 06:25:30,f79e12c1-ef3d-41b2-8419-6ebc12c0fb87
71.977883,55.724425,31.86,2015-10-03 06:28:00,e77d299f-510f-4fea-a962-6fafe499fb14
71.974717,55.70565,31.9,2015-10-03 06:30:30,38260d24-ba79-4693-984d-38c5a5c74bd1
71.971383,55.687227,31.99,2015-10-03 06:33:01,91122c6d-3d11-49c5-a2c9-b393fdf3effe
71.96795,55.668667,32.11,2015-10-03 06:35:31,9c5b145c-d5e6-44a8-a8e5-6db369940b49
71.964617,55.649217,32.13,2015-10-03 06:38:02,43574837-373a-4aea-8f08-b072385df5e5
71.961167,55.629798,32.18,2015-10-03 06:40:32,bc699dae-ac0e-4c05-a86c-ce6425a2df0c
71.95775,55.610078,32.35,2015-10-03 06:43:02,5c54024d-e06a-4e65-8dc5-5e65bbf77407
71.954367,55.59042,32.4,2015-10-03 06:45:33,73cac8d9-50a5-4c3a-a5a1-dcf5668f13cc
71.951117,55.570823,32.52,2015-10-03 06:48:03,7c5a2b66-6124-4445-9e3b-e3f15bcdd94c
71.947967,55.550843,32.58,2015-10-03 06:50:34,0c30a468-93fe-4966-a32a-2ad98fe30636
71.944717,55.531182,32.65,2015-10-03 06:53:04,0ee7afee-4d05-49eb-aafe-4ab6acb0de0c
71.941333,55.511685,32.7,2015-10-03 06:55:34,b8e85267-4ae8-4b0f-a5a6-3424953f46e1
71.938183,55.493812,32.82,2015-10-03 06:58:05,78676d30-61ae-4d37-b629-1712c6eceb7f
71.935483,55.47838,32.93,2015-10-03 07:00:35,0e116ea2-6992-4ff8-9293-598b63a4b5c7
71.932833,55.464025,33.03,2015-10-03 07:03:05,70406e85-2088-47c2-a256-617b7c2e43e6
71.928633,55.45748,33.02,2015-10-03 07:05:36,5bf5d9db-c2d8-4227-b121-2b2c5d470277
71.925033,55.452202,32.8,2015-10-03 07:08:06,f75f8ee9-ae13-4324-8294-bdee9d3d7d19
71.922117,55.447787,31.72,2015-10-03 07:10:37,2dbcb4e2-f542-4279-9be6-baf9b9bc1014
71.921117,55.440163,32.4,2015-10-03 07:13:07,94c85036-13f6-4755-8d52-b5d2de18be8e
71.9234,55.424602,32.65,2015-10-03 07:15:38,d738567c-34cd-48ef-8067-4e867a5a4353
71.925817,55.408145,32.7,2015-10-03 07:18:08,bda368a7-70ff-447d-a3c5-2e7fda286974
71.928083,55.392748,32.26,2015-10-03 07:20:38,5fd16c95-9e29-43c2-8d32-0f22e9795d30
71.930117,55.37782,32.0,2015-10-03 07:23:09,96dfe91d-b68e-49b4-8225-efb187f112de
71.931667,55.36636,32.49,2015-10-03 07:25:39,393783ee-b3a2-48a4-be27-6884946dad30
71.933017,55.356232,32.53,2015-10-03 07:28:10,bd264473-a3bf-4ef1-8724-a48fcd52e528
71.934333,55.346287,32.45,2015-10-03 07:30:40,b55e677c-a413-444f-b59a-a4dbd922569e
71.935633,55.336317,32.31,2015-10-03 07:33:10,f5fd61cb-5b06-4ed9-ac29-46acbb1fb262
71.936967,55.327758,32.32,2015-10-03 07:35:41,8ff4ba9c-0de1-4ef0-b039-8797c8757171
71.938183,55.322448,32.34,2015-10-03 07:38:11,0ea49d99-c523-4a98-a62a-7b8a3487b02e
71.938833,55.319885,32.24,2015-10-04 17:10:28,0f89bd41-87b8-4686-9492-068038172134
71.93795,55.32632,33.09,2015-10-04 17:12:58,9d932552-9cbf-4d92-9311-b8d9c36396bf
71.93685,55.331593,33.11,2015-10-04 17:15:29,4f355bda-bb34-4b4a-a3dd-5a1d5f902b8e
71.925133,55.453918,31.78,2015-10-05 15:33:06,7d316a35-fca3-444b-afaa-f519c6ccac9b
71.929183,55.4597,31.75,2015-10-05 15:35:36,345f502b-697f-4286-943a-0f2c488b53e0
71.933333,55.465678,31.66,2015-10-05 15:38:07,64bfd7b3-3e39-4ebe-a56f-d53850cbace2
71.934433,55.472827,31.65,2015-10-05 15:40:37,4e65dfd5-b1a7-4761-95c9-9ad8eb26bc43
71.9326,55.477793,31.67,2015-10-05 16:37:14,dac75b06-8cb1-4f31-808a-2dadbd87d4d2
71.932933,55.474598,31.65,2015-10-05 16:47:00,dded04ae-9d75-4686-87fd-721b630f04b7
71.930217,55.486557,31.64,2015-10-05 16:49:30,786a1369-ed33-4064-b6be-2e07aa54d397
71.928383,55.502285,31.7,2015-10-05 16:52:00,bfbe59ef-855a-41d7-8b50-abe817833f49
71.926917,55.519888,31.75,2015-10-05 16:54:30,b6fbe29b-1b67-4a78-ad7d-46748d0d97e6
71.925317,55.538518,31.79,2015-10-05 16:57:01,be233542-c386-4c98-9287-3ab1a230807c
71.92375,55.556882,31.8,2015-10-05 16:59:31,890e03cd-1bed-4086-b390-9b13be39b96e
71.92215,55.574243,31.6,2015-10-05 17:02:02,2af3f701-9ae5-4188-930f-d605828d0642
71.9206,55.59145,31.41,2015-10-05 17:04:32,415caf38-e828-40e3-b334-a599a026fe8b
71.918067,55.606618,31.32,2015-10-05 17:07:02,ca6449ba-1663-4f36-977e-1df786999756
71.913383,55.617787,31.01,2015-10-05 17:09:33,6cef1f0e-91f3-4d32-b749-476485ab1925
71.908383,55.629477,30.9,2015-10-05 17:12:03,6fd978e0-576b-48db-a6e9-2e212b4c95ba
71.903283,55.641108,30.85,2015-10-05 17:14:34,ab1d780f-cdf2-4608-a6a4-6f169874306b
71.897983,55.65313,30.78,2015-10-05 17:17:04,8f17a2f5-b3b3-4cd3-93ec-a0b3fe878a13
71.892533,55.665228,30.73,2015-10-05 17:19:35,1f6532b8-5281-4ebb-8a37-93d2bff63a36
71.887,55.677333,30.61,2015-10-05 17:22:06,d862fb16-2f15-41ed-8d69-762094326641
71.881533,55.689713,30.48,2015-10-05 17:24:37,01680e0d-41f4-4286-b9db-a3cbe2e69a10
71.876167,55.702447,30.32,2015-10-05 17:27:07,98ff6754-7537-41c4-80a6-ce8ffa7e27a0
71.870733,55.715348,30.29,2015-10-05 17:29:38,93247c4e-2af6-44d3-87a1-850dfb1e2295
71.865283,55.72857,30.25,2015-10-05 17:32:08,acf1a0f2-11ce-4c21-8ff0-adc82167f228
71.85995,55.742042,30.24,2015-10-05 17:34:39,2246fb6d-58ff-4a1b-ae7e-c36a8dbde18a
71.854583,55.755692,30.21,2015-10-05 17:37:10,6809b1f3-83e3-4024-9c10-983208946f75
71.849217,55.769363,30.19,2015-10-05 17:39:40,92dbd147-ca93-40d8-98c7-7dc2d74d4cbc
71.843867,55.782745,30.14,2015-10-05 17:42:10,ca20f157-6a93-4a70-8d35-12d3fac0db32
71.838567,55.795998,30.09,2015-10-05 17:44:41,84b8f1e2-45c9-4e3f-b3e4-b6e6f006ac6f
71.8333,55.809362,30.05,2015-10-05 17:47:11,1c220810-7e0f-4003-b1ff-f2b6faf74c08
71.8281,55.822513,30.05,2015-10-05 17:49:42,74d78d9e-882f-4ba5-a93b-608123e6d310
71.822917,55.835672,30.0,2015-10-05 17:52:12,30fd95a3-1c81-4c70-a1aa-692ba9e14f7b
71.817767,55.848857,30.0,2015-10-05 17:54:43,96bb7e71-b596-4cf5-a121-a9a1fbd2d7e7
71.81255,55.862245,30.03,2015-10-05 17:57:13,b99d37ed-9ea9-46f0-ad1f-6b87daa0ebc5
71.8074,55.875848,30.04,2015-10-05 17:59:43,81de2559-35a7-4770-bc40-16602453123f
71.802233,55.889373,30.08,2015-10-05 18:02:14,d64b07f2-3ae7-4526-a512-aa66725dd11e
71.797167,55.902983,30.06,2015-10-05 18:04:44,ad3540e9-3b54-4918-b65f-830d391f5cd7
71.792083,55.916968,29.89,2015-10-05 18:07:15,9d753697-2759-4bdb-8aa8-76ca493f33f7
71.787083,55.9311,29.66,2015-10-05 18:09:45,011d5a4a-f834-44fe-883b-c429b13f5e2e
71.782117,55.945418,29.5,2015-10-05 18:12:15,7be6c551-8a17-4762-8898-57868506768a
71.777117,55.95928,29.28,2015-10-05 18:14:46,afbd56ff-b977-4857-baee-5db607ddaf9d
71.772217,55.972672,29.02,2015-10-05 18:17:16,ce88f7e4-badd-443c-843b-9dac3ea0556c
71.76715,55.985435,28.73,2015-10-05 18:19:47,9d242d06-beda-45a3-afad-8fa2b8350199
71.762033,55.998497,28.52,2015-10-05 18:22:17,a9605ecf-207e-436f-9531-61db75435adb
71.756867,56.01098,28.42,2015-10-05 18:24:47,9bd8a58e-7268-476a-82cd-1a2a989b7a93
71.751617,56.023343,28.43,2015-10-05 18:27:18,7c097910-c0de-4246-ad90-787be9899dda
71.74645,56.035898,28.41,2015-10-05 18:29:48,5c567230-2a29-424e-9286-b73df86dd28d
71.741283,56.048455,28.41,2015-10-05 18:32:19,10b0c475-2def-4b9a-bd00-c4e6a51cac95
71.7362,56.060933,28.45,2015-10-05 18:34:49,4326168e-61d1-41f1-ade6-a690039f1f42
71.73115,56.07362,28.51,2015-10-05 18:37:20,d1aef635-e727-4827-9de2-a32c60723434
71.726067,56.085918,28.51,2015-10-05 18:39:50,c5381ded-5c27-46c1-a575-681d87759927
71.72105,56.097827,28.52,2015-10-05 18:42:20,a9317e4d-1649-4fb8-993b-468a362557af
71.71605,56.10977,28.61,2015-10-05 18:44:51,5515463d-a834-46b1-bfe1-21c4fe2da7a8
71.711133,56.121593,28.59,2015-10-05 18:47:21,d69adae2-6252-47e2-b804-1c03766b1bf8
71.706217,56.133248,28.57,2015-10-05 18:49:52,e5ce75bf-a47f-4d4a-a3ba-c43b2529e6a2
71.701333,56.14482,28.52,2015-10-05 18:52:22,deb2feb2-2ea6-40ee-a029-61568869dee5
71.6965,56.156417,28.41,2015-10-05 18:54:53,276ed9fa-1f12-4eb7-9d75-457a744c76b6
71.691667,56.168162,28.25,2015-10-05 18:57:23,9aa9b33b-3f91-420b-93ad-724e8e216ad8
71.686867,56.179837,28.17,2015-10-05 18:59:53,8c91d956-b06e-4caf-8c89-7d2bc3069276
71.682017,56.19153,27.99,2015-10-05 19:02:24,fbf4afce-bdc5-42ec-a5cf-fe709c4a8fd9
71.677167,56.202995,27.85,2015-10-05 19:04:54,111951d6-ef6f-449f-9f87-c99e61d86ac0
71.67235,56.214758,27.75,2015-10-05 19:07:25,6047a362-42dd-4a8c-af57-47d738ab7e4c
71.667483,56.226492,27.66,2015-10-05 19:09:55,46c84104-f69e-43c4-aaad-d60fcde08a6c
71.662633,56.238205,27.59,2015-10-05 19:12:26,029f0a33-c934-46ba-adb4-783c2225254d
71.65775,56.250073,27.53,2015-10-05 19:14:56,8725b051-62cf-4cfe-ba5a-ec3e586ff81c
71.65285,56.261862,27.47,2015-10-05 19:17:27,3cb1048f-cca1-4fef-aed3-2d36a337983b
71.647933,56.273808,27.45,2015-10-05 19:19:57,c9b745ed-43d0-4ab4-8d67-a571288b5b3f
71.642883,56.285348,27.4,2015-10-05 19:22:28,1b3d1b84-bc34-4568-aa84-4c6c122d3b24
71.6378,56.296988,27.38,2015-10-05 19:24:59,41900160-48fb-49ec-8c69-2b34e49f8469
71.632783,56.308328,27.38,2015-10-05 19:27:29,3bc52ebc-3fda-4898-b78b-1fd2db74be32
71.631817,56.326148,27.35,2015-10-05 19:30:00,33aa212c-9428-44b5-960c-b9102cb17b6a
71.632,56.345908,27.38,2015-10-05 19:32:31,b171a8ac-3fdf-4222-98bd-2e62ac67806a
71.632117,56.365862,27.41,2015-10-05 19:35:01,e57c5914-0d99-409f-92b8-340cc623f326
71.63225,56.385872,27.47,2015-10-05 19:37:32,480d5182-e126-417f-8667-a4009369ff05
71.632367,56.405633,27.53,2015-10-05 19:40:02,4578a929-e18d-44e0-b78d-0b5a11d4ddf1
71.6324,56.425507,27.66,2015-10-05 19:42:33,6565c162-e38c-458b-97ae-ce53a5069000
71.632433,56.44774,27.91,2015-10-05 19:45:19,9f21df98-e0fd-43ea-baef-5746642b8f18
71.6325,56.467568,28.12,2015-10-05 19:47:49,f899f81d-ded2-4821-9004-a9a4acbf2f28
71.632617,56.48748,28.27,2015-10-05 19:50:19,45fab84b-1d95-4d85-b5d0-66f36b9c1744
71.632683,56.5072,28.16,2015-10-05 19:52:50,47d56edf-faf6-4744-b157-fa34918e3acf
71.63275,56.526738,28.13,2015-10-05 19:55:20,f9b89b8d-5bd0-4ed9-86e8-c7c1ad4112f7
71.632817,56.546407,28.04,2015-10-05 19:57:51,ea073789-8f60-4c32-82d9-73bd9163c11f
71.6328,56.565827,27.93,2015-10-05 20:00:21,344c3631-a831-4275-ba64-69eaf3223f81
71.632783,56.585118,27.83,2015-10-05 20:02:52,e46c1d6f-774a-446b-b4f8-fa95b699fc6d
71.632667,56.604382,27.73,2015-10-05 20:05:23,54975040-869c-4ace-9cad-90cd88681da0
71.632483,56.623433,27.7,2015-10-05 20:07:53,b08768da-8dfd-476a-8e11-f5c918fde5a6
71.632333,56.642383,27.67,2015-10-05 20:10:24,fda0a19c-e927-4ec0-981c-8e8d3a7e6f0a
71.63225,56.661417,27.69,2015-10-05 20:12:55,5a1266ac-5a78-4c16-bc2a-0b20cc744d95
71.632967,56.679638,27.69,2015-10-05 20:15:25,3568f83c-4b42-484c-86f5-4a6d571f9a63
71.634583,56.697722,27.62,2015-10-05 20:17:56,ddccde00-a9a8-408f-8e14-1d993a2f09bd
71.636133,56.71613,27.58,2015-10-05 20:20:26,9c6bb441-f3b2-4395-a20a-2ca51b68b3a4
71.637717,56.734647,27.53,2015-10-05 20:22:57,316f1179-1d93-4f74-8d10-97b7c32a3a6a
71.639267,56.753408,27.52,2015-10-05 20:25:28,2c46ee34-ccef-45d3-869f-306cd26a1b6a
71.640717,56.771932,27.48,2015-10-05 20:27:58,7007faf5-208d-4744-8e03-730b7c2c7f0c
71.642267,56.79053,27.44,2015-10-05 20:30:29,1265b5e7-d681-47f1-9159-c95b792b230f
71.643767,56.809095,27.43,2015-10-05 20:33:00,14fa9044-86a9-4de5-9b86-cc99aa03a6f3
71.6452,56.827757,27.4,2015-10-05 20:35:30,7f13469d-a7e3-4ffc-9fc3-d927716a5e0a
71.646683,56.846497,27.38,2015-10-05 20:38:01,0f3887ba-d6ac-4b5b-b1dc-a4cb122ccbca
71.648133,56.865298,27.35,2015-10-05 20:40:32,1df0d6fa-1b2e-4b77-bb7f-c98d8150f2e2
71.649533,56.884065,27.35,2015-10-05 20:43:02,e085a332-b76c-4202-850d-98d9c06aa69c
71.65085,56.902997,27.36,2015-10-05 20:45:33,dfda3345-7f16-4cf5-8442-d15fe67f9330
71.652117,56.921957,27.35,2015-10-05 20:48:04,e873f898-04ea-4a3c-a7d3-e797b5e5cbb8
71.6519,56.94051,27.46,2015-10-05 20:50:34,74e06590-db42-42d0-b8de-3471305f46f6
71.646567,56.952435,27.57,2015-10-05 20:53:05,3280d7ec-4c3a-4613-b4fb-b8a445b7389e
71.6406,56.962807,27.57,2015-10-05 20:55:35,4f2dc58d-080a-4cff-bed7-2d10ac3ed3bf
71.6347,56.973422,27.7,2015-10-05 20:58:06,989252dd-a9c6-43f1-8634-3a13a8553881
71.628683,56.983893,27.76,2015-10-05 21:00:37,9c2c81c3-1dee-4924-a8ff-95cc9a819566
71.622667,56.994417,27.83,2015-10-05 21:03:08,6bf22bcc-7128-48f3-9c84-b76c086f5cee
71.6167,57.004828,27.87,2015-10-05 21:05:39,8303caeb-cf28-405c-9199-0b5d94144b80
71.610783,57.015065,27.89,2015-10-05 21:08:09,cb42a151-c8e1-4a6b-a0cb-ab79672d7e7c
71.605033,57.025945,27.85,2015-10-05 21:10:40,46db9f8f-5d66-4658-ab8a-07eb97b48f16
71.599183,57.036572,27.81,2015-10-05 21:13:11,f1f74c58-298f-476c-a556-5ff1069b35b5
71.59335,57.047092,27.81,2015-10-05 21:15:42,19499cc2-5618-43ca-bcaa-2a90c0d80741
71.587533,57.057465,27.79,2015-10-05 21:18:12,66ed5292-5745-492f-bc4a-e82db77b4956
71.581667,57.06799,27.77,2015-10-05 21:20:43,043dfc30-0527-4aec-a396-7a6bc9cb8759
71.575817,57.078552,27.75,2015-10-05 21:23:14,20d16ae1-c0ec-4f13-ac76-486ae51ad360
71.569933,57.089235,27.8,2015-10-05 21:25:45,b77d70be-d8a9-40f4-8d2b-edeb459b4f7b
71.564167,57.100095,27.72,2015-10-05 21:28:15,41e0f05d-bc4e-4326-8983-4af340838c2a
71.558367,57.111008,27.62,2015-10-05 21:30:46,2807813d-59e2-4691-a744-6c62ae283d58
71.429283,57.338098,27.66,2015-10-05 22:25:59,630332dc-d9f5-403d-985c-35f63e798a71
71.423517,57.348722,27.69,2015-10-05 22:28:30,b63f1aa8-77c2-404b-b4b5-6fe4400fbbe3
71.417617,57.359198,27.66,2015-10-05 22:31:01,d5cfe323-7130-45f2-9b17-a49067400c00
71.4117,57.369785,27.61,2015-10-05 22:33:31,9d98882a-0e00-48f5-894e-d6168abf04c3
71.40585,57.380318,27.54,2015-10-05 22:36:02,346f704d-ccb2-4133-89b1-e6bb2980885c
71.4,57.391047,27.53,2015-10-05 22:38:32,5648b056-8f50-4120-951a-5a9453578206
71.394117,57.4017,27.53,2015-10-05 22:41:03,95cdcb5a-ffcf-43ee-9670-6864bbdf2049
71.388233,57.412488,27.54,2015-10-05 22:43:33,969f41a1-eec1-4d8e-ad77-178d72a42447
71.382283,57.423027,27.56,2015-10-05 22:46:04,f7154d11-e712-4726-8a8b-6291d4e9f480
71.3764,57.433478,27.61,2015-10-05 22:48:34,dc762f1b-b681-46bf-9f99-06b4e9246447
71.3705,57.443873,27.61,2015-10-05 22:51:05,750b3f44-bb88-46f6-af36-b6e28f210b0d
71.3646,57.454213,27.62,2015-10-05 22:53:36,54e36fc0-628a-475e-9953-d3cdb7949725
71.358733,57.464443,27.62,2015-10-05 22:56:06,cc65e77a-6aa4-47b8-83d0-682c074d771f
71.352833,57.474662,27.66,2015-10-05 22:58:37,56a38525-09f4-42cb-a36c-a04cfac671ec
71.346867,57.484338,27.72,2015-10-05 23:01:08,2ef75c2b-96b3-4db6-85a7-223d34b32c0a
71.340933,57.49376,27.85,2015-10-05 23:03:38,925f1145-386d-42b6-be9a-a7ca26569136
71.335,57.503762,28.17,2015-10-05 23:06:09,54fa9d9f-f251-4a6c-b538-0120aa126fd7
71.329017,57.51368,28.18,2015-10-05 23:08:40,aaac66f9-5eff-49ac-83e7-62951ed62545
71.323117,57.523677,28.22,2015-10-05 23:11:10,a44871c3-4945-4521-80f6-e7d6615f3ffe
71.317267,57.533908,28.25,2015-10-05 23:13:40,b563da3e-9496-4739-ac9e-50210322e73c
71.311533,57.544135,28.33,2015-10-05 23:16:11,e60dd174-9642-43bf-aea1-87b45f11dc8f
71.305733,57.554437,28.35,2015-10-05 23:18:41,eca8adfb-7d89-4502-afc5-53c5c1b48581
71.299917,57.564672,28.4,2015-10-05 23:21:12,6a08d735-7a06-43d3-94f1-2fe2a330c59a
71.294133,57.57503,28.51,2015-10-05 23:23:42,e2c8caa9-9ea5-4bd9-99cf-fdebf4c8af3b
71.288383,57.585208,28.73,2015-10-05 23:26:13,9830ff98-f48a-488d-927b-63725a1cae14
71.2827,57.595183,28.9,2015-10-05 23:28:43,fded4eea-b6f2-4516-a1af-0c3a2e03c432
71.27695,57.605375,29.22,2015-10-05 23:31:13,f0e87e61-4d67-47b5-ad01-c5761815ec19
71.271283,57.615413,29.63,2015-10-05 23:33:44,b1491614-21ea-4951-927b-eac8dd588994
71.265467,57.625648,29.97,2015-10-05 23:36:14,e04b13af-861f-4a88-a981-c3e48b43f78b
71.25965,57.636073,30.16,2015-10-05 23:38:45,32aeaf40-c400-42c5-9a64-b66e3c50610e
71.253833,57.646858,30.14,2015-10-05 23:41:15,5229a99e-01a6-4f12-bad4-7a7424ae4adf
71.247917,57.657658,30.1,2015-10-05 23:43:45,0e8c8c01-d61a-4b17-b3fa-4cbb4b00c4fb
71.24205,57.668263,30.12,2015-10-05 23:46:16,4646626b-2039-49ad-acb3-65a123c7c72d
71.2362,57.679052,30.12,2015-10-05 23:48:46,cb8fdfce-4664-488b-8fc5-977d685da5bc
71.230383,57.689672,30.15,2015-10-05 23:51:17,ca709628-e6b7-4956-be5f-60a9d26febf5
71.224583,57.70037,30.16,2015-10-05 23:53:47,fb4e82fa-b19a-46d9-9878-c67765783ef3
71.218733,57.7106,30.15,2015-10-05 23:56:18,e41977ab-378f-4f12-8521-93c99af8bef0
71.212817,57.721027,30.15,2015-10-05 23:58:48,36c2257a-24c7-4e03-84b6-2cb6fe71d919
71.206883,57.731525,30.16,2015-10-06 00:01:19,c1ef2d57-1808-4b67-a630-f04db63d765a
71.2009,57.742055,30.18,2015-10-06 00:03:49,cb95b08f-e383-46ca-b78f-9ff9ef563ce2
71.19495,57.75234,30.13,2015-10-06 00:06:20,c54d640a-0886-4579-a41a-2c177d3569cd
71.188983,57.762882,30.1,2015-10-06 00:08:50,21083aa3-385a-429f-91a1-6d4215beb9f0
71.18295,57.77326,30.17,2015-10-06 00:11:20,52c53371-0e3f-47d4-9206-2ef2010fa21c
71.176883,57.783608,30.17,2015-10-06 00:13:51,5584233a-2ea7-44cc-9d82-640719cad865
71.1708,57.794063,30.18,2015-10-06 00:16:21,a3175c7d-ac34-4e6a-9946-67482a632fd1
71.164767,57.804427,30.19,2015-10-06 00:18:52,d2b66cba-7a6e-4e5d-80c2-8890046ad7f5
71.158733,57.814823,30.23,2015-10-06 00:21:22,33002983-ab2a-4e30-8a17-7f5d3b9b75aa
71.152783,57.824953,30.25,2015-10-06 00:23:53,13966399-540f-47bf-9398-9774aebf5d2c
71.146767,57.83504,30.31,2015-10-06 00:26:23,50fc0603-9d78-4949-a3bd-7907feb50cae
71.140783,57.8452,30.31,2015-10-06 00:28:54,3360bd79-bc5f-409c-919d-6ef6f8fa50e0
71.134783,57.855585,30.3,2015-10-06 00:31:24,d78c794d-f41d-4ed9-9925-830bea21aa00
71.128733,57.86606,30.37,2015-10-06 00:33:54,5b8b2216-906c-41e2-9ec0-d82833b4c640
71.12255,57.87658,30.36,2015-10-06 00:36:25,fe8e65ec-c3ce-4b17-9f57-83fcda2de8dd
71.116383,57.887122,30.35,2015-10-06 00:38:55,eb360f29-53a8-4dec-9859-31e06c6be6b1
71.11015,57.897362,30.33,2015-10-06 00:41:25,0b5b0eac-6e14-4cfd-9478-b275263e6cfa
71.103983,57.90724,30.29,2015-10-06 00:43:56,04da2500-b6c0-47db-b666-7302937f3508
71.097867,57.917095,30.27,2015-10-06 00:46:26,9dee1b3f-54a3-4e96-96b7-9e1e76873dc7
71.0917,57.926855,30.25,2015-10-06 00:48:56,8919e852-9c92-4d5c-889e-dcff0f769f43
71.0855,57.936603,30.23,2015-10-06 00:51:27,470e2637-9978-4f45-ba93-a55972871306
71.07925,57.946233,30.21,2015-10-06 00:53:57,a86a4085-60e1-480c-9b03-367954c564f8
71.07305,57.955492,30.2,2015-10-06 00:56:28,aafd7230-6ca4-4b36-995b-ed30d766770b
71.06675,57.964617,30.18,2015-10-06 00:58:58,59a7f665-67a2-4247-8f4b-e451bd9a5b2c
71.060533,57.97373,30.18,2015-10-06 01:01:29,a44cca99-09f0-408c-b57e-2fac740a0978
71.0543,57.982848,30.19,2015-10-06 01:03:59,8a6c3c9f-3206-4d85-b7b9-bddfff0c3f0a
71.048067,57.992082,30.18,2015-10-06 01:06:30,ac73c00b-3752-41e9-b619-f6207cd17d94
71.041783,58.00148,30.16,2015-10-06 01:09:00,5200ac1c-8318-4fc1-b113-bbbe1905b18f
71.0355,58.010793,30.17,2015-10-06 01:11:31,38bb3b5b-f3c4-43dc-a6c0-c4586a96f51e
71.029167,58.020297,30.18,2015-10-06 01:14:01,4fc5f63d-e2f1-4cec-8d87-5ef4639da7d6
71.02285,58.02946,30.06,2015-10-06 01:16:32,89ffce9c-984a-436c-8035-c6a11ee412bd
71.016617,58.038675,30.07,2015-10-06 01:19:02,4878a278-0203-485c-95b5-3d05835112c2
71.0103,58.047902,29.82,2015-10-06 01:21:32,f0c01560-c88c-4eb9-9a78-867b309c56a0
71.004067,58.056873,29.67,2015-10-06 01:24:03,4cc3b7d6-dbea-46e1-9e4f-11c3cb47c21b
70.997783,58.065967,29.53,2015-10-06 01:26:33,d8f5780c-d0c5-4578-9e8d-d9a698d07691
70.991583,58.0752,29.45,2015-10-06 01:29:04,3683fbc7-2953-4251-92c5-4f71214de6f9
70.985333,58.084542,29.38,2015-10-06 01:31:34,b5399abf-3285-4749-94ba-84aeb37f2d2c
70.979083,58.093628,29.33,2015-10-06 01:34:05,6c59c9e9-c151-4df4-90f9-be764a89b3bd
70.972833,58.102473,29.29,2015-10-06 01:36:35,12c014fa-556b-4de3-a175-b0d6ad940a7c
70.9666,58.111295,29.3,2015-10-06 01:39:05,a49a5b4b-9d85-41f6-93a8-3add04c6782e
70.960433,58.119875,29.31,2015-10-06 01:41:35,e3375e3b-0aa7-47d2-957c-01f657d45db2
70.954333,58.128482,29.24,2015-10-06 01:44:06,2a05882f-5cb8-4fb2-98bc-684983da43f3
70.948317,58.137723,29.21,2015-10-06 01:46:36,a92df239-019f-4b5b-bba7-2bded561d17a
70.942317,58.147288,29.19,2015-10-06 01:49:06,945fdb36-b4f4-454b-963c-937c9971d784
70.936383,58.156617,29.25,2015-10-06 01:51:37,6e37ab27-ca64-4b3e-b9d3-fd53a76342b5
70.930783,58.166532,29.3,2015-10-06 01:54:07,cc531cdc-dfcf-4668-b680-388978e18127
70.92545,58.1775,29.26,2015-10-06 01:56:37,1403a460-23cc-413e-a6cd-fa9695521249
70.920317,58.18948,29.32,2015-10-06 01:59:08,21e9fbca-c566-4b8c-aaa6-15c4e56c9f24
70.91515,58.20149,29.4,2015-10-06 02:01:38,71d674be-54dd-4557-a819-2ccdedaa84e8
70.910033,58.213452,29.49,2015-10-06 02:04:09,17f794c6-d07a-46a2-8a4b-bedbbf97a38f
70.905,58.225073,29.47,2015-10-06 02:06:39,c3d501a4-1018-4c31-997b-7f4df3363ddb
70.899967,58.236582,29.49,2015-10-06 02:09:09,b32221ab-e5cc-4e7c-a283-05d5a710acfa
70.895483,58.249338,29.48,2015-10-06 02:11:40,09276b0a-4c22-43eb-9102-c3b6abb28145
70.890967,58.26213,29.46,2015-10-06 02:14:10,954c201a-6812-4142-a64b-da85756ba9ed
70.886533,58.274107,29.4,2015-10-06 02:16:41,a5eb48cd-9a3d-4cf4-9488-c75483afc21e
70.882383,58.285317,29.46,2015-10-06 02:19:11,2353d88a-b515-4920-9b21-6e4567d92797
70.8816,58.294273,29.54,2015-10-06 02:21:42,51f7e81f-0790-41ac-ba1a-b2613e3b9684
70.87055,58.359762,29.78,2015-10-06 11:01:01,47caf4ac-1358-408a-a15d-5173f3c3bfc0
70.867133,58.376133,30.05,2015-10-06 11:03:32,7afb1f11-b7aa-4b0b-9f0d-542bb0f16b1c
70.863667,58.392603,30.07,2015-10-06 11:06:02,8c414377-377e-4265-a497-f895d91b366e
70.859917,58.408768,30.1,2015-10-06 11:08:32,c6e9e53e-b1b6-48ae-90e0-d5aee90d6695
70.856267,58.424838,30.24,2015-10-06 11:11:03,83bd6b11-8624-478f-b7d5-0d0f85abb674
70.852567,58.441273,30.32,2015-10-06 11:13:33,cf210b5e-d777-486f-8251-377e7dd96a56
70.8489,58.45773,30.37,2015-10-06 11:16:04,c133bded-111b-4e6f-8af4-80585661190c
70.8453,58.474625,30.51,2015-10-06 11:18:34,6f544b25-02a5-4820-92bd-409b4f80327f
70.841817,58.491512,30.6,2015-10-06 11:21:05,0ea5fb4d-096f-4af9-a373-c20ae7faf813
70.838167,58.507935,30.65,2015-10-06 11:23:35,4f557dfe-e584-434d-8d1a-f6c13970dc9d
70.834467,58.524202,30.67,2015-10-06 11:26:06,57091015-4055-450d-9556-b08dd205dd5f
70.83075,58.540287,30.7,2015-10-06 11:28:36,6d0d72ca-9c6d-406a-9ab3-254713d478bf
70.827017,58.556522,30.71,2015-10-06 11:31:06,557a9e51-7982-4239-ae47-a73b01d2c4e3
70.823283,58.572307,30.72,2015-10-06 11:33:37,8301427a-80b2-409e-a9d2-04e97f682a0c
70.81945,58.588188,30.72,2015-10-06 11:36:07,d7115bca-212e-43a0-9c1f-0598c2d806fa
70.8157,58.604248,30.71,2015-10-06 11:38:38,4c66f48e-a7d6-4ccb-949b-946535b1fa4e
70.811917,58.62055,30.71,2015-10-06 11:41:08,261f8d88-b231-4246-9f13-0d273428ea0c
70.808233,58.636712,30.84,2015-10-06 11:43:39,b1ebf12a-1e21-4941-92ce-7bfb03d848a0
70.804517,58.653122,30.97,2015-10-06 11:46:09,df5c33fb-86f5-4f1a-b66f-b190ea945f00
70.800883,58.66967,30.95,2015-10-06 11:48:40,4374a030-12d8-4986-9cb0-18f75871c6bc
70.797183,58.686152,30.98,2015-10-06 11:51:10,fbc838a3-ea7f-4eeb-8914-1722732d3339
70.793367,58.702802,30.97,2015-10-06 11:53:40,9c8d33cf-5d0f-4fe4-88a2-c30c56b4b4bb
70.789667,58.718988,30.96,2015-10-06 11:56:11,48bff657-9191-4751-a93f-8b24983a8e3d
70.7858,58.735768,30.95,2015-10-06 11:58:41,f33eb83f-b14e-44fa-9d90-f05111a12314
70.781967,58.75219,30.95,2015-10-06 12:01:12,89bc954f-6597-470c-a03f-6a2589509df9
70.778183,58.768527,30.96,2015-10-06 12:03:42,a1b1e513-71e9-46cc-ac44-cc8111c95cd9
70.774317,58.784862,30.91,2015-10-06 12:06:12,6c28fa82-fe29-49fe-b198-8106cb266454
70.77055,58.800938,30.92,2015-10-06 12:08:43,8e800ca5-ffc9-4910-b826-2fc7ab6a30d5
70.766667,58.817463,30.96,2015-10-06 12:11:13,6c0c4286-510a-4ee2-bed3-6e66ee06c751
70.762833,58.833962,31.01,2015-10-06 12:13:44,c4b4c2f4-644b-44d9-876b-627935542245
70.758933,58.850805,31.14,2015-10-06 12:16:14,ccf4d5ca-58a8-460f-bffe-82fe6fde481f
70.754983,58.867707,31.23,2015-10-06 12:18:45,af925e7c-3a95-4088-96c6-b39935310773
70.751017,58.884148,31.25,2015-10-06 12:21:15,79188e4f-1d8a-4c9c-a1a1-4839b1dcd49c
70.7471,58.900583,31.26,2015-10-06 12:23:46,528730f2-7cd7-4c69-b34a-d349e26f9c11
70.74315,58.917137,31.28,2015-10-06 12:26:16,e6736705-4e06-4a9d-9770-52444f087d08
70.739217,58.93352,31.31,2015-10-06 12:28:46,a0fcda49-74e7-4af3-a8b8-abd853e6b0c6
70.7352,58.94966,31.37,2015-10-06 12:31:17,053eb153-617b-440d-b449-ef5398d76395
70.73125,58.965488,31.45,2015-10-06 12:33:47,dc2aa2fd-4d70-458d-9964-cc63f8da7345
70.72735,58.981472,31.37,2015-10-06 12:36:17,ac517802-7345-48d7-907b-0e8115ed95bf
70.723533,58.997522,31.41,2015-10-06 12:38:48,3e9e89ce-a2bc-4ef8-9e2b-f3308261ddd1
70.71975,59.014132,31.39,2015-10-06 12:41:18,a6eaaddf-efd6-40ca-9b11-cff8e1ec7bc3
70.716233,59.031197,31.43,2015-10-06 12:43:49,f0d1c840-82a5-48c3-a966-508d4b0a1385
70.71275,59.048112,31.38,2015-10-06 12:46:19,fd7aa7e1-3315-4814-8a3f-263571b277ae
70.709417,59.065233,31.45,2015-10-06 12:48:49,d71a07ab-cc6b-4d9a-bbbe-c5dd31f88931
70.706217,59.082538,31.49,2015-10-06 12:51:20,29cdff3b-24bf-4706-a1f6-d0cdca7724b5
70.7031,59.100105,31.44,2015-10-06 12:53:50,2965ba22-d112-4789-be90-575cede418ad
70.700167,59.11739,31.4,2015-10-06 12:56:20,0daffc01-8f06-4b2f-9fad-8a00bc1098a8
70.697383,59.134823,31.29,2015-10-06 12:58:51,c2f213f7-a3d3-4b07-9ade-8d23d0aa7d01
70.694533,59.151897,31.13,2015-10-06 13:01:21,fcb54adc-a37e-4cf2-aa39-fde8af29bab5
70.692133,59.168895,31.08,2015-10-06 13:03:52,ea46a824-ab68-401b-a7f7-4b952ddd4817
70.689867,59.1863,30.84,2015-10-06 13:06:22,411103ea-397d-41f2-adfb-eb6d91f900c4
70.687517,59.203715,30.74,2015-10-06 13:08:52,bbca6e88-295c-4145-9de4-15e5da15ca0c
70.6847,59.220148,30.67,2015-10-06 13:11:23,db3b7247-5c82-44f1-afc7-b3416170ca60
70.681583,59.236578,30.74,2015-10-06 13:13:53,04c64bd0-a6b9-4dd2-a89a-c3d9c072997f
70.67825,59.25219,30.79,2015-10-06 13:16:24,aef47600-29c7-428a-80f0-ede414dc810a
70.674833,59.268217,30.85,2015-10-06 13:18:54,ea9eb050-418a-4df8-a171-23f4550b0fbd
70.671483,59.28392,30.92,2015-10-06 13:21:25,0d8c32df-2992-40b9-b0ca-3f9bb8d27e24
70.668183,59.299793,30.92,2015-10-06 13:23:55,d82fc164-fe0d-4e19-a0b5-ec801ff421e7
70.664783,59.31515,30.98,2015-10-06 13:26:25,316bea95-715c-44bc-bc26-2868aa985552
70.661367,59.329388,30.98,2015-10-06 13:28:56,19a38122-9f42-420d-b9cc-85e781eb1623
70.6579,59.34362,30.98,2015-10-06 13:31:26,c89b271b-d4e7-4a92-a749-2b677e283e4f
70.6543,59.358383,30.96,2015-10-06 13:33:57,125a5955-8cc6-4e22-964f-b6702e178e6a
70.650733,59.372728,30.96,2015-10-06 13:36:29,70164091-86ea-48bf-977a-41e46e316f12
70.646983,59.387528,30.96,2015-10-06 13:38:59,31a5af4e-8254-4abb-8081-44effd191ecd
70.643267,59.402205,30.95,2015-10-06 13:41:30,d2d8ee1a-8687-4fd0-a219-4e2e75f1e39e
70.639517,59.416582,30.92,2015-10-06 13:44:00,49c2498a-7795-4298-aaba-87d828bd8c2b
70.635767,59.430663,30.9,2015-10-06 13:46:30,26bf4ceb-2241-4354-b58c-39ab28c026e8
70.6319,59.444833,30.91,2015-10-06 13:49:01,f40c5e38-b6a4-4f71-9b0a-d17f9cafd485
70.62795,59.459137,30.92,2015-10-06 13:51:31,a8443005-3cf6-451f-b5b5-556a0a6268e3
70.62415,59.47259,30.93,2015-10-06 13:54:02,36695c1d-53bc-4848-90bb-57462a5991ff
70.620433,59.485403,30.96,2015-10-06 13:56:32,01daf8bb-51f5-4edd-8008-6c765dda4c3f
70.6167,59.498095,30.95,2015-10-06 13:59:02,96ef3f4e-1337-4148-86ca-093fc61c6da4
70.612933,59.510643,30.96,2015-10-06 14:01:32,5411c134-2e12-4c8f-9ccb-b1dcac98c376
70.609483,59.523652,30.95,2015-10-06 14:04:03,13932827-8d1c-445f-a860-9f74809fd763
70.60585,59.536577,30.93,2015-10-06 14:06:33,05f76c40-ec2e-4cf1-93da-cb63f886269d
70.602317,59.549382,30.92,2015-10-06 14:09:03,2c4268eb-498f-45f6-8802-b579eb28500c
70.599267,59.561637,30.91,2015-10-06 14:11:34,3fccaf7c-1308-4eaf-81af-102dfa903a22
70.598483,59.568255,30.9,2015-10-06 14:14:04,b4cea7a5-2ac9-4fb1-8f79-5be474b2d6c8
70.642083,59.48555,31.0,2015-10-06 17:29:55,b7b2c1f2-8406-4d6c-bd78-ff19499609fe
70.647467,59.475697,31.02,2015-10-06 17:32:25,f19e905a-6561-4d95-aa5b-7437fb3f73eb
70.652967,59.465908,31.03,2015-10-06 17:34:56,da44d799-aab1-45be-8548-f70d861bb817
70.65835,59.456223,31.03,2015-10-06 17:37:26,0a425060-b4f7-4eb3-bf28-b619203fa3c8
70.66395,59.44656,31.02,2015-10-06 17:39:57,ed4fdf8b-c60f-4a6e-a2cb-7d95164724f7
70.669533,59.437035,31.02,2015-10-06 17:42:27,bcc3ad8b-9db1-49e1-9142-cb46fd7296c5
70.675017,59.427293,31.01,2015-10-06 17:44:58,3ab86512-3246-4a2e-8dfc-39765d5d6d2c
70.68055,59.417615,30.98,2015-10-06 17:47:28,688a8555-9f22-4d16-b0c0-e7d73163d32f
70.6861,59.407998,30.98,2015-10-06 17:49:59,49d02063-c3f6-43ba-948a-0db3fcab6149
70.691767,59.39834,30.98,2015-10-06 17:52:29,ca755f52-11b4-4694-8796-6b7534a8844a
70.697483,59.388748,31.01,2015-10-06 17:55:00,3a7eace6-94a6-4acd-b2e2-08d3b6ab9c7d
70.702767,59.378898,31.0,2015-10-06 17:57:30,05371ffd-fd58-4702-9096-db366072a440
70.708117,59.368942,30.96,2015-10-06 18:00:01,09957540-3fbc-46a0-90f0-23c472f36248
70.713567,59.35844,30.95,2015-10-06 18:02:32,a377919e-076f-4b4d-a511-b91b6146f603
70.719133,59.347713,30.96,2015-10-06 18:05:02,a9d87abe-a714-4010-a79c-e9913288556a
70.7247,59.336958,30.99,2015-10-06 18:07:32,485f1aea-3fc0-498f-8922-4922b56f1ae7
70.73025,59.325558,30.94,2015-10-06 18:10:02,b2703bc1-d58f-4491-ad93-6bc93aefc38f
70.735567,59.314238,30.92,2015-10-06 18:12:33,ee3c225c-4284-4aef-8ebc-8e54266202cc
70.740683,59.303615,30.85,2015-10-06 18:15:03,605db767-d012-4e76-8986-e111737d01a0
70.746033,59.29311,30.82,2015-10-06 18:17:33,9be47862-5b62-40c8-aeae-7b4221693cb3
70.75155,59.28235,30.74,2015-10-06 18:20:04,dcfd4ddd-029f-4b34-9f1f-b818ab40ee35
70.75695,59.271592,30.71,2015-10-06 18:22:35,b49bfa12-b23b-434f-aab0-fa1cfbded5a8
70.762183,59.260788,30.77,2015-10-06 18:25:05,ad3ec434-be62-4a77-9a2e-9e323bfb55e6
70.7669,59.25106,30.76,2015-10-06 18:27:36,72e50260-1a10-40c6-a4fc-4dbf7cab96dd
70.77205,59.240608,30.84,2015-10-06 18:30:06,04bf7198-2332-49d7-a025-66d895caef84
70.777467,59.229952,31.0,2015-10-06 18:32:37,a9772426-a09b-47b5-9d1c-b012f03827da
70.78255,59.218783,31.15,2015-10-06 18:35:07,672660ac-1d51-4dab-a935-0da550db9ac5
70.787517,59.207432,31.19,2015-10-06 18:37:37,c989f150-5712-4d97-bf8e-2a36b782f23c
70.7923,59.19684,31.17,2015-10-06 18:40:08,17b092bc-ca85-4ff3-84aa-d4966ab6b7e2
70.797217,59.186247,31.15,2015-10-06 18:42:38,7bde8c29-764b-49af-9db1-87860221502e
70.802,59.175987,31.16,2015-10-06 18:45:10,8c156062-63bc-4f8d-956e-2a987a29dced
70.80685,59.166298,31.12,2015-10-06 18:47:40,6ba571f6-5b2a-409d-bfc0-731757daef19
70.81135,59.157,31.09,2015-10-06 18:50:10,5ac76209-f461-4248-818e-5581a7975eff
70.815983,59.147778,31.06,2015-10-06 18:52:41,d4c79213-7752-483c-9ad1-11c100b9fbb9
70.820683,59.138133,31.03,2015-10-06 18:55:11,9714ad2e-5a08-494c-b47b-a55bb0c76be9
70.825283,59.128473,31.02,2015-10-06 18:57:42,01614026-3e65-45d7-9618-bfb2f44ead55
70.830067,59.119322,31.0,2015-10-06 19:00:13,529163a6-322d-4366-8bf4-302a61681891
70.834817,59.110037,30.97,2015-10-06 19:02:43,50298aaf-1ca7-4649-a896-d17fc8e8b0d3
70.839817,59.100597,30.94,2015-10-06 19:05:14,7d1b5db0-9287-42f2-8e86-ef699daec790
70.844983,59.090997,30.92,2015-10-06 19:07:44,9fa50431-98fb-407a-8b22-83a9a8a51016
70.850367,59.081032,30.87,2015-10-06 19:10:15,cdab15bd-b13c-4bb2-aa7d-69b6e2444383
70.855633,59.070992,30.83,2015-10-06 19:12:45,af1bc6aa-27b1-4c61-b1b8-b35790649dc0
70.860917,59.061137,30.8,2015-10-06 19:15:16,10d5fbe1-d245-4678-b29f-b6025105f32f
70.866167,59.051442,30.78,2015-10-06 19:17:46,06114ee9-356e-44d0-b32d-86daa8e23786
70.871433,59.041785,30.77,2015-10-06 19:20:17,d7680ffc-e39e-42c3-a77d-412142c02511
70.875683,59.033512,30.75,2015-10-06 19:22:47,7a25d88f-43b8-4a6d-8300-2e550ebc4095
70.878183,59.02756,30.74,2015-10-06 19:25:18,c36c9e45-fd37-40e2-8b1a-760ab75d7cdb
70.880183,59.02299,30.72,2015-10-06 19:27:48,dff5f67e-40aa-4018-ac57-9c2b7798329c
70.882967,59.020965,30.7,2015-10-06 19:30:19,5f9c45a2-2c63-463f-b33f-71890c8d178a
70.885917,59.019132,30.69,2015-10-06 19:32:49,d5182af4-c95e-4a41-9cf6-1f3d03fee23c
70.88785,59.005138,30.79,2015-10-06 19:56:24,01ed5eee-1028-4e75-bd80-06b1883428df
70.88635,58.996112,30.7,2015-10-06 19:58:54,1ec58acc-d439-4c59-906f-0fa816b50689
70.8821,58.984378,30.67,2015-10-06 20:01:24,b9cefed3-1c47-4d22-aa12-c4b052f0e1f6
70.877,58.97126,30.66,2015-10-06 20:03:55,a7e2f5f4-9617-4e01-bd95-b9099aa26aca
70.871717,58.957412,30.72,2015-10-06 20:06:25,1e1bcbea-7184-4965-87e6-662a00778683
70.866483,58.943705,30.84,2015-10-06 20:08:56,28723002-eb0e-44f8-bf3e-4fce6454719f
70.861283,58.92983,30.76,2015-10-06 20:11:26,ace965c7-bbb0-414e-a60f-3d656dc44044
70.856017,58.91614,30.73,2015-10-06 20:13:57,5c7597e2-af04-4c2e-acdc-cc843a355a2f
70.850783,58.902395,30.74,2015-10-06 20:16:27,52642cdf-997a-49df-a890-e890b40e843c
70.845517,58.888695,30.77,2015-10-06 20:18:58,b240079d-bead-4cff-bdfe-d253cf9d72a0
70.8403,58.874957,30.78,2015-10-06 20:21:28,8c5c31db-bd51-46aa-a636-bc0e51382520
70.835083,58.861075,30.8,2015-10-06 20:23:59,8036592d-54e9-471e-87eb-e12f96f58962
70.829933,58.847393,30.84,2015-10-06 20:26:29,82cd6037-dc48-4753-8366-7fd6de652ec0
70.82475,58.83367,30.93,2015-10-06 20:29:00,0e2df631-e6d4-4748-8590-e796ec9ad3dd
70.819583,58.820148,30.95,2015-10-06 20:31:30,f4d0e293-86fc-4524-ae53-612eb3d8b55e
70.814417,58.806558,30.88,2015-10-06 20:34:00,5ee0307c-b59f-42b6-9068-cd0fce883001
70.809217,58.792867,30.83,2015-10-06 20:36:31,6397aa12-fca5-46d2-9840-686929e8003c
70.8041,58.779143,30.79,2015-10-06 20:39:01,b74bb7c5-fabb-44e4-aa27-6b4cc93733f2
70.799,58.765265,30.77,2015-10-06 20:41:31,a5ce2144-a92c-4146-a45f-80b08d3be14c
70.794067,58.751498,30.75,2015-10-06 20:44:02,be62cf4d-ddc1-4a7e-a14c-120de1cde858
70.789117,58.737698,30.81,2015-10-06 20:46:32,ec7c3824-2e64-4cdb-bc27-dfe1d85254d2
70.784267,58.724362,30.88,2015-10-06 20:49:03,56fcee5a-1ee7-4d9c-9545-ab7e77ce59f9
70.779383,58.711057,30.91,2015-10-06 20:51:33,4b2edf97-a16d-4292-931f-9b660f9f883f
70.774483,58.697818,30.95,2015-10-06 20:54:04,d9448076-3639-4fe3-8e43-227b9dd07305
70.769767,58.685072,30.97,2015-10-06 20:56:34,7738a898-c766-404a-807e-e948e4f636e8
70.766083,58.675062,30.95,2015-10-06 20:59:04,af3ffb00-7e83-4687-96db-8cd496f111ec
70.763567,58.667813,30.98,2015-10-06 21:01:35,7c91a364-be09-4e8c-a059-d4b1ae20139f
70.7619,58.664262,30.98,2015-10-06 21:04:05,55d5a988-ec73-493b-a6fd-9643eb5e7b43
70.760633,58.661632,30.99,2015-10-06 21:06:36,a7359f8b-0eb6-49d8-ad79-7ef19ef40e32
70.75955,58.658562,30.99,2015-10-06 21:09:06,748f72bf-81eb-4344-b59f-b5f2c1b6803f
70.757433,58.648072,30.98,2015-10-06 21:16:37,f83a8338-ec04-4ebf-9a85-6b2427d985e3
70.756683,58.642587,30.99,2015-10-06 21:19:07,62413ae3-1c43-4187-a9dd-326c842b6acf
70.754933,58.63744,31.03,2015-10-06 21:21:38,b6626a8e-046a-4847-8c5d-1abd709818a7
70.75285,58.633607,31.0,2015-10-06 21:24:08,b4d2871e-4679-4373-ba47-f631ae36089c
70.750633,58.629725,31.01,2015-10-06 21:26:39,7506c671-2a05-4625-8ab2-d217685f5e41
70.74845,58.625928,31.01,2015-10-06 21:29:09,65a2802f-2e55-4ccd-a767-53fd60f63e10
70.746267,58.622035,31.01,2015-10-06 21:31:39,c5addfc6-6ae9-40cb-b5ef-e4a620d72070
70.74405,58.618278,31.01,2015-10-06 21:34:10,26a67e1e-c76b-4167-abf7-34849f5cd324
70.741867,58.614445,31.01,2015-10-06 21:36:40,1de4ef3a-dd7f-4efb-87eb-567722d9dd9e
70.739667,58.61067,31.02,2015-10-06 21:39:11,30f992a4-618c-438c-9f81-6fea57e03644
70.737283,58.606752,31.04,2015-10-06 21:41:56,7470b25b-71a0-4e88-91e3-ed01471a2353
70.735117,58.603035,31.12,2015-10-06 21:44:27,74842927-f6f3-409c-b4fa-5d354fe2b308
70.73305,58.599495,31.21,2015-10-06 21:46:57,e95761da-0806-4a42-b932-5c25661c7f75
70.730933,58.595787,31.24,2015-10-06 21:49:27,fc12b308-e7fb-4c4b-979e-a2594ee7ebb7
70.728883,58.592195,31.28,2015-10-06 21:51:58,5f5f226c-52fa-412f-9cf1-4019440f5b3b
70.726817,58.588412,31.31,2015-10-06 21:54:28,4e58c3bc-fe13-4398-b7ee-d225894e34be
70.724883,58.584622,31.34,2015-10-06 21:56:59,adb9634d-217e-4649-ab76-f1938520b912
70.722967,58.580753,31.37,2015-10-06 21:59:29,bea7ad11-064e-4c81-8f1a-8bec17398786
70.720983,58.577093,31.39,2015-10-06 22:01:59,16388cb7-74fc-41f9-aa57-9bed7f49129d
70.7191,58.573433,31.41,2015-10-06 22:04:30,8b10c2ff-efa5-48f6-a3ae-8d198da50c41
70.71725,58.569588,31.44,2015-10-06 22:07:00,b23ca49c-d60a-4af8-b728-c9fa259e2b0c
70.714783,58.564345,31.47,2015-10-06 22:09:31,81267d37-6601-4c6a-ae0b-2464482bf1d1
70.711867,58.558487,31.53,2015-10-06 22:12:01,c7a4b4ee-315c-4140-bc51-ffab38dbb067
70.708933,58.552997,31.53,2015-10-06 22:14:32,83672c00-8595-4d14-b6bf-2c2d40d4af2e
70.70595,58.547517,31.5,2015-10-06 22:17:02,ddbb8ee2-4c3f-4806-a0ff-d1f155009612
70.703,58.541857,31.47,2015-10-06 22:19:33,616b1240-0f14-4913-babf-4ab5a880e824
70.7001,58.536238,31.48,2015-10-06 22:22:03,c2ad2f70-fa68-47e2-ab1d-33c414fa6cd3
70.697167,58.530368,31.48,2015-10-06 22:24:34,975faf8b-88fd-425a-ab2d-bff3cad5ffa0
70.69425,58.524795,31.5,2015-10-06 22:27:04,a0aa1dc4-c08e-4570-ab86-2b0a63d3ffb2
70.691217,58.51934,31.52,2015-10-06 22:29:34,b803f929-67a8-4412-af28-a2547c0dd2cb
70.68825,58.513843,31.48,2015-10-06 22:32:05,6fcbd9c9-9b91-4921-a97d-a5db3d4339ad
70.685317,58.50801,31.47,2015-10-06 22:34:35,8a695a21-51ea-4684-8495-e43a9d6852b1
70.682333,58.502417,31.48,2015-10-06 22:37:06,df8159a2-ed97-43fe-8b52-24e371d4588c
70.6793,58.497245,31.49,2015-10-06 22:39:36,8eaba9a1-2573-4c7d-a85a-9a7ca5182bf0
70.676383,58.491672,31.49,2015-10-06 22:42:07,bce4c152-9393-4710-b7b7-9dafae79fab1
70.673417,58.486157,31.5,2015-10-06 22:44:37,1ec723a5-b4b4-4ccf-8a6b-82abe02cda66
70.670467,58.48041,31.52,2015-10-06 22:47:08,8bf8b472-28fd-45a5-a4ae-08746e220101
70.66745,58.47503,31.52,2015-10-06 22:49:38,6ccfaf1b-a2e9-4768-a5e4-c96d5c1cee2a
70.66445,58.4696,31.46,2015-10-06 22:52:09,7495f92b-291f-44fa-9957-5cee260d1657
70.661367,58.46421,31.46,2015-10-06 22:54:39,e6aa7a0a-9838-4cbd-a335-62bf354024e7
70.658367,58.458877,31.42,2015-10-06 22:57:10,63dedade-ea85-4c7e-a2ea-5f8805159ec1
70.655367,58.453348,31.48,2015-10-06 22:59:40,2fbd1c68-d28a-4f94-a4ba-ce5b98271f0b
70.652433,58.447545,31.53,2015-10-06 23:02:10,492f107a-dba0-4c84-aa3d-b2c085f7c4eb
70.649467,58.442025,31.48,2015-10-06 23:04:41,a3485c7d-36cd-4f55-8497-1930e9467c32
70.64645,58.436665,31.49,2015-10-06 23:07:11,890e7d12-0d5f-412f-b70d-aa044751bc1d
70.643483,58.430912,31.49,2015-10-06 23:09:42,e1e06b19-55c8-4c24-babd-cd1eb8991659
70.64055,58.425013,31.45,2015-10-06 23:12:12,6481b5f9-05ad-4325-a7ce-52fc7fe9b38d
70.637567,58.4192,31.44,2015-10-06 23:14:43,962e8041-6736-4ac0-8733-7c250ff51c90
70.634567,58.41325,31.46,2015-10-06 23:17:13,276e6e62-2ae7-47d0-95be-ac0db7d184b5
70.63155,58.40748,31.51,2015-10-06 23:19:44,858407aa-38b8-4c8d-a01c-11a29fa2efe8
70.628567,58.401823,31.55,2015-10-06 23:22:14,60aebe0f-3449-476a-affb-d620c89e1422
70.625617,58.396402,31.51,2015-10-06 23:24:45,aab0da5f-1134-4c84-abe2-30b820b18873
70.6226,58.391128,31.52,2015-10-06 23:27:15,8c45313a-b725-4c55-ae18-459cf61d845f
70.61975,58.385362,31.54,2015-10-06 23:29:45,96fb43b0-3b0e-4edb-abe1-74f6a4fff42a
70.61675,58.379615,31.46,2015-10-06 23:32:16,43f0c21c-36c6-47ce-b30b-430ab2ea2ec0
70.61375,58.373515,31.4,2015-10-06 23:34:46,f622afe1-64a2-436e-99eb-0da9cb85b0c1
70.610767,58.367707,31.3,2015-10-06 23:37:17,842ffcdb-d4dc-4dd0-ba34-9aaed0817c2c
70.6078,58.361903,31.2,2015-10-06 23:39:47,01670b3a-e1a1-45c2-a4b2-cd7e461fa224
70.604917,58.356183,31.18,2015-10-06 23:42:17,284a8de5-64fa-4db9-90eb-2ce45a117350
70.601967,58.350168,31.13,2015-10-06 23:44:48,bdc4fc0c-bfbe-4fdf-983c-f7fe180b511a
70.599117,58.344035,31.12,2015-10-06 23:47:18,31b5b0a0-863b-4396-94ca-2405c5ec1a95
70.5962,58.338498,31.14,2015-10-06 23:49:48,90220a32-3bcb-4273-b8c6-ca0c14a8e2d0
70.593267,58.332537,31.14,2015-10-06 23:52:19,001f1b93-22bd-46ff-84ac-b931bcd0d84d
70.590233,58.326822,31.15,2015-10-06 23:54:49,1f0e908a-7510-4b33-be32-7ada25affc17
70.58725,58.321038,31.16,2015-10-06 23:57:20,5b0284a5-f508-4d2d-ba04-ff418f0be387
70.584283,58.315233,31.14,2015-10-06 23:59:50,447698ab-226a-47bb-9b4d-1f4e73891978
70.581367,58.309248,31.15,2015-10-07 00:02:20,d9b87e2b-1a38-4190-bf2d-28999df33206
70.578367,58.303487,31.16,2015-10-07 00:04:51,41e85d40-6422-4a23-8540-4a6536011f59
70.5754,58.297502,31.15,2015-10-07 00:07:21,d140ba47-a75e-40b8-82bc-56fbc8a7c7b5
70.572367,58.29165,31.15,2015-10-07 00:09:52,fed0d224-2500-4ef2-b69b-944803d46922
70.569367,58.28572,31.18,2015-10-07 00:12:22,f876f04d-3917-4ec8-90eb-4bc79a5c473f
70.56645,58.280065,31.19,2015-10-07 00:14:52,d3c106a7-0d0e-4a72-bed4-2a853d7e0a66
70.5635,58.274363,31.17,2015-10-07 00:17:23,dd3fbe41-e220-4a94-8e74-f3498a601900
70.5605,58.268662,31.14,2015-10-07 00:19:54,f82fdb0c-3705-46d7-a3c3-693907f25f26
70.5575,58.263152,31.08,2015-10-07 00:22:24,49bc769c-0948-4501-afa9-5ab34987d66f
70.554533,58.257463,31.07,2015-10-07 00:24:55,97942d19-f04d-46b3-a5d1-ae1e64c023d9
70.551583,58.251545,31.04,2015-10-07 00:27:25,3b2860fc-e531-4947-8dbd-c7b4b65af870
70.548633,58.245757,31.04,2015-10-07 00:29:55,4a52d356-d065-4837-88b4-384806229751
70.545817,58.24013,31.05,2015-10-07 00:32:26,488ca957-559c-4646-9b1b-73e7d543b803
70.542783,58.234197,31.04,2015-10-07 00:34:56,b53616db-ae5b-479b-880b-467b505f6eee
70.539767,58.228167,31.04,2015-10-07 00:37:27,8742b3b1-ea6b-4ed5-abfd-13aa81769f87
70.536783,58.222188,31.03,2015-10-07 00:39:57,1ab9b280-f604-4204-8bf9-924f44858992
70.533817,58.216235,31.04,2015-10-07 00:42:28,4ba20eff-4323-4dae-842f-3657ba98f09e
70.530833,58.210342,31.06,2015-10-07 00:44:58,97b9027b-326f-49ee-902f-19729d741353
70.527867,58.204505,31.06,2015-10-07 00:47:28,f0283d9d-8378-436f-a757-00b47a6010b7
70.524917,58.198677,31.05,2015-10-07 00:49:58,a8917dbe-a3ba-49bf-8a5f-17665c134cc4
70.521883,58.192828,31.04,2015-10-07 00:52:29,3f6a860e-5aca-4165-9481-285da3b421ab
70.518933,58.186917,31.03,2015-10-07 00:54:59,c7817358-049b-4854-b719-60bdc032684e
70.515967,58.180987,31.0,2015-10-07 00:57:30,b2a09b4b-6e83-4700-ac14-fdfa80f696b2
70.512917,58.175178,30.99,2015-10-07 01:00:00,6db47598-96fa-4a76-82a9-c4bfb75b1da1
70.509883,58.169367,30.99,2015-10-07 01:02:30,5db9480b-3f0d-4055-b4f9-12129c7a613b
70.5068,58.163562,30.97,2015-10-07 01:05:01,eb06a6e7-2273-462d-9afe-483a02d8f69b
70.503717,58.157765,30.99,2015-10-07 01:07:31,0ac046c5-0f96-4910-b997-a95b8b150db9
70.5007,58.152063,31.0,2015-10-07 01:10:02,08798eb1-8dae-4540-8317-cf52c335d2f7
70.4977,58.146245,30.96,2015-10-07 01:12:32,7a8abc8d-86e0-4032-95e6-d6faf7e3236f
70.4948,58.140372,30.95,2015-10-07 01:15:03,9a68b1f6-3c01-446d-bf80-f2808a2d76a1
70.491833,58.13444,30.92,2015-10-07 01:17:33,87b195e6-1e97-486c-b6da-575d9e53e38d
70.488817,58.12879,30.89,2015-10-07 01:20:03,af0cc222-6414-454e-bc0a-7161808ddd9f
70.4858,58.122782,30.81,2015-10-07 01:22:34,e8a22407-257b-4d5d-8e2b-0673c7b60768
70.482867,58.117145,30.77,2015-10-07 01:25:04,0d253af4-b758-44d6-b891-ef5678c6c334
70.479933,58.111307,30.76,2015-10-07 01:27:34,b49191b1-5cc0-4fb1-a9fa-17c8bce25111
70.476917,58.10546,30.74,2015-10-07 01:30:05,5fd3cd4f-3f40-4f6d-a630-72a678f924ec
70.473833,58.099268,30.75,2015-10-07 01:32:35,cba1ab3f-1b1f-44a5-b5b0-0c51c4a84917
70.47085,58.093478,30.75,2015-10-07 01:35:05,ac1e4ef9-9140-4d79-ba98-6fd40d107d9d
70.467867,58.087702,30.73,2015-10-07 01:37:36,27dc64bc-3a8d-4399-9346-cc1b135c67ea
70.464867,58.082162,30.71,2015-10-07 01:40:06,75473a47-652a-4735-8286-26f22583b954
70.461933,58.076675,30.7,2015-10-07 01:42:36,5cf817c5-f5bd-4ba6-a1ad-907cc819f161
70.458933,58.071275,30.7,2015-10-07 01:45:07,b89d1eaf-4d80-4c3f-b7d0-953774ff671f
70.456,58.065822,30.73,2015-10-07 01:47:37,de7e4421-30d5-49ef-b4eb-d7b97eef160f
70.453033,58.06025,30.76,2015-10-07 01:50:08,a0fb6a31-e113-4518-aa5a-423bd14f9b7c
70.449767,58.053958,30.76,2015-10-07 01:52:53,9387135b-a2bb-4fd0-84ba-6ec313ed67a8
70.446817,58.048105,30.75,2015-10-07 01:55:24,04f1dd96-4bdc-43c5-a167-f1968dd6a08c
70.443817,58.041963,30.74,2015-10-07 01:57:54,d0a9805b-7bec-47b0-ba17-f49367d5814f
70.440867,58.035953,30.74,2015-10-07 02:00:24,7c72a7a2-bd2c-47e7-8733-ee0eb28350dc
70.43795,58.029728,30.72,2015-10-07 02:02:55,13f6f763-f8e6-43f6-b2f1-d89582611b4f
70.435,58.02344,30.69,2015-10-07 02:05:25,b89cea86-c7cd-4095-ac63-08a1ccb5f0b0
70.43205,58.017332,30.68,2015-10-07 02:07:55,cdf1724e-6c72-4178-b783-f49632b16482
70.429017,58.011438,30.69,2015-10-07 02:10:26,97e0ebe5-9d2f-42b5-b19a-4088c3835cc8
70.4259,58.005718,30.71,2015-10-07 02:12:56,8fc73bdf-3991-44de-b25f-e6db016e0def
70.422783,58.000062,30.71,2015-10-07 02:15:27,8bccd82f-00f2-4993-a09c-20836ed667da
70.419667,57.994793,30.72,2015-10-07 02:17:57,f6972822-04f0-47bf-a14d-3d1c82716dfc
70.416467,57.989605,30.75,2015-10-07 02:20:27,e8b57f0b-8944-4460-a307-b27377828bd6
70.413267,57.984498,30.72,2015-10-07 02:22:57,c006aa7a-f7aa-4087-8cce-83bee74d91b2
70.410117,57.979518,30.64,2015-10-07 02:25:28,6d6adce7-2fd4-4115-87f5-820866b95c9b
70.407117,57.97459,30.58,2015-10-07 02:27:58,2a2b878b-6d2c-4fa1-9d53-7ebdef5e5c1a
70.40405,57.969338,30.55,2015-10-07 02:30:28,fef612ef-0bf1-46a3-94e2-59c48d7f26b8
70.400917,57.964272,30.55,2015-10-07 02:32:59,4323997d-8c81-4980-93d5-7cdea391b823
70.39765,57.959985,30.54,2015-10-07 02:35:29,be7a23d9-325e-49ea-ac53-beac35662b16
70.3943,57.956655,30.54,2015-10-07 02:37:59,e748935d-088e-4717-868d-08e6b72f9a5d
70.390867,57.953418,30.48,2015-10-07 02:40:30,1f2b0158-30b4-432d-ab46-91fe919d3759
70.38755,57.950463,30.45,2015-10-07 02:43:00,8744ceea-4d28-4201-a45e-0b3a26a09955
70.38425,57.947973,30.41,2015-10-07 02:45:31,43a46030-5fa7-4389-91c2-b8ffe589551d
70.380867,57.945657,30.42,2015-10-07 02:48:01,15fe1d88-a674-4b46-b984-d6e6d530440b
70.377483,57.943363,30.45,2015-10-07 02:50:32,c86c18cf-c4fe-4563-ab53-f57753c956f0
70.374083,57.941048,30.45,2015-10-07 02:53:02,1c9c22cf-8045-4317-b92e-32287fce12b8
70.37065,57.938772,30.44,2015-10-07 02:55:32,a7e9c13a-e2b5-41d5-8042-9d266085246b
70.367133,57.936623,30.43,2015-10-07 02:58:03,f66db17b-1e20-43a9-b3e7-5cd602b15ce8
70.36375,57.934487,30.45,2015-10-07 03:00:33,fbaeb88e-a2a6-43c2-9c19-0dec818a637f
70.360383,57.932223,30.47,2015-10-07 03:03:03,89f156b6-8fed-4413-8755-6bde08853274
70.357017,57.930192,30.49,2015-10-07 03:05:34,5b9b4013-4956-4f93-b6e5-b487323c68f7
70.35375,57.928085,30.53,2015-10-07 03:08:04,1256fa9a-6d16-47cd-a5cf-b545c0b913cf
70.350367,57.926183,30.58,2015-10-07 03:10:35,c8a32b8e-4c05-49bd-af4f-4b5b5f4c5119
70.346833,57.924073,30.65,2015-10-07 03:13:05,74c5005e-63bf-4b91-929c-5dba3c1d8544
70.343217,57.921827,30.64,2015-10-07 03:15:35,a024ef5d-54b0-4dd4-950f-edabda096524
70.339817,57.919597,30.63,2015-10-07 03:18:06,d1fa1f65-8c3e-4cb9-9cfc-e0c01fceb5f7
70.33635,57.916802,30.67,2015-10-07 03:20:37,f659c010-772b-47a2-aa4c-e646ca46834a
70.332933,57.91279,30.71,2015-10-07 03:23:07,522938ec-cdf0-42e7-a79c-b96dc5bc04d3
70.329667,57.908555,30.79,2015-10-07 03:25:37,ad6dcdc2-47bd-4cd0-8940-c739d51887cc
70.326433,57.904503,30.87,2015-10-07 03:28:08,cd07341d-e33b-46a5-8f67-5a270aed71c1
70.32325,57.900633,30.96,2015-10-07 03:30:38,276c48c8-9e4b-4e68-9444-da6aada17756
70.3201,57.896198,31.07,2015-10-07 03:33:09,0d5fffa3-d038-4800-8c9d-8b345dc5edbe
70.316917,57.891527,31.2,2015-10-07 03:35:39,a950aadf-699b-459c-91fd-0821f5756b3a
70.313717,57.887072,31.29,2015-10-07 03:38:09,e55fd0ff-920f-47a8-ac50-129781ea3fde
70.310433,57.882612,31.4,2015-10-07 03:40:40,a820d1da-fcf7-415f-a4ad-232fba366940
70.307183,57.87809,31.5,2015-10-07 03:43:10,094ce05e-d34a-48b2-aad1-aa2276bd97d5
70.303983,57.873622,31.59,2015-10-07 03:45:40,7e919bda-369e-4118-8174-7627cd53c86b
70.300917,57.868845,31.66,2015-10-07 03:48:11,bd9f15a6-d297-480d-b75c-8555fe0c34ba
70.29785,57.864217,31.7,2015-10-07 03:50:41,650c360b-e456-4650-8f5a-c3b381f9a507
70.29475,57.859712,31.73,2015-10-07 03:53:12,2f6b7aed-b350-467f-97c3-6ce7294d3059
70.2916,57.855342,31.74,2015-10-07 03:55:42,f693ae19-57a6-43c8-a968-af8e98287965
70.2885,57.850753,31.68,2015-10-07 03:58:12,1a383402-460f-4737-8976-8bd5f7f4861c
70.285333,57.846038,31.65,2015-10-07 04:00:43,9a7704e1-8e4e-4878-8917-0a6232b278e1
70.2821,57.841157,31.62,2015-10-07 04:03:13,7440069a-a929-49f5-9176-d1a34bd5936f
70.27885,57.836535,31.61,2015-10-07 04:05:44,661c2ea5-3f3f-4161-b203-bda436ac5edc
70.275667,57.831937,31.6,2015-10-07 04:08:14,62b2b317-2e2f-4cd9-ace5-30183be0e3c8
70.273167,57.825637,31.59,2015-10-07 04:10:44,4feadfbe-432d-4eab-8937-191400153c79
70.271017,57.81767,31.6,2015-10-07 04:13:15,cb4b5f49-b642-454d-b44c-02b81cbdf382
70.26875,57.809542,31.59,2015-10-07 04:15:45,c0667a11-89f1-4bbd-9855-27b025c61111
70.26645,57.801498,31.6,2015-10-07 04:18:16,42a01f9f-df67-4758-8f2f-bd5a1378f7f7
70.2641,57.793817,31.6,2015-10-07 04:20:46,6c826e9e-9615-445a-8b24-5d81d82e25a7
70.261717,57.786012,31.61,2015-10-07 04:23:16,8346747f-71b3-4ba4-8d40-0f80a3f6af3d
70.259383,57.778152,31.6,2015-10-07 04:25:47,12515e7f-6d1c-4a9d-804d-ef8ff334cc41
70.257183,57.770438,31.57,2015-10-07 04:28:17,fc153708-a0db-44c2-8469-7e504535afb4
70.25515,57.762428,31.53,2015-10-07 04:30:48,7f62659d-a42c-4fdb-8277-877a9f3ddd7e
70.253067,57.754025,31.55,2015-10-07 04:33:19,f9674cd6-7366-449a-815d-3538f8949a95
70.250967,57.745745,31.51,2015-10-07 04:35:50,33f2ca43-6605-49a6-b709-9adde2dc888d
70.249,57.737485,31.41,2015-10-07 04:38:20,c1525b71-acbd-4f0b-bdcc-4e53d4355a2c
70.246917,57.729152,31.37,2015-10-07 04:40:50,a34d13fe-7ff0-44a0-8339-75f3e9471575
70.244783,57.720977,31.34,2015-10-07 04:43:21,49882ee7-882b-49a9-9952-e99aa2ad3c65
70.242633,57.712902,31.36,2015-10-07 04:45:51,16dfe336-698a-4f25-9d39-50fd3c586040
70.240467,57.704768,31.39,2015-10-07 04:48:22,49863b83-5088-4110-a4c6-d30de6f6f803
70.238333,57.69673,31.41,2015-10-07 04:50:52,910837dd-3ad8-4eb9-bcf8-a54e19d90258
70.236133,57.688717,31.43,2015-10-07 04:53:23,3311b923-c5f1-4109-97e0-b6d8aadcd8dd
70.23395,57.680955,31.46,2015-10-07 04:55:53,ba6444ee-3d76-4487-a94d-2f03aa37b0bb
70.231817,57.67333,31.46,2015-10-07 04:58:23,a2574936-f5f8-4fc2-9962-a6f4f5fd574b
70.229633,57.665235,31.43,2015-10-07 05:00:53,b49c6bf2-956f-4174-b3ff-37aefc49a0ee
70.227317,57.657068,31.42,2015-10-07 05:03:24,f5f21922-9db0-4c5a-9deb-d4728f945588
70.225133,57.649095,31.41,2015-10-07 05:05:54,b61b2d97-2dd1-43d7-b5c8-e5bdc970b5ec
70.222783,57.641242,31.41,2015-10-07 05:08:24,40a6d5e1-b6bc-441f-b88e-16a3a1e41112
70.22055,57.6331,31.38,2015-10-07 05:10:55,d0f7904a-d567-473d-9655-33c489032b68
70.218367,57.625233,31.41,2015-10-07 05:13:25,d26b1574-a038-43bb-9e75-3260a5a8704f
70.216233,57.617127,31.35,2015-10-07 05:15:55,5699b1e4-6ec9-4eb0-8624-14628b20574d
70.21405,57.608893,31.33,2015-10-07 05:18:26,6a80b31e-325c-4796-991a-cb10e09a0de9
70.211917,57.600653,31.33,2015-10-07 05:20:56,a0c30d5e-339a-4c74-8d77-df247cf02104
70.209783,57.59235,31.38,2015-10-07 05:23:26,3ab5343d-9592-4dc8-a160-312806964878
70.2076,57.584038,31.41,2015-10-07 05:25:57,39265f25-c113-461f-9070-8096cedc50d1
70.205467,57.57584,31.45,2015-10-07 05:28:27,468e1bc6-a69c-43e0-b9a1-e4d05c721c1d
70.203317,57.567487,31.44,2015-10-07 05:30:58,af8a9945-fe41-4594-9670-4009361b5b44
70.201783,57.561745,31.45,2015-10-07 05:33:28,d9c2b8a1-f703-4957-b4b7-94ccdd98a0ef
70.1986,57.554648,31.46,2015-10-07 05:42:00,9a9788a7-3509-46b4-856c-d4443b22fb40
70.200183,57.550872,31.47,2015-10-07 05:44:30,aa4bc530-c38e-4e60-9021-3cd4a27982a6
70.2013,57.557827,31.49,2015-10-07 05:47:00,3cfb2273-003b-4850-bb0b-c7d232502f83
70.202283,57.565338,31.48,2015-10-07 05:49:31,cb17c7ed-5c83-4ea7-93d1-7e38a07d3939
70.203117,57.572213,31.46,2015-10-07 05:52:01,b66d7840-63a1-4b21-9f99-a3e335f2fc27
70.204,57.579765,31.45,2015-10-07 05:54:32,a7e12ffc-49d2-4e7b-b94f-11d43fc6e532
70.205917,57.590035,31.45,2015-10-07 05:57:02,f56769dc-e702-40b1-a28a-55227fe0f637
70.208633,57.602523,31.45,2015-10-07 05:59:32,07df9097-7812-437e-86e1-dcffed2a7be4
70.211667,57.617592,31.39,2015-10-07 06:02:18,91d463a5-6d8b-4728-bbbf-674d4ef2cdaf
70.214083,57.631333,31.35,2015-10-07 06:04:48,27e86e83-0c47-48a2-9bf2-015060ceb029
70.2164,57.644892,31.36,2015-10-07 06:07:19,1e7247a7-0a8e-41e6-b17e-3f815225b636
70.218867,57.659073,31.41,2015-10-07 06:09:49,f88dfb10-a35e-417a-adbe-7dc2e5fa7318
70.221483,57.672797,31.4,2015-10-07 06:12:20,3fceeb91-3796-42b3-9d2a-7cbd13fc424e
70.224,57.686463,31.41,2015-10-07 06:14:50,d6297bfc-dfd7-4dd0-8037-3ca5562475d4
70.226567,57.700478,31.41,2015-10-07 06:17:21,98c108a0-44ba-49b6-a498-2892ce0f63ef
70.228817,57.714037,31.42,2015-10-07 06:19:51,c3b27cb2-d5ad-4076-8ade-685a5707c511
70.231283,57.726913,31.44,2015-10-07 06:22:21,65d0a9a8-85f5-47f5-b574-dafa42b8d73f
70.2338,57.739722,31.43,2015-10-07 06:24:52,7b5ac787-fb30-4a6b-a4fd-8ebb4d3500f2
70.2363,57.75252,31.44,2015-10-07 06:27:23,c6282277-67f0-4168-8572-a1d12cc672b6
70.238483,57.765007,31.41,2015-10-07 06:29:54,da90f0b0-f3d8-4adc-bdff-43f50ead33a2
70.240833,57.777382,31.38,2015-10-07 06:32:24,6dc4715f-3b2f-420e-82c6-16129da5583f
70.243467,57.790558,31.38,2015-10-07 06:34:54,4bfe35c1-a3fe-4bba-b719-0e9aed9678a3
70.245933,57.803168,31.39,2015-10-07 06:37:25,3f8fccd7-1dee-4531-b189-4004076b98d7
70.248683,57.816295,31.48,2015-10-07 06:39:55,d155ba81-1aa6-4705-a2d2-fae864e0f6e4
70.251083,57.829182,31.55,2015-10-07 06:42:26,24ddb4c4-d31f-4121-8062-286a6ba10aeb
70.253183,57.841953,31.58,2015-10-07 06:44:56,facae464-91f3-413a-96af-ea2b213bb884
70.2554,57.85401,31.57,2015-10-07 06:47:27,af0f4008-f005-4460-ad65-baf66adca146
70.2577,57.86616,31.62,2015-10-07 06:49:58,10f6d66c-e6f5-4545-b680-06f60a870272
70.259833,57.87824,31.55,2015-10-07 06:52:28,566879e5-2aff-436a-afc0-ce1e4e374508
70.2617,57.889257,31.55,2015-10-07 06:54:59,cb15e76e-63ab-4d2d-8180-699b8948cc05
70.264117,57.901458,31.57,2015-10-07 06:57:30,e8362074-f6cd-4688-ab19-83d81fd2abea
70.266617,57.914287,31.61,2015-10-07 07:00:00,84948686-b31b-4652-baf7-f3af9575fe41
70.269,57.927815,31.64,2015-10-07 07:02:30,1dee4e49-39a7-4ab4-8ac4-e8d16c4d7d63
70.271317,57.940622,31.53,2015-10-07 07:05:01,6a4dc0fb-3e60-4a60-b481-4feb9548af33
70.273567,57.953302,31.2,2015-10-07 07:07:31,daf63413-dea1-4ed2-9c5a-d10b856f3741
70.275767,57.965505,31.06,2015-10-07 07:10:02,16d68e4b-5a09-46ac-81f9-4da05622affa
70.277883,57.978022,30.91,2015-10-07 07:12:32,1374f8b1-e09c-47ac-9223-85ced01fca46
70.279733,57.989778,30.82,2015-10-07 07:15:02,fa4f5f26-3b4c-45b0-911b-4fd75a08f93d
70.281733,58.001738,30.78,2015-10-07 07:17:33,17025f55-8f11-4299-8367-4870aa1bca70
70.283917,58.013958,30.85,2015-10-07 07:20:03,6b03172b-ff31-40d2-99be-fa70157cdf4d
70.286333,58.025942,30.94,2015-10-07 07:22:34,052b001b-6a7b-4944-9ab7-1553a2fa4002
70.288567,58.038553,31.0,2015-10-07 07:25:05,028aa4e6-1bfa-4f19-a92e-c2476afac2a0
70.29085,58.051492,31.1,2015-10-07 07:27:35,ad88d612-6501-4b66-8691-29f40dceec8a
70.293,58.064043,31.08,2015-10-07 07:30:05,c729d716-b7d1-4193-aac5-47d03c20679f
70.295233,58.076808,31.0,2015-10-07 07:32:36,2fccf1fd-4c0b-49da-a540-c828fce43b3d
70.2975,58.090133,30.98,2015-10-07 07:35:06,8596ed72-3490-4e0a-a52f-f6bae8a6373a
70.299617,58.102758,30.96,2015-10-07 07:37:36,709aa0ca-7678-45c9-b994-3c1e8c72b81f
70.301933,58.115838,30.96,2015-10-07 07:40:07,02ebb898-7c17-4c99-97fb-c104836ea67f
70.304217,58.128808,30.93,2015-10-07 07:42:37,0b92c0a3-f7f2-4efc-ac06-5a21e0ecce5b
70.3064,58.141828,30.94,2015-10-07 07:45:08,3ee93709-f8d5-4d00-8c2a-92726032e937
70.308533,58.154362,30.96,2015-10-07 07:47:38,0b0add0c-7b94-415b-bddf-a653b885000f
70.310933,58.167657,31.03,2015-10-07 07:50:08,2e6f050f-cc1f-48ac-8b47-55a2a311643c
70.313517,58.181088,31.13,2015-10-07 07:52:39,98527d8c-4594-4703-a77f-1f1bef1e1ecf
70.31615,58.195268,31.17,2015-10-07 07:55:09,f830af56-3a7a-4231-8408-e359f0d312dd
70.31865,58.209318,31.16,2015-10-07 07:57:40,82108fec-6cc8-49d8-aab7-5a2531c46925
70.320783,58.22307,31.09,2015-10-07 08:00:10,b1c01843-c65f-4811-8102-d2442e23e753
70.322967,58.237375,31.05,2015-10-07 08:02:41,a9297ec1-ef60-4ed3-a969-8accc36e4e39
70.325333,58.251558,31.02,2015-10-07 08:05:11,2d643ffd-5ed7-48c7-b181-dcea67df1ca1
70.327567,58.266237,31.01,2015-10-07 08:07:42,e2426463-c766-40d5-8f0d-a92f005c23e1
70.329867,58.280748,31.0,2015-10-07 08:10:12,d419ac86-8e30-4526-a9b6-32178a86dd14
70.332417,58.294925,31.0,2015-10-07 08:12:43,c61b4a70-a58a-4464-b3a7-284236461937
70.33495,58.309407,30.96,2015-10-07 08:15:13,a8406a1a-557a-43f9-97bd-40b0abe8f41b
70.337517,58.323648,31.02,2015-10-07 08:17:44,5405c9c2-d61d-42b2-91ec-cf0999ce46e8
70.340117,58.337627,31.02,2015-10-07 08:20:14,ab44b2f2-7ab9-49de-89b4-ca8275e9f3ed
70.342733,58.351787,31.0,2015-10-07 08:22:45,a13dcc44-f7a4-467d-a419-24733013e900
70.345083,58.365083,31.0,2015-10-07 08:25:15,aed7b70b-d9e0-4bb4-8f6d-a4920f6e6edd
70.347417,58.374362,31.0,2015-10-07 08:27:45,cff61bc1-c837-4026-9b26-63b63f8fb354
70.3486,58.371998,30.98,2015-10-07 08:30:16,37bb9a37-96f4-44d3-b948-49e5f955e211
70.348717,58.362823,30.95,2015-10-07 08:35:47,b4a9913a-1d5d-49f0-a134-4dfab048a035
70.34955,58.356505,30.99,2015-10-07 08:38:17,6e60d6b5-16f3-4512-b48e-f819c3ee4c8c
70.35025,58.347265,31.02,2015-10-07 08:40:47,6138a4b3-ce8b-4c14-bbc2-f871d2f85e06
70.350983,58.337218,31.04,2015-10-07 08:43:18,6e1c234d-c253-4d43-9576-7a78cb50ffb4
70.351033,58.33076,31.03,2015-10-07 08:45:49,4dfa0bcd-9c63-4efe-a149-75e6512c1f6b
70.351367,58.317462,31.05,2015-10-07 08:54:06,80f8d414-42e7-4b20-9016-4549aa09d1e5
70.352583,58.30347,31.09,2015-10-07 08:56:36,9b16e34d-8f36-4f42-b7bb-adf6a6d3d0b5
70.353883,58.284865,31.22,2015-10-07 08:59:07,ffbd2a44-dfd3-41ba-8432-43b78bf42847
70.35535,58.265307,31.15,2015-10-07 09:01:37,6f3f763a-dc05-49b9-bf78-b054782e8ea7
70.356817,58.245313,31.13,2015-10-07 09:04:07,44762d34-a15f-47df-9d0d-90080a31a1ef
70.358317,58.225473,31.19,2015-10-07 09:06:38,da523756-10ac-415f-ae5f-e4e181a082f5
70.35975,58.205885,31.22,2015-10-07 09:09:08,a6a2972d-81db-4e19-8893-a18f2575fe3e
70.361167,58.186375,31.12,2015-10-07 09:11:38,1ef51106-9539-4c20-a95e-aee7f50cd7a8
70.362683,58.16681,31.08,2015-10-07 09:14:09,86b5258a-b464-4d6c-b82e-560b4afe4a0b
70.364333,58.146955,31.12,2015-10-07 09:16:39,bb2c4a4a-6dbe-4182-863d-8293922b74ed
70.366,58.127518,31.16,2015-10-07 09:19:10,a496d414-a434-4694-9b53-24bdbafcd951
70.367667,58.10802,31.12,2015-10-07 09:21:40,9d62201a-41b6-49db-99a5-00aecc26b289
70.369283,58.088575,31.1,2015-10-07 09:24:10,a009f1a5-c879-4959-a166-c25a1012112d
70.37085,58.068907,31.09,2015-10-07 09:26:41,7d17cfe4-8c04-4102-a938-942618443240
70.372433,58.049307,31.07,2015-10-07 09:29:11,19341f2e-0e06-44a1-98a1-4b013604094f
70.373967,58.029852,31.08,2015-10-07 09:31:42,a4f80299-2872-4364-a129-c786a045fc8b
70.375583,58.010602,31.11,2015-10-07 09:34:12,0be91a9d-4cd8-4e7c-b0c6-b4c77bfa5437
70.377183,57.991158,31.09,2015-10-07 09:36:42,c24f808f-6ad2-4c63-b5ff-fb7754d14a21
70.3787,57.971858,31.07,2015-10-07 09:39:13,fba996cd-b73c-446a-9049-b9fdb1e86fe2
70.380217,57.95243,30.97,2015-10-07 09:41:43,b315cf34-849a-4e5f-8a78-fed2c00b2562
70.381533,57.933353,30.92,2015-10-07 09:44:13,54c9fbd9-1f36-4606-a605-8d33e1c82cda
70.382983,57.91481,30.86,2015-10-07 09:46:44,96cb4892-f964-47c1-b110-11ad173b9f9e
70.384483,57.895498,30.8,2015-10-07 09:49:15,9c244998-d116-4b57-883e-d5cce6b1f591
70.385933,57.876255,30.79,2015-10-07 09:51:45,a5d94c0d-6f99-4c0b-bf54-37218e95edca
70.387417,57.856715,30.76,2015-10-07 09:54:15,50384a60-8343-4983-bcd4-b6d1b1820443
70.388883,57.83716,30.73,2015-10-07 09:56:46,b5f6f432-3203-4b16-bcd5-2b68275c0cd5
70.390233,57.817428,30.73,2015-10-07 09:59:16,97e8b15b-34d6-40be-b242-343eb589f7c2
70.391483,57.797533,30.73,2015-10-07 10:01:46,6e9f0650-8261-4028-9822-7446f35acbd4
70.392783,57.777515,30.77,2015-10-07 10:04:17,97d2eb2f-8155-4956-a257-36dccdd4fb46
70.3941,57.757672,30.81,2015-10-07 10:06:47,d1d84b21-8eb6-42e5-8160-2b6b23feccde
70.395417,57.737963,30.88,2015-10-07 10:09:18,ace58295-3d11-43a5-b7dc-4766ccca72b2
70.39675,57.71826,31.0,2015-10-07 10:11:48,9e2ff80b-57f4-44b0-9fef-712408ea6201
70.398217,57.696735,31.08,2015-10-07 10:14:34,d8fb65a5-f0c4-4607-b4d9-3acc05aaf84d
70.3984,57.678007,31.19,2015-10-07 10:17:04,302bc6bd-8142-40a2-8d8b-0a501530d398
70.3931,57.672,31.34,2015-10-07 10:19:34,7246b739-afd8-47e2-96fd-da9c4c5f2e41
70.387433,57.668522,31.39,2015-10-07 10:22:05,7dc286cc-cf81-4273-aef6-a4c115c523d4
70.383367,57.666395,31.52,2015-10-07 10:24:35,0d94e6d0-bc02-42c1-bf97-430c91efc758
70.38,57.66405,31.54,2015-10-07 10:27:06,098f1c41-5b8c-4ac8-9b69-6825a2fa4381
70.376667,57.661735,31.5,2015-10-07 10:29:36,6c6cfdcf-485e-4f14-80f4-fd48856e1bda
70.37315,57.65966,31.51,2015-10-07 10:32:07,7c28e304-ff7b-4956-a3d8-39d01ad779a4
70.368283,57.657032,31.57,2015-10-07 10:34:37,64a15c62-bd1c-41bd-91d6-a9d0ac6fe8a5
70.362917,57.654193,31.57,2015-10-07 10:37:08,55817eb7-11b6-4247-b744-dbf727c0dc4b
70.357317,57.651305,31.6,2015-10-07 10:39:38,60b8c65b-7082-455f-86bc-73a55ace065e
70.351667,57.648532,31.69,2015-10-07 10:42:08,6de8c98c-a75a-4824-8ae1-412869b578d9
70.3461,57.645773,31.74,2015-10-07 10:44:39,83613268-ddc7-4a16-b821-4046d846abd2
70.3405,57.643153,31.74,2015-10-07 10:47:09,255b5d5d-1407-4f96-886b-2f094b1538c1
70.33495,57.640208,31.59,2015-10-07 10:49:40,94f9023a-2588-4b8f-a092-e177fdb174d3
70.329317,57.637335,31.51,2015-10-07 10:52:10,95fac491-c2bf-4d5e-8dee-8e4d12a25ac4
70.323767,57.634407,31.31,2015-10-07 10:54:41,eab54366-dac6-47a5-8fe7-4f7a383259a7
70.318217,57.631425,31.31,2015-10-07 10:57:11,ce3bc0d3-40aa-405b-b596-28422f0c5391
70.312717,57.628628,31.35,2015-10-07 10:59:41,93812ec4-4400-4efc-b85d-e0098c63caeb
70.3072,57.625205,31.41,2015-10-07 11:02:12,c6aa43e4-058e-4f1b-a567-c688eff8d7dd
70.301683,57.621915,31.45,2015-10-07 11:04:42,dfd01584-5667-46de-85a7-e0b919cf59ed
70.296183,57.618627,31.48,2015-10-07 11:07:13,0d5c1909-a926-4e3b-9341-702d9457569e
70.290617,57.615497,31.49,2015-10-07 11:09:43,bc89eb4b-7fb0-4020-bd8d-c7d05149f666
70.284983,57.612515,31.46,2015-10-07 11:12:14,e047e32a-a8b4-43d1-8078-a5458a367191
70.279433,57.60958,31.38,2015-10-07 11:14:44,0685f4fe-3324-432c-af28-0fc3fc39958c
70.27395,57.60642,31.36,2015-10-07 11:17:15,19cde45f-edb7-44dc-bdb1-5f140c29ca7e
70.268433,57.603343,31.34,2015-10-07 11:19:45,4bf28576-b238-45f7-8bde-edc7c49a5312
70.262983,57.600367,31.32,2015-10-07 11:22:16,8f148565-afde-4b4a-aff3-bf0d0873a704
70.257417,57.597437,31.33,2015-10-07 11:24:46,2cef3bed-2a24-48c9-a944-7fadb491dbc7
70.251867,57.594595,31.25,2015-10-07 11:27:17,7a87de6b-32f7-4c0b-8b54-f3cfb231f2fb
70.24625,57.591662,31.24,2015-10-07 11:29:47,c51fe0bc-8be9-47d5-886f-78a46e5437c8
70.24065,57.589048,31.19,2015-10-07 11:32:17,bdbe919b-962f-4a22-ae84-bf16bc555424
70.234983,57.586375,31.2,2015-10-07 11:34:48,96b3671e-aa8b-4e24-9f86-ee4068c894c8
70.229383,57.583492,31.24,2015-10-07 11:37:18,ed2a2b89-7228-4382-a717-5c9c171d2f7e
70.22385,57.580252,31.32,2015-10-07 11:39:49,1bb6b92b-e96c-41f1-aec9-0b51cb990ad5
70.218233,57.576973,31.41,2015-10-07 11:42:19,c2188325-9b6c-44f7-93a5-5c8cae8307b0
70.212717,57.573448,31.49,2015-10-07 11:44:50,b1a8b3ea-3683-4072-8844-647febe4eff9
70.208033,57.570568,31.52,2015-10-07 11:47:20,079155d7-b2ba-4cd5-9bc3-71e834034601
70.20565,57.569087,31.55,2015-10-07 11:49:51,3ba87751-b46c-40bc-a09b-652dd4864071
